title_name,Watch_Hours,Plays,Completion
Gilded Throne,35443.44,3482,72.02237219988513
The Shadows of Marseille IV,22538.22,4436,60.96909377817855
The Cipher of Madrid II,16659.995,3028,67.09818361955085
The Reckoning of Lagos II,14778.55,614,61.71726384364821
Hamburg Frequency IV,13963.478333333333,1792,70.83800223214286
Broken Toronto II,11902.905,1043,62.70479386385426
Jakarta Odyssey IV,11440.023333333333,1513,67.5095175148711
Marseille Circuit II,10967.338333333333,565,65.5753982300885
The Sanctuary of Toronto III,10844.841666666667,460,71.87847826086956
Distant Cairo III,10266.908333333333,338,70.09792899408284
Mumbai Harvest II,9948.031666666666,423,62.604728132387706
Savage Jakarta II,9023.32,428,72.07827102803738
The Reckoning of Naples II,8863.753333333334,596,68.8505033557047
Midnight Sydney III,8669.206666666667,450,55.04222222222222
Broken Heist,8601.19,1927,61.993565127140634
Brilliant Lagos II,8379.421666666667,493,62.950709939148076
Shattered Bangkok IV,8013.843333333333,405,61.837283950617284
Lagos Cipher II,7763.258333333333,1681,63.8459250446163
Endless Anatomy,6879.656666666667,600,62.54466666666667
The Paradox of Oslo,6650.568333333334,432,78.61296296296297
Neon Cairo,6573.086666666667,350,63.876285714285714
Midnight Frequency,6482.231666666667,292,72.38664383561644
The Algorithm of Sydney V,6480.71,503,73.20477137176938
The Crown of Bogota V,6258.0,121,76.05785123966942
Shattered Sydney II,6204.691666666667,218,79.64954128440367
Velvet Jakarta IV,5941.586666666667,414,70.00748792270531
Tender Lagos V,5685.403333333334,357,77.05826330532213
Lost Lisbon III,5002.65,454,70.33480176211454
Lagos Odyssey III,4958.068333333334,224,66.40535714285714
Rising Detroit III,4923.955,988,65.00647773279353
Crooked Jakarta II,4915.995,163,70.68466257668712
Shattered Sydney,4897.4783333333335,513,75.76939571150096
The Kingdom of Lisbon III,4776.735,532,62.35263157894737
Bogota Kingdom II,4754.88,297,51.31279461279461
The Syndicate of Detroit III,4575.475,266,67.89736842105263
The Garden of Oslo IV,4541.016666666666,118,81.44661016949154
Restless Kingdom,4443.865,220,72.83590909090908
Neon Istanbul II,4428.195,114,64.74035087719298
Phantom Promise,4355.776666666667,185,65.95513513513514
Tender Empire III,4345.715,159,61.00817610062892
Midnight Madrid III,4229.683333333333,691,62.4616497829233
The Tide of Oslo IV,4091.1966666666667,4358,56.32670949977054
Sydney Legacy,4082.5983333333334,228,69.76447368421053
Cairo Harvest II,4075.1916666666666,239,65.24728033472803
The Verdict of Bangkok,3999.1283333333336,258,53.57829457364341
Frozen Cairo,3949.1349999999998,244,69.7655737704918
The Verdict of Mumbai IV,3938.255,104,74.74038461538461
Restless Shadows III,3887.4066666666668,2476,67.77100161550888
The Lighthouse of Seoul III,3817.8733333333334,405,71.41259259259259
The Heist of Lisbon V,3775.9533333333334,100,68.65100000000001
Endless Odyssey II,3743.75,192,83.56302083333334
Falling River,3711.911666666667,181,66.58397790055248
The Promise of Madrid II,3648.726666666667,231,63.18571428571428
Burning Berlin,3587.173333333333,212,63.611792452830194
Reckless Seoul VI,3554.2833333333333,204,67.01225490196079
The Algorithm of Madrid II,3542.485,107,81.74485981308412
Naples Heist III,3540.2666666666664,247,69.8
Frozen Oslo IV,3530.725,114,68.82543859649122
Tokyo Verdict VI,3523.6833333333334,64,57.83125
Lost Expedition,3510.6483333333335,186,76.25967741935483
The Mirror of Detroit VI,3502.0116666666668,205,59.93707317073171
Golden Oslo,3491.7966666666666,234,61.746153846153845
Whispering Sanctuary II,3468.3,255,70.65725490196078
Sacred Harvest,3433.8116666666665,106,79.3933962264151
The Legacy of Toronto II,3387.9583333333335,426,67.97488262910798
Burning Naples II,3295.048333333333,160,71.84
The River of Cairo IV,3284.6016666666665,108,71.61851851851851
Bangkok Kingdom III,3258.193333333333,93,84.8258064516129
Last Naples IV,3253.62,160,77.4675
Bangkok Algorithm,3207.2916666666665,110,80.99363636363636
Last Lagos III,3192.528333333333,150,66.50800000000001
Glass Marseille III,3169.275,115,58.9495652173913
Reckless Ledger IV,3146.4533333333334,118,72.25762711864407
The Mirror of Istanbul,3129.463333333333,132,65.13030303030304
The Harvest of Lisbon V,3115.773333333333,90,75.9211111111111
Detroit Paradox II,3107.7,182,65.04340659340659
The Inheritance of Marseille III,3102.44,83,62.57108433734939
Golden Protocol,3070.3816666666667,270,72.12777777777778
The River of Lagos IV,3063.3533333333335,124,71.60806451612903
The Protocol of Mumbai V,3050.1033333333335,174,63.20747126436782
Cairo Kingdom IV,3046.6883333333335,72,69.60138888888889
Hollow Tokyo,3044.193333333333,281,72.21992882562277
Jakarta Verdict,3019.911666666667,132,75.25530303030304
Toronto Storm III,3019.4733333333334,90,61.0
Seoul Sanctuary V,2972.096666666667,150,86.40066666666667
Forgotten Berlin IV,2970.1966666666667,94,75.9531914893617
The Kingdom of Naples,2944.4283333333333,127,65.49370078740158
Marseille Paradox IV,2939.2116666666666,286,62.28426573426573
Oslo Crown V,2933.2916666666665,114,72.0763157894737
Sydney Sanctuary,2929.9133333333334,164,59.35426829268293
The Pact of Cairo,2907.903333333333,191,67.9696335078534
Detroit Garden,2901.2916666666665,247,60.70323886639677
The Frequency of Jakarta,2895.995,95,66.84947368421052
Scarlet Lisbon II,2895.8983333333335,168,82.08690476190476
Silent Throne,2892.3433333333332,63,73.0142857142857
Oslo Syndicate,2887.6316666666667,51,57.615686274509805
Quiet Paradox II,2886.105,257,58.034630350194554
The Inheritance of Bogota III,2881.326666666667,93,67.05913978494624
Whispering Inheritance,2872.0583333333334,134,71.44328358208955
The Affair of Sydney VII,2870.588333333333,175,64.48628571428571
Cairo Horizon II,2867.19,340,60.52382352941176
Reckless Mirror III,2832.3616666666667,170,74.38
Bitter Lagos V,2812.735,86,59.24883720930232
Cairo Anatomy,2797.1,106,73.30754716981133
The Paradox of Tokyo,2796.0466666666666,77,71.76103896103896
Last Bogota II,2785.1716666666666,107,71.50654205607476
The Reckoning of Seoul IV,2782.935,84,70.19166666666668
Berlin Promise IV,2774.1433333333334,88,75.78068181818182
Endless Pact,2758.4,128,66.309375
Golden Istanbul VI,2728.798333333333,126,56.99126984126984
Reckless Expedition II,2707.6433333333334,204,82.95196078431373
The Horizon of Istanbul VI,2705.415,101,83.7039603960396
Phantom Crown,2688.0733333333333,286,69.27762237762238
Jakarta Protocol,2683.11,129,61.9046511627907
Oslo Paradox,2676.621666666667,145,84.16344827586208
Velvet Pact III,2669.891666666667,1079,57.54355885078777
Distant Garden,2667.028333333333,316,60.289240506329115
Seoul Empire,2665.75,96,72.81666666666666
Wild Verdict II,2636.175,114,83.78508771929825
Bitter Lagos IV,2628.7683333333334,68,75.80147058823529
Velvet Sydney,2620.6866666666665,97,58.85979381443298
Shattered Mumbai II,2613.878333333333,210,70.72190476190477
Paper Sydney VII,2610.491666666667,133,60.26766917293234
Crimson Lagos,2607.6883333333335,101,80.68712871287129
The Circuit of Marseille,2593.5783333333334,106,63.55283018867925
Scarlet Sydney,2592.536666666667,89,61.58651685393258
Lost Frequency,2591.496666666667,119,63.67731092436975
Frozen Ledger IV,2589.375,269,68.753531598513
Forgotten Legacy II,2580.285,139,58.62158273381295
The Ledger of Mumbai,2572.125,142,61.6105633802817
Hollow Jakarta II,2571.69,233,62.713733905579396
Hidden Istanbul VI,2569.5266666666666,76,63.79342105263158
Savage Pact II,2567.6133333333332,1316,73.16519756838905
Gilded Cipher,2556.5916666666667,85,63.99529411764706
Frozen Affair III,2529.7366666666667,130,70.50923076923077
The Legacy of Berlin IV,2524.625,107,60.23831775700935
The Odyssey of Detroit III,2494.38,551,63.165517241379305
The Garden of Toronto,2490.5266666666666,123,81.8650406504065
The Cipher of Jakarta III,2485.8133333333335,52,73.17115384615384
Hollow Frequency II,2469.8433333333332,488,74.06618852459017
The Ledger of Bangkok V,2464.87,194,70.58505154639175
Brilliant Heist II,2438.8483333333334,171,82.28070175438596
The Circuit of Naples IV,2436.1133333333332,93,68.21182795698924
Iron Sydney V,2431.3816666666667,218,66.91651376146788
Neon Horizon,2431.17,1792,83.06171875
Endless Jakarta VII,2422.7716666666665,260,63.38846153846154
The Echoes of Istanbul,2415.4683333333332,141,66.92056737588652
Eternal Madrid II,2402.9866666666667,137,55.15985401459854
Detroit Kingdom IV,2402.5183333333334,103,56.887378640776696
Naples Tide IV,2398.52,84,73.125
Bogota Verdict,2375.991666666667,52,65.275
The Protocol of Jakarta VII,2367.785,164,66.025
Midnight Throne,2357.865,82,53.34634146341463
Jakarta Echoes IV,2355.575,82,62.81341463414634
Electric Hamburg,2344.5616666666665,265,70.21698113207547
Scarlet Madrid,2334.2616666666668,84,51.034523809523805
The Storm of Bangkok II,2322.403333333333,96,72.578125
Jakarta Shadows II,2318.5466666666666,59,61.4
The Harvest of Lisbon,2311.63,102,68.68137254901961
Iron Cipher,2311.3733333333334,168,56.61845238095238
Hidden Lisbon,2290.8366666666666,43,53.40930232558139
Lagos Requiem,2289.673333333333,55,72.28
Hamburg Ledger VI,2288.645,131,73.40534351145038
Frozen Toronto V,2279.0166666666664,87,71.4471264367816
Detroit Promise,2268.945,366,52.095901639344255
Bitter Lagos III,2259.1016666666665,83,69.19518072289156
Oslo Harvest IV,2258.4,86,66.98837209302326
Marseille Legacy,2251.4766666666665,53,57.07358490566038
Seoul Shadows III,2249.8133333333335,125,72.576
The Anatomy of Toronto,2246.4333333333334,167,77.61017964071856
Bitter Crown,2239.9766666666665,85,79.8564705882353
Tokyo Crown III,2231.7616666666668,69,71.08695652173913
Seoul Protocol II,2225.2233333333334,51,79.04509803921569
Berlin Tide,2206.5933333333332,132,68.22954545454544
Lost Berlin II,2201.8566666666666,89,59.17977528089887
Midnight Lighthouse,2195.1183333333333,176,76.04943181818182
Sydney Expedition V,2191.7516666666666,149,71.64026845637584
The Ledger of Toronto,2184.3650000000002,77,72.36493506493507
The Garden of Lagos III,2170.145,54,55.56481481481482
Bangkok Anatomy III,2162.565,106,75.0066037735849
Madrid Circuit II,2152.3,152,62.93223684210527
Silent Promise II,2151.825,66,77.62424242424242
Sacred Shadows,2148.13,106,51.698113207547166
Lagos Heist III,2147.4166666666665,147,66.40068027210884
Eternal Kingdom II,2131.8,146,74.4972602739726
Last Shadows,2124.0783333333334,124,67.70483870967742
Frozen Lisbon IV,2120.815,158,59.65506329113924
The Reckoning of Lagos III,2110.4216666666666,63,64.73650793650793
Phantom Horizon,2107.608333333333,74,71.91621621621621
Quiet Berlin,2098.693333333333,52,71.55961538461538
The Storm of Tokyo,2097.7516666666666,1366,65.34919472913616
Shattered Requiem II,2092.3166666666666,166,68.31506024096385
The Mirror of Istanbul II,2084.4783333333335,107,53.134579439252335
Whispering Syndicate,2079.02,67,75.9955223880597
The Anatomy of Sydney III,2063.6,68,60.6985294117647
Reckless River II,2057.431666666667,70,79.00571428571428
Quiet Shadows III,2050.608333333333,157,74.21910828025477
Paper Seoul,2042.425,86,69.03720930232558
Lost Detroit II,2038.1016666666667,85,77.35176470588235
Hollow Detroit IV,2026.5816666666667,56,69.2357142857143
The Echoes of Madrid,2025.4616666666666,93,62.82903225806451
The Reckoning of Marseille,2023.5533333333333,73,83.99863013698629
Distant Kingdom II,2017.9166666666667,65,76.96615384615384
The Harvest of Tokyo II,2014.085,132,50.85757575757576
Sydney Horizon,2013.0733333333333,81,69.03827160493827
Midnight Sydney IV,2010.1366666666668,116,62.78534482758621
Tokyo Syndicate V,2006.5916666666667,60,71.91666666666667
Restless Verdict,2004.965,101,72.10000000000001
Seoul Pact,1998.8183333333334,101,63.73564356435644
The Requiem of Toronto,1996.0066666666667,87,62.334482758620695
Wild Algorithm III,1995.1516666666666,66,75.32878787878788
Phantom Kingdom III,1994.1766666666667,102,71.52941176470588
The Sanctuary of Tokyo II,1984.1466666666668,73,62.29178082191781
Jakarta Circuit II,1978.2233333333334,80,62.20375
Quiet Pact II,1977.8266666666666,108,73.99351851851851
Last Promise,1971.9766666666667,81,81.51358024691359
The Verdict of Hamburg,1969.44,184,85.4
Lisbon Heist III,1967.7033333333334,61,85.33934426229509
Glass Tide III,1966.945,79,68.39620253164557
Marseille Frequency IV,1954.1983333333333,100,83.51299999999999
Marseille Requiem III,1947.8016666666667,56,72.92142857142856
Hollow Marseille,1945.7316666666666,149,76.51677852348993
Eternal Storm III,1939.5866666666666,172,62.19186046511628
Bogota Shadows VI,1934.9066666666668,166,69.38132530120481
The River of Seoul IV,1929.5566666666666,74,69.16621621621621
Wild Bogota,1928.7683333333334,93,80.0752688172043
Crimson Marseille V,1925.4216666666666,107,68.55233644859814
Tokyo Garden VI,1917.9833333333333,76,79.70263157894736
Naples Crown V,1915.17,170,52.158235294117645
The Promise of Jakarta VI,1914.725,62,72.83548387096775
Broken Bogota IV,1911.0133333333333,74,58.68783783783783
Madrid Crown V,1908.27,79,71.0493670886076
The River of Lisbon,1904.3516666666667,1359,79.3195732155997
Last Protocol,1901.84,172,69.11046511627907
The Odyssey of Bangkok,1899.4516666666666,201,54.943283582089556
Tender Bogota II,1892.5316666666665,68,51.411764705882355
The Cipher of Tokyo,1891.5733333333333,953,61.071458551941234
Jakarta Shadows,1884.52,75,79.17733333333334
Gilded Verdict,1877.6883333333333,77,81.27532467532467
Tender Lighthouse,1873.2666666666667,132,69.56363636363636
Forgotten Paradox II,1873.0766666666666,54,59.8074074074074
The Garden of Bangkok,1872.3700000000001,56,72.68928571428572
Jakarta Confession III,1869.65,80,56.588750000000005
The Verdict of Toronto,1869.6483333333333,118,67.7135593220339
Bitter Syndicate,1868.1266666666666,143,70.8055944055944
Phantom Circuit II,1863.8633333333332,557,67.8294434470377
Cairo Affair,1862.235,88,62.39431818181818
Velvet Madrid II,1861.815,1173,75.58201193520887
Forgotten Sydney V,1860.6733333333334,89,66.37191011235956
Crimson Horizon III,1856.5916666666667,51,66.18823529411765
Midnight Empire III,1855.6366666666668,79,80.53417721518987
The Departure of Bangkok II,1853.7,112,72.11785714285715
The Circuit of Marseille III,1853.5183333333334,117,69.63418803418803
The Sanctuary of Seoul,1846.965,46,63.734782608695646
Bangkok Pact IV,1832.3416666666667,125,60.6944
Crooked Bangkok,1826.8916666666667,57,67.71052631578948
Eternal Hamburg II,1825.8033333333333,54,72.25555555555556
Gilded Naples IV,1816.925,131,70.76488549618321
Restless Departure II,1816.4483333333333,47,67.09787234042552
Glass Jakarta III,1813.64,52,76.10576923076923
Lagos Sanctuary II,1802.2666666666667,83,67.33132530120481
Tender Horizon II,1798.28,44,75.82727272727273
Brilliant Bangkok,1796.1883333333333,60,71.27666666666667
The Legacy of Istanbul III,1796.0433333333333,67,64.74328358208956
Bangkok Pact VI,1795.6666666666667,46,66.38913043478261
Hollow Verdict II,1790.8016666666667,88,55.49886363636363
Restless Bogota,1787.32,76,70.0
Hidden Lagos,1787.1883333333333,97,65.80103092783504
The Legacy of Madrid II,1786.0383333333334,80,68.9
Brilliant Heist,1783.8883333333333,57,78.24736842105264
The Cipher of Toronto,1777.635,58,58.050000000000004
Electric Throne,1777.52,85,70.89176470588235
The Echoes of Cairo III,1777.3166666666666,145,74.74551724137932
Forgotten Tide II,1771.0666666666666,141,62.96241134751774
Seoul Inheritance,1767.195,52,79.90192307692307
Broken Tokyo,1763.0833333333333,105,71.45619047619047
Crimson Sydney V,1762.645,108,62.769444444444446
The River of Lagos VII,1757.3816666666667,86,65.21395348837208
Iron Promise III,1755.155,54,71.42962962962963
Bitter Tokyo II,1751.695,83,74.66746987951807
Hidden Throne,1751.2216666666666,96,76.00416666666666
Sydney Reckoning IV,1744.0216666666665,82,65.64756097560976
Frozen Detroit III,1742.4133333333334,66,59.5469696969697
Tender Protocol,1742.1466666666668,67,72.56417910447762
Seoul Empire VI,1739.3466666666666,75,84.848
The Protocol of Oslo,1737.8483333333334,128,66.55546875
Restless Tokyo III,1731.1033333333332,69,78.40144927536231
Sydney Reckoning,1730.5366666666666,61,86.23114754098361
Lagos Throne VI,1725.295,265,74.40716981132076
Phantom Hamburg II,1721.6516666666666,100,75.959
Detroit Mirror IV,1720.6533333333334,84,63.6202380952381
Mumbai Protocol III,1715.9033333333334,159,79.05911949685535
The Tide of Bangkok,1713.52,81,63.46296296296296
Bangkok Ledger,1708.1683333333333,87,79.38045977011495
Glass Confession,1707.9266666666667,57,82.31228070175439
The Mirror of Istanbul VI,1699.2116666666666,177,65.08870056497176
Reckless Frequency III,1694.4633333333334,91,62.589010989010994
Velvet Tokyo,1691.9483333333333,115,81.74260869565217
Sydney Confession III,1688.6166666666668,64,52.3546875
The Harvest of Bangkok III,1684.0933333333332,52,60.72692307692308
Marseille Frequency,1683.5133333333333,64,71.7390625
Bangkok Algorithm III,1682.8433333333332,65,71.12
Lisbon Algorithm III,1681.3783333333333,60,61.58833333333334
Mumbai Pact II,1675.03,97,64.79484536082475
The Syndicate of Bogota II,1668.5716666666667,66,54.169696969696965
Mumbai Requiem,1665.79,147,65.37619047619047
Paper Sydney IV,1663.8416666666667,283,58.793286219081274
Brilliant Reckoning,1658.1533333333334,158,83.95569620253164
Last Heist III,1656.3116666666667,151,72.96225165562913
Broken Cairo III,1653.0583333333334,63,79.5063492063492
Oslo Crown IV,1651.7033333333334,81,66.85555555555555
Phantom Requiem,1649.935,81,68.85061728395061
Crooked Madrid II,1649.29,56,77.67857142857143
Midnight Bogota,1646.475,100,54.887
The Requiem of Jakarta,1643.7233333333334,52,66.30961538461538
Madrid Empire VII,1638.5883333333334,323,64.79102167182663
Bogota Inheritance II,1633.6666666666667,127,68.42047244094488
The Anatomy of Oslo II,1633.6233333333334,107,56.40654205607477
The Storm of Jakarta,1629.02,77,67.80649350649351
Paper Storm III,1624.8616666666667,202,66.29108910891088
The Legacy of Jakarta III,1622.4866666666667,82,59.96341463414634
Naples Inheritance III,1612.2883333333334,97,76.70824742268042
Berlin Reckoning II,1608.9,91,65.6065934065934
Tender Mumbai IV,1607.75,55,63.68909090909091
Savage Lisbon,1607.1216666666667,95,50.74947368421052
Forgotten Sanctuary IV,1605.0866666666666,86,53.83720930232558
The Tide of Toronto,1590.685,180,61.656111111111116
Mumbai Departure,1590.2,173,59.69132947976879
Madrid Garden III,1589.745,94,70.47553191489361
The Storm of Naples III,1588.56,133,67.86315789473683
Bitter Pact III,1587.4566666666667,70,55.315714285714286
The Pact of Sydney V,1578.435,97,61.289690721649485
Shattered Throne III,1578.3883333333333,284,69.47288732394365
Tokyo Cipher III,1577.2583333333334,47,59.5
The Garden of Detroit II,1574.21,68,52.61470588235294
Midnight Anatomy,1571.6133333333332,152,76.58684210526316
Quiet Throne III,1569.4066666666668,156,79.84294871794872
Paper Tokyo V,1568.5116666666668,101,68.3158415841584
The Reckoning of Madrid,1563.205,82,70.59878048780489
Velvet Crown,1562.515,82,62.68048780487805
Whispering Mumbai II,1560.3366666666666,78,75.01923076923077
Bogota Cipher IV,1559.55,50,63.92
Madrid Kingdom IV,1559.165,128,65.25234375
Glass Algorithm,1556.2566666666667,111,55.30720720720721
Hidden Detroit III,1552.465,54,68.9962962962963
Cairo Mirror II,1551.425,48,69.25208333333333
The Cipher of Istanbul III,1549.84,78,71.99230769230769
The Garden of Oslo VI,1546.6033333333332,91,64.74505494505495
Eternal Naples II,1546.5166666666667,93,68.15161290322581
The Lighthouse of Cairo,1545.835,61,64.65081967213115
Endless Verdict IV,1545.1083333333333,40,75.0775
Gilded Requiem II,1543.725,467,67.00535331905782
Seoul Reckoning II,1542.8616666666667,146,57.64041095890411
Reckless Mirror,1542.3,60,74.93666666666667
Reckless Toronto,1539.2283333333332,57,81.82982456140351
Crimson Protocol II,1536.5933333333332,59,78.13559322033899
The Inheritance of Jakarta II,1530.3866666666668,45,73.13555555555556
Detroit Harvest,1526.92,66,82.92121212121212
The Horizon of Mumbai,1525.1083333333333,96,50.06145833333333
The Verdict of Lisbon II,1524.8466666666666,75,76.244
Tender Paradox II,1517.19,48,64.83749999999999
The Horizon of Madrid,1516.2716666666665,58,63.13793103448276
Whispering Jakarta III,1512.4533333333334,1346,66.75282317979197
Electric Shadows,1506.3766666666668,99,74.96060606060607
Distant Departure,1501.2766666666666,60,71.49166666666666
Wild Algorithm,1498.31,150,61.157333333333334
Iron Departure,1498.2783333333334,49,65.5204081632653
The Empire of Lagos II,1496.295,58,68.04137931034482
The Tide of Hamburg II,1495.3983333333333,51,73.92156862745098
Iron Seoul II,1495.375,43,66.7953488372093
Silent Jakarta II,1492.8983333333333,69,75.64927536231885
Rising Mumbai V,1491.8833333333334,96,69.06666666666666
The Reckoning of Toronto,1484.485,122,59.645081967213116
The Protocol of Jakarta,1479.64,49,71.89795918367346
Toronto Promise V,1478.6016666666667,141,58.257446808510636
Detroit Confession IV,1477.58,75,61.562666666666665
The Odyssey of Bogota IV,1476.5233333333333,59,65.85254237288136
Rising Bogota,1469.4766666666667,58,54.606896551724134
The Ledger of Lagos III,1468.7233333333334,57,85.88771929824561
Lisbon Lighthouse,1467.27,72,76.42222222222222
Berlin Promise V,1466.09,75,53.31333333333333
The Mirror of Hamburg II,1463.4216666666666,43,66.73488372093023
The Ledger of Tokyo,1463.3033333333333,64,73.7546875
Bogota Circuit II,1461.8483333333334,64,72.434375
Crimson Bogota III,1459.6516666666666,199,55.01105527638191
The Crown of Tokyo IV,1457.5983333333334,132,71.70909090909092
Lisbon Crown II,1457.2816666666668,54,53.5425925925926
Rising Promise,1457.1166666666666,433,61.55750577367206
Lagos Verdict IV,1448.0016666666666,78,62.717948717948715
Distant Reckoning II,1447.775,78,70.70769230769231
Tokyo Horizon II,1446.5016666666666,82,55.12560975609756
Madrid Inheritance,1441.7816666666668,44,76.38181818181819
Mumbai Requiem III,1441.615,100,84.473
Mumbai Syndicate II,1440.1733333333334,66,69.64545454545456
The Empire of Seoul IV,1436.2283333333332,132,59.35
The Harvest of Oslo II,1433.1216666666667,97,79.8618556701031
Bitter Naples,1432.735,63,64.97460317460317
Neon Sydney III,1432.4683333333332,43,71.38372093023256
The Empire of Bangkok II,1430.72,53,56.24716981132075
Whispering Horizon,1430.245,173,62.16416184971098
The Requiem of Cairo,1429.46,41,67.47560975609755
Golden Istanbul III,1428.7533333333333,61,64.7655737704918
The Lighthouse of Jakarta II,1425.0866666666666,59,69.67966101694915
Oslo Sanctuary,1424.5283333333334,46,72.44130434782609
Burning Heist,1421.105,50,82.62200000000001
The Pact of Cairo II,1420.3366666666666,41,70.69268292682926
Quiet Verdict II,1420.3066666666666,231,68.31558441558441
Istanbul Mirror III,1419.44,50,55.338
Savage Cairo,1418.665,65,76.05384615384615
Bogota Horizon II,1416.58,78,80.71538461538462
Velvet Garden V,1415.9133333333334,49,66.94081632653061
The Horizon of Toronto V,1414.8816666666667,53,55.966037735849056
Brilliant Sydney VI,1413.9983333333332,85,77.48588235294118
Savage Madrid II,1412.655,110,55.59818181818182
Eternal Lagos IV,1411.1566666666668,81,85.40493827160493
Silent Tokyo II,1410.6,87,73.69770114942528
The Pact of Naples,1410.1283333333333,48,73.69375000000001
Scarlet Inheritance,1408.1416666666667,52,56.767307692307696
Seoul Tide II,1406.27,129,77.86356589147286
Madrid Empire IV,1404.5766666666666,73,65.44657534246576
Falling Madrid,1397.905,45,64.72
The Heist of Tokyo,1395.4083333333333,114,69.74035087719298
The Echoes of Naples III,1393.255,952,65.52825630252102
Lisbon Echoes,1391.7666666666667,79,80.3240506329114
Sacred Detroit II,1391.7666666666667,63,66.94126984126984
Crimson Syndicate,1387.8466666666666,62,74.60967741935484
Tokyo Affair II,1385.4166666666667,168,67.22857142857143
The Promise of Madrid III,1385.055,58,70.23448275862069
The Harvest of Oslo,1383.1466666666668,67,73.72089552238806
Midnight Bogota II,1379.36,79,51.96708860759493
Jakarta Syndicate IV,1378.5366666666666,60,48.26833333333333
Paper Naples II,1376.83,62,61.68387096774194
The Lighthouse of Naples III,1376.395,65,68.85846153846154
Electric Departure,1375.3083333333334,56,69.96964285714286
Naples Empire V,1367.2633333333333,44,61.64545454545455
Restless Jakarta VI,1366.655,51,73.61764705882354
Burning Mumbai II,1365.6966666666667,87,73.58505747126436
The Verdict of Lagos,1364.4733333333334,56,74.06071428571428
Sydney Ledger VI,1364.0766666666666,100,54.126000000000005
The Shadows of Marseille,1364.0433333333333,119,58.483193277310924
The Throne of Lagos,1362.9950000000001,101,58.84356435643564
Toronto Horizon,1362.5133333333333,48,78.85416666666667
The Expedition of Toronto III,1362.4566666666667,224,62.066517857142856
Madrid Mirror,1362.2516666666668,104,68.93942307692308
Iron Bogota,1360.67,98,66.12142857142857
Glass Bangkok II,1360.4783333333332,74,64.88783783783784
Hamburg Anatomy III,1358.13,61,75.89508196721312
Phantom Hamburg,1356.1266666666666,56,74.74821428571428
Berlin Departure VI,1353.0216666666668,86,56.99883720930232
Tokyo Shadows III,1352.9166666666667,207,68.79516908212561
Frozen Naples III,1351.4783333333332,97,77.76288659793815
Glass Marseille II,1351.1366666666668,92,70.61086956521739
Jakarta River II,1349.4833333333333,50,61.108000000000004
Bogota Syndicate II,1347.12,54,77.96111111111111
The Ledger of Jakarta VII,1345.7183333333332,181,66.32265193370165
Sacred Bogota III,1344.98,57,67.41754385964913
Madrid Legacy,1343.4166666666667,74,76.92162162162163
Sydney Confession II,1343.4116666666666,50,70.712
Marseille Heist IV,1343.1783333333333,50,69.95
Bangkok Throne,1342.12,42,84.08571428571429
The Mirror of Cairo II,1341.04,112,59.86875
Scarlet Inheritance II,1340.4516666666666,103,85.61844660194176
Paper Mumbai,1339.5566666666666,56,66.44464285714285
The Cipher of Marseille II,1337.09,63,54.13968253968254
Glass Istanbul III,1335.8416666666667,53,70.50377358490566
Neon Anatomy III,1332.9833333333333,48,81.20625
Distant Istanbul II,1331.8266666666666,77,83.16103896103895
Oslo Circuit II,1329.6333333333334,60,67.835
Berlin Paradox III,1328.9816666666666,217,64.46866359447004
The Syndicate of Bangkok,1325.3233333333333,59,60.059322033898304
Detroit Pact III,1320.5416666666667,104,73.82211538461539
The Protocol of Mumbai II,1319.1483333333333,111,66.57837837837837
Golden Naples II,1315.4766666666667,77,81.35324675324675
Midnight Madrid,1315.3366666666666,48,46.97291666666666
Eternal Tide III,1314.8816666666667,48,64.45833333333333
Paper Confession VI,1313.42,67,83.77761194029851
Silent Tokyo IV,1313.4033333333334,54,64.85925925925926
The Harvest of Jakarta II,1312.465,49,62.72653061224489
Lagos Odyssey II,1308.445,216,68.83518518518518
Electric Requiem II,1308.1583333333333,71,69.09859154929578
Falling Jakarta III,1307.1166666666666,51,56.950980392156865
Rising Horizon,1305.2933333333333,51,69.55294117647058
Bogota Expedition IV,1304.69,1151,69.39999999999999
The Cipher of Toronto II,1302.5016666666666,82,65.77682926829269
Toronto Requiem,1300.825,44,64.40681818181818
Forgotten Mumbai V,1299.6716666666666,78,68.66025641025641
Hidden Naples III,1299.0433333333333,87,86.14252873563218
Neon Protocol,1298.4533333333334,56,73.60892857142858
Neon Shadows,1298.1583333333333,49,78.85102040816327
Seoul Affair,1297.8233333333333,70,84.08571428571429
Reckless Oslo III,1297.2116666666666,63,74.23968253968255
The Throne of Berlin II,1296.095,48,64.09166666666667
Velvet Cairo,1294.6033333333335,47,62.46170212765957
Bangkok Empire,1292.6766666666667,42,56.719047619047615
Last Seoul IV,1292.2433333333333,57,82.5859649122807
Velvet Marseille II,1290.8133333333333,58,56.77758620689655
Sydney Circuit II,1288.0583333333334,80,75.94624999999999
The Echoes of Madrid III,1285.8816666666667,75,62.12266666666667
Jakarta Requiem,1285.6066666666666,51,64.64117647058823
Seoul Storm III,1282.7183333333332,73,86.12739726027398
Bitter Sydney IV,1281.9933333333333,115,64.31478260869565
Silent Storm III,1280.72,186,73.77688172043011
Frozen Cipher III,1279.0416666666667,74,45.18378378378378
The Kingdom of Cairo III,1276.6566666666668,50,78.572
The Kingdom of Bangkok IV,1274.0966666666666,112,76.86696428571429
Distant Oslo II,1273.6416666666667,50,69.036
Marseille Empire,1271.295,44,55.56363636363637
Wild Bogota III,1269.5133333333333,47,58.93191489361703
Gilded Lighthouse,1269.3783333333333,54,64.7611111111111
The Protocol of Madrid,1266.5666666666666,50,65.968
Gilded Heist,1266.4616666666666,138,59.85217391304348
The Verdict of Sydney III,1264.37,69,66.63333333333333
The Algorithm of Toronto III,1261.4016666666666,46,71.22826086956522
Oslo Tide V,1261.245,98,79.4438775510204
Savage Lighthouse II,1260.8616666666667,151,64.48476821192054
Bangkok Mirror II,1252.945,52,71.74615384615385
Falling Seoul VI,1252.9233333333334,47,68.00425531914894
Shattered Marseille II,1252.5666666666666,104,60.2201923076923
Tender Berlin IV,1250.235,60,55.269999999999996
The Pact of Tokyo,1249.0666666666666,61,67.4983606557377
Golden Toronto V,1247.22,74,71.72567567567567
Forgotten Istanbul IV,1246.5983333333334,83,59.87710843373494
The Expedition of Hamburg IV,1246.505,112,75.19464285714285
Savage Mumbai,1245.7633333333333,36,74.025
Bangkok Storm,1244.8016666666667,38,64.73947368421052
Crooked Tide III,1243.26,84,73.08214285714286
The Reckoning of Detroit,1241.3016666666667,165,73.76121212121213
Wild Cairo,1240.92,52,67.06538461538462
The Protocol of Cairo IV,1240.3933333333334,83,65.92650602409638
The Algorithm of Marseille III,1239.78,57,66.0421052631579
Rising Storm,1236.8716666666667,818,71.43716381418093
Electric Marseille IV,1236.695,54,50.32592592592592
Rising Confession,1236.3083333333334,117,78.26837606837607
Hollow Jakarta IV,1234.9966666666667,54,61.15185185185185
Burning Lisbon IV,1234.3716666666667,51,75.99215686274509
The Legacy of Toronto III,1234.2183333333332,57,67.10701754385964
Paper Departure,1233.6366666666668,81,62.42345679012346
Mumbai Lighthouse II,1230.7183333333332,48,61.04791666666667
Forgotten Affair,1230.1533333333334,80,75.8725
Burning Madrid II,1229.9566666666667,794,72.05012594458438
Forgotten Istanbul II,1227.6566666666668,54,78.94074074074075
Brilliant Tokyo IV,1226.6033333333332,42,62.73571428571429
Midnight Detroit,1226.1116666666667,68,63.045588235294126
The Heist of Lisbon II,1224.1283333333333,45,72.38666666666667
Brilliant Ledger,1222.56,53,68.65283018867925
Lagos Shadows,1221.9566666666667,58,58.52413793103448
Golden Lagos,1220.3533333333332,41,73.12682926829268
Lagos Confession,1220.175,84,67.24880952380951
Golden Verdict,1218.7116666666666,80,57.1225
Reckless Jakarta,1217.2466666666667,206,65.65339805825244
Wild Tokyo,1215.7766666666666,45,64.06888888888889
Brilliant Ledger II,1214.2566666666667,79,68.62151898734177
The Legacy of Lagos III,1212.2383333333332,110,47.91818181818182
Phantom Throne II,1211.5433333333333,267,73.58352059925093
Cairo Horizon V,1210.1333333333332,49,76.9795918367347
Savage Lighthouse III,1206.49,93,76.31182795698925
Hollow Toronto III,1205.7783333333334,112,74.76428571428572
Reckless Seoul V,1205.6466666666668,75,63.044000000000004
Restless Algorithm,1203.8700000000001,54,71.4574074074074
Distant Toronto,1202.595,52,65.89038461538462
Rising Lighthouse II,1201.39,183,74.03825136612022
Midnight Reckoning,1201.0316666666668,704,70.59446022727273
Scarlet Garden IV,1200.7366666666667,106,70.79811320754717
The Odyssey of Toronto,1199.06,74,62.32297297297297
Madrid Empire II,1196.7966666666666,163,73.42147239263804
Hidden Paradox III,1196.67,90,66.25999999999999
The Tide of Hamburg,1196.655,40,63.315
Rising Expedition,1195.68,202,67.26386138613861
Naples Empire IV,1194.6666666666667,62,78.96451612903226
Istanbul Circuit II,1194.0,90,75.81111111111112
The Heist of Jakarta II,1192.2383333333332,968,80.32572314049587
Lisbon Paradox,1192.0983333333334,84,53.352380952380955
Distant Promise,1191.4783333333332,53,79.72452830188679
Naples Requiem,1189.7666666666667,86,67.81511627906977
Whispering Promise,1188.98,89,84.82022471910112
Crooked Legacy II,1186.675,34,67.44411764705882
Glass Sanctuary II,1185.5366666666666,58,69.52241379310345
Istanbul Tide IV,1185.1733333333334,67,85.04626865671642
Crimson Naples IV,1185.1183333333333,57,77.14912280701755
Restless Heist,1184.3,123,68.77642276422765
Hollow Tokyo IV,1184.075,64,64.2390625
Reckless Affair II,1182.0433333333333,89,52.70337078651686
Whispering Requiem,1181.1266666666668,54,74.14999999999999
Wild Frequency,1181.0833333333333,56,57.93928571428571
Iron Seoul,1176.49,76,56.08289473684211
The Verdict of Tokyo III,1175.91,74,60.53243243243243
Crimson Shadows III,1175.4616666666666,68,61.154411764705884
Silent Oslo III,1170.3933333333334,59,75.91016949152542
Madrid Kingdom II,1169.9,47,59.5531914893617
Scarlet Oslo II,1169.5433333333333,49,58.453061224489794
Neon Shadows V,1168.5416666666667,48,59.28125
Bitter Ledger III,1168.325,181,60.51657458563536
Seoul Echoes III,1168.0083333333332,64,63.3640625
Hollow Odyssey,1165.5066666666667,67,71.0044776119403
The Promise of Tokyo,1165.4783333333332,36,68.01944444444445
Whispering Toronto II,1165.24,60,66.05833333333334
Detroit Circuit II,1163.5416666666667,83,48.90120481927711
The Storm of Sydney II,1162.7016666666666,74,84.16756756756756
Electric Inheritance III,1162.4316666666666,57,61.987719298245615
Restless Circuit,1162.4316666666666,98,54.954081632653065
The Pact of Istanbul II,1160.72,40,74.24249999999999
Silent Protocol,1160.385,69,80.07826086956521
The Expedition of Jakarta,1155.0616666666667,58,52.06206896551724
Crimson Berlin,1154.9883333333332,67,71.8223880597015
Istanbul Sanctuary,1154.475,42,74.09285714285714
Bogota Anatomy III,1153.7133333333334,84,63.582142857142856
The Requiem of Oslo III,1153.3016666666667,68,75.37647058823529
Lost Hamburg II,1152.77,72,69.76527777777778
Detroit Protocol,1151.8533333333335,87,78.8103448275862
Oslo Garden V,1151.675,49,69.95102040816326
The River of Toronto II,1151.5816666666667,77,67.98051948051948
Burning Harvest,1150.9583333333333,42,70.80714285714286
The Throne of Istanbul,1149.2466666666667,51,73.17058823529412
Mumbai Syndicate,1146.4950000000001,57,69.83333333333333
The Confession of Detroit II,1146.3883333333333,52,62.275000000000006
Tokyo Confession III,1145.8266666666666,73,63.158904109589045
The Garden of Berlin,1144.6333333333332,50,62.214
Endless Mumbai IV,1141.2133333333334,50,70.88600000000001
Lisbon Horizon II,1141.1633333333334,42,52.25238095238095
Lagos Confession IV,1141.0983333333334,65,66.49846153846153
Cairo Lighthouse II,1140.9083333333333,70,79.50714285714285
Savage Detroit VII,1138.93,118,61.99322033898305
Jakarta Storm III,1137.8683333333333,89,63.9247191011236
The Reckoning of Tokyo VI,1137.8233333333333,42,66.50714285714287
The Odyssey of Berlin,1137.4316666666666,60,69.36
Distant Departure II,1134.6233333333334,103,69.94563106796116
Forgotten Detroit IV,1132.675,53,72.85471698113209
The Legacy of Bangkok II,1131.275,84,69.96428571428571
Marseille Departure,1130.7633333333333,62,67.54838709677419
Broken Throne II,1129.8733333333332,70,77.59857142857142
Scarlet Circuit II,1129.835,58,66.41379310344827
Jakarta Lighthouse II,1129.2583333333332,144,81.68541666666667
Frozen Berlin IV,1128.7916666666667,47,51.368085106382985
Cairo Algorithm II,1128.2533333333333,93,65.22365591397849
Golden Marseille III,1127.5733333333333,85,65.78588235294117
Scarlet Naples III,1126.5716666666667,120,69.03166666666667
The Algorithm of Oslo,1126.46,59,75.7677966101695
Tokyo Kingdom IV,1124.5983333333334,115,66.52782608695652
The Echoes of Lisbon II,1123.1183333333333,55,56.72
Restless Bangkok II,1122.9233333333334,74,60.862162162162164
Golden Toronto III,1121.7433333333333,112,78.24374999999999
Neon Shadows II,1121.4466666666667,79,83.50379746835443
Jakarta Ledger,1121.0733333333333,53,77.38490566037736
Neon Requiem,1120.36,49,64.86530612244898
Marseille Throne IV,1119.495,122,68.82295081967213
Berlin Storm III,1117.94,69,65.95217391304348
Sydney Harvest II,1117.3466666666666,67,62.53731343283582
Frozen Marseille IV,1116.7766666666666,49,69.06326530612245
Frozen Seoul III,1116.125,102,70.14411764705882
The Echoes of Oslo IV,1115.9316666666666,56,77.64107142857142
Tokyo Inheritance IV,1115.8916666666667,46,66.1608695652174
Toronto Requiem VII,1115.1033333333332,148,59.81351351351351
Silent Circuit II,1114.3033333333333,60,56.275
The Pact of Tokyo III,1114.025,59,62.93898305084746
The Crown of Istanbul,1112.82,55,70.26
The Shadows of Marseille V,1112.65,63,65.40952380952382
Detroit Mirror V,1112.075,48,56.16458333333333
Phantom Shadows,1109.77,41,70.48780487804878
Jakarta Throne III,1109.485,261,70.844061302682
Shattered Algorithm,1107.25,43,52.34186046511628
Seoul Harvest III,1106.3983333333333,66,69.8469696969697
The Affair of Lagos IV,1106.2916666666667,59,62.498305084745766
Tokyo Ledger IV,1102.7283333333332,177,64.89774011299434
Bangkok Ledger III,1101.2133333333334,60,62.961666666666666
The Affair of Oslo II,1100.0883333333334,58,61.98103448275862
Lagos Promise II,1099.365,145,84.24620689655173
The Harvest of Lagos II,1098.9483333333333,35,61.165714285714294
Neon Seoul II,1097.1383333333333,80,55.97625000000001
Savage Circuit,1096.3283333333334,53,66.91320754716982
The Protocol of Sydney,1093.04,58,61.449999999999996
Neon Heist,1092.2066666666667,39,71.8025641025641
Hollow Detroit III,1091.5433333333333,66,77.52424242424243
Tokyo Pact III,1090.2133333333334,60,58.99666666666667
Toronto River,1089.565,110,71.43090909090908
Marseille Affair II,1089.2016666666666,66,66.00909090909092
Distant Storm,1088.885,46,73.97173913043478
Seoul Crown IV,1087.5,50,59.316
Sydney Ledger II,1086.1516666666666,49,63.326530612244895
The Tide of Bogota II,1086.0866666666666,91,81.1912087912088
Eternal Storm,1085.3566666666666,57,70.65438596491228
Savage Lisbon III,1085.3516666666667,60,63.983333333333334
Falling Madrid III,1085.175,42,70.47142857142858
Forgotten Requiem,1084.2983333333334,46,61.62173913043478
Quiet Lisbon,1083.3066666666666,59,72.85932203389831
Restless Throne II,1082.29,69,71.2927536231884
Naples Echoes V,1082.1716666666666,117,59.29230769230769
The River of Istanbul IV,1080.9216666666666,87,69.34712643678161
Naples Empire,1080.185,69,63.25072463768116
Crimson Detroit,1079.3433333333332,53,44.26792452830188
The Empire of Bangkok III,1079.3016666666667,46,67.03260869565217
Oslo Horizon II,1077.3733333333332,96,59.69479166666667
Madrid Circuit,1076.3216666666667,57,54.46491228070175
Quiet Ledger,1075.99,138,79.56449275362318
Phantom Odyssey,1075.9516666666666,56,63.20357142857143
Brilliant Anatomy III,1075.075,39,68.06923076923077
Hidden River III,1075.0566666666666,52,65.56346153846154
Brilliant Algorithm,1070.6466666666668,43,64.38837209302325
Hollow Madrid IV,1069.845,389,73.66786632390745
Berlin Lighthouse,1069.3816666666667,118,60.68728813559322
Endless Requiem,1068.6616666666666,116,80.10775862068965
Eternal Reckoning II,1067.9783333333335,44,52.00909090909091
Sacred Tokyo II,1067.4366666666667,281,59.35729537366549
Bitter Affair,1064.4433333333334,65,70.59076923076923
Eternal Mumbai VI,1064.4433333333334,68,63.89264705882353
Endless Confession,1063.6483333333333,107,74.00093457943925
Silent Naples,1061.3333333333333,46,54.28478260869565
Madrid Mirror II,1061.1883333333333,56,63.449999999999996
The Heist of Sydney,1060.8166666666666,590,69.15423728813559
Savage Heist III,1060.81,59,67.43050847457627
The Cipher of Seoul,1060.7566666666667,69,66.8391304347826
Tender Lagos,1060.24,50,73.12
Whispering Detroit IV,1059.45,28,81.08214285714287
The Lighthouse of Lisbon,1056.6316666666667,44,48.52045454545455
Golden Inheritance,1056.425,110,68.92818181818183
The Throne of Lagos II,1056.4066666666668,46,62.63260869565217
The Mirror of Oslo,1056.2983333333334,63,76.04285714285714
Quiet Lighthouse,1056.025,58,65.01896551724138
Glass Frequency III,1055.0583333333334,79,62.605063291139246
Jakarta Promise II,1055.0183333333334,45,53.89777777777778
Endless Bogota,1054.9033333333334,88,76.8465909090909
Naples Crown III,1054.2066666666667,59,60.16271186440678
Burning Toronto,1052.245,76,57.68815789473685
Endless Detroit,1051.8233333333333,39,70.23076923076923
Sacred Bogota II,1050.175,55,67.71090909090908
Midnight Marseille II,1048.52,48,65.01458333333333
Oslo Kingdom III,1048.1483333333333,56,62.39107142857143
Forgotten Verdict,1047.6,66,54.27424242424242
Gilded Naples,1046.78,55,87.84181818181818
The Promise of Berlin IV,1046.205,97,74.9
The Circuit of Oslo III,1045.305,49,54.465306122448986
Madrid Crown VII,1043.295,152,66.24407894736842
Sydney Syndicate II,1042.9016666666666,51,72.9
Forgotten Lisbon,1041.9016666666666,100,62.018
The Algorithm of Tokyo,1041.4,61,63.22950819672131
Falling Throne V,1041.1983333333333,112,51.646428571428565
Crimson Istanbul II,1040.98,48,68.34375
Neon Bogota VI,1039.6333333333332,50,60.272
The Ledger of Sydney II,1039.625,47,61.95744680851064
Paper Bangkok II,1037.6516666666666,77,67.15584415584415
Crooked Detroit IV,1037.0049999999999,59,71.0135593220339
Sacred Affair II,1035.975,105,72.5447619047619
Paper Tokyo IV,1035.8833333333334,54,66.60925925925926
The Shadows of Madrid II,1034.3116666666667,70,65.67571428571429
Golden Istanbul,1033.2333333333333,86,64.76976744186047
Burning Naples V,1032.9983333333332,61,70.56229508196722
The Paradox of Cairo II,1032.3616666666667,90,65.17777777777778
Paper Confession IV,1032.055,51,77.8313725490196
Falling Reckoning,1031.27,57,71.79473684210527
Hidden Naples IV,1030.5,52,64.09807692307692
Eternal Tokyo II,1030.2683333333334,92,62.21304347826087
Velvet Horizon,1030.225,46,73.66956521739131
Jakarta Reckoning IV,1029.9,141,73.77517730496453
Jakarta Sanctuary II,1029.8783333333333,51,64.03333333333333
Scarlet Departure,1026.6733333333334,66,72.01666666666667
The Storm of Detroit II,1025.3733333333334,50,78.87
Gilded Requiem,1025.0183333333334,54,84.35740740740741
Eternal Sydney III,1024.2816666666668,45,69.66666666666667
Shattered Cipher II,1023.3833333333333,43,74.18139534883721
The Odyssey of Toronto VI,1023.12,44,57.83863636363637
Detroit Mirror,1022.3866666666667,135,63.10592592592592
Bogota Mirror III,1022.3533333333334,52,76.80576923076923
Crooked Sydney II,1021.6116666666667,58,60.050000000000004
Forgotten Berlin III,1021.0333333333333,46,76.10217391304347
Bogota Echoes II,1020.6866666666667,49,62.48571428571429
Tender Tokyo II,1020.335,103,75.80970873786407
Falling Legacy II,1019.85,40,65.0375
Broken Algorithm II,1019.3916666666667,49,60.82857142857143
Shattered Promise II,1019.0266666666666,56,72.54642857142856
Mumbai Heist III,1018.2816666666666,69,48.12608695652174
Naples Anatomy VI,1017.575,39,67.94871794871794
Mumbai Heist II,1015.9116666666666,62,63.019354838709674
Gilded Confession,1015.6933333333333,52,61.81153846153846
Mumbai Shadows III,1015.0416666666666,65,60.83384615384615
Forgotten Lagos,1014.505,82,68.41707317073171
The Shadows of Naples,1014.15,45,60.26
Sacred Odyssey,1012.4583333333334,44,71.75909090909092
The Tide of Tokyo IV,1011.46,48,87.81041666666665
The Reckoning of Detroit IV,1010.0733333333334,562,75.94110320284697
Tender Lagos II,1009.9666666666667,62,79.33225806451614
Lagos Confession II,1009.2616666666667,30,77.10333333333332
Oslo Departure,1008.81,58,56.470689655172414
Silent Requiem,1008.2316666666667,56,81.83928571428571
Wild Requiem,1007.9933333333333,66,69.26212121212122
Distant Odyssey II,1005.4566666666667,56,52.808928571428574
Velvet Seoul III,1005.2766666666666,58,67.08965517241379
Broken Bogota,1005.2716666666666,46,63.49347826086956
Crimson Bogota II,1002.1166666666667,152,73.25197368421053
Hollow Lagos III,1001.8233333333334,889,53.239820022497184
Mumbai Kingdom II,1000.5633333333334,60,56.72
Seoul Harvest VI,998.7833333333333,111,68.17027027027027
Oslo Verdict II,998.41,86,56.627906976744185
The Tide of Mumbai III,998.1033333333334,57,56.11929824561404
Paper Berlin II,997.42,82,70.71463414634147
The Odyssey of Marseille II,997.16,54,55.39259259259259
The Inheritance of Istanbul,996.0600000000001,56,73.29642857142858
Tender Toronto II,995.675,76,44.66315789473684
Lost Marseille IV,995.4083333333333,136,73.92720588235295
The Legacy of Naples III,995.3916666666667,52,51.27307692307692
Scarlet Protocol,995.3483333333332,46,53.426086956521736
Whispering Protocol II,994.2783333333333,56,69.35357142857143
Paper Seoul IV,994.2366666666667,52,72.42692307692309
Hollow Crown,993.995,603,74.3625207296849
The Storm of Istanbul III,993.6333333333333,53,65.39999999999999
Forgotten Naples VI,990.64,77,68.43766233766233
Savage Bangkok II,989.2816666666666,96,78.06875000000001
Naples Tide II,988.025,134,81.92910447761194
The Circuit of Toronto,987.95,70,63.0
Burning Tide,987.7483333333333,71,73.99859154929577
The Horizon of Naples,987.4816666666667,56,55.56785714285714
The Requiem of Marseille IV,987.4216666666666,42,58.77619047619047
Mumbai Circuit IV,986.2783333333333,44,60.040909090909096
The River of Cairo V,985.9333333333333,57,66.53333333333333
The Verdict of Lagos III,985.8633333333333,41,64.89268292682927
Paper Garden IV,984.6633333333333,64,62.8
The Crown of Jakarta II,984.585,667,78.37811094452773
The Legacy of Naples,983.9966666666667,90,69.41333333333333
Oslo Paradox III,983.6083333333333,51,67.6686274509804
Forgotten Garden II,983.3316666666667,98,53.74897959183673
Restless Istanbul III,982.8116666666666,145,76.43655172413793
Electric Lagos IV,982.7083333333334,59,80.07796610169493
Hidden Heist,981.9516666666667,114,68.35877192982456
Bogota Pact II,980.5283333333333,110,63.665454545454544
Mumbai Tide IV,980.3916666666667,47,52.1468085106383
The Affair of Bogota,979.265,116,65.95689655172414
Hollow Horizon,979.025,43,53.57209302325581
Bitter Shadows,978.7066666666667,47,68.83829787234043
Rising Mumbai VI,977.5866666666667,67,64.84925373134328
Quiet Reckoning II,977.4816666666667,54,57.770370370370365
Glass Legacy III,975.39,262,69.80152671755725
Bitter Jakarta,973.6433333333333,69,66.14347826086956
Tender Syndicate,972.5283333333333,50,63.562
Lisbon Protocol VII,971.6166666666667,99,78.85959595959596
The Inheritance of Seoul IV,971.4266666666666,49,71.83265306122449
The Harvest of Lisbon III,970.9616666666667,69,67.00434782608696
Naples Horizon II,968.4233333333333,44,58.559090909090905
Electric River,967.3116666666666,64,73.1296875
Marseille Lighthouse,966.4933333333333,51,58.49411764705882
Midnight Harvest,965.685,53,70.08490566037736
Detroit Garden IV,965.6833333333333,54,66.3537037037037
Gilded Toronto IV,964.3016666666666,64,68.33125
Crooked Hamburg IV,964.04,91,64.5945054945055
Hamburg Shadows IV,963.7466666666667,44,63.675
Hamburg Empire IV,963.105,38,55.413157894736834
The Departure of Cairo II,962.3516666666667,122,63.10573770491803
Restless Jakarta V,962.2833333333333,56,73.43571428571428
Falling Expedition II,961.5183333333333,54,81.18518518518519
The Affair of Bogota V,961.4883333333333,49,79.98163265306123
Sacred Madrid III,960.77,37,61.23513513513513
The Ledger of Istanbul,960.2716666666666,82,78.06951219512194
Wild Ledger II,959.0483333333333,67,68.8179104477612
Sacred Verdict,958.4916666666667,51,74.91960784313726
Crooked Lighthouse II,957.8616666666667,181,65.74088397790055
The Horizon of Seoul,957.7533333333333,69,65.0623188405797
Istanbul Anatomy,957.5683333333333,78,67.08076923076923
Electric Storm,955.0,60,79.58166666666666
Forgotten Pact,953.975,83,67.34457831325301
Shattered Istanbul IV,953.4633333333334,50,63.036
Lisbon Sanctuary,953.3783333333333,94,68.99574468085106
Paper Heist II,953.19,48,53.38333333333333
The Promise of Oslo II,952.9616666666667,53,55.841509433962266
Madrid Odyssey VI,951.3183333333333,143,76.75804195804196
Savage Legacy II,951.1483333333333,64,77.4015625
Silent Sanctuary II,950.3466666666667,59,71.59661016949153
Hidden Paradox II,949.5866666666667,145,75.85586206896552
Wild Sydney II,949.5716666666667,57,67.90877192982457
The Mirror of Istanbul V,949.4833333333333,57,69.40701754385965
The Sanctuary of Lagos III,948.1850000000001,70,63.89142857142857
Electric Reckoning,948.0583333333334,37,65.14324324324325
Bitter Berlin II,947.6733333333333,73,69.05342465753424
Brilliant Empire,947.385,68,65.51176470588236
Silent Bangkok II,946.7083333333334,64,85.3453125
Eternal Tokyo VI,945.4133333333333,55,59.96181818181818
Savage Syndicate II,943.2516666666667,114,64.63947368421053
Electric Istanbul III,942.53,82,65.30731707317074
Seoul Anatomy,942.1800000000001,77,58.26623376623377
Burning Jakarta III,940.2133333333334,36,67.54166666666667
Quiet Reckoning,937.96,74,84.21486486486486
The Anatomy of Detroit III,937.5616666666666,91,55.19450549450549
Sacred Horizon III,937.3833333333333,63,74.39682539682539
Sacred Berlin III,936.8516666666667,52,56.15576923076923
The Storm of Detroit,935.6766666666666,53,72.95283018867924
Toronto Sanctuary,935.0283333333333,51,77.02941176470588
Lost Bangkok II,933.61,49,68.70204081632653
The Storm of Mumbai IV,932.2566666666667,40,71.35
Tender Algorithm IV,931.65,44,77.22727272727273
Bangkok Crown II,930.6516666666666,64,65.5046875
The Protocol of Marseille,930.315,48,79.1125
Marseille Legacy II,929.3783333333333,819,73.21111111111111
Distant Istanbul,929.3366666666667,40,69.1425
Forgotten Tide III,928.2166666666667,54,72.12037037037037
Hamburg Ledger,927.8816666666667,56,71.41785714285714
Sydney Frequency,927.2016666666667,43,67.38139534883722
Falling Oslo,926.6366666666667,46,62.16304347826087
Eternal Tokyo,926.5266666666666,49,76.40612244897959
Hidden Tokyo V,926.5216666666666,89,84.86292134831461
The Pact of Mumbai,925.7733333333333,57,66.56315789473685
Jakarta Harvest III,925.7366666666667,101,71.61287128712871
The Tide of Hamburg IV,925.2583333333333,88,60.42727272727273
Savage Storm III,925.05,93,59.678494623655915
The Expedition of Bangkok,924.975,47,65.6
Endless Seoul,924.7783333333333,136,69.74264705882354
Frozen Paradox II,924.175,63,70.86507936507937
Istanbul Throne,923.4083333333333,51,70.73333333333333
The Affair of Jakarta,922.875,56,73.56964285714285
Phantom Throne III,922.6266666666667,53,57.549056603773586
The Horizon of Bogota II,921.5,70,70.52285714285715
Savage Bogota V,921.3016666666666,69,68.12608695652173
Golden Requiem,919.085,35,79.56857142857143
The Horizon of Hamburg III,919.0516666666666,80,61.541250000000005
Berlin Empire IV,918.93,43,83.25813953488372
Bitter Requiem III,918.9083333333333,37,82.78918918918919
Restless Mirror,917.7716666666666,49,64.59183673469387
Hidden Storm,916.7633333333333,64,69.30625
Silent Crown,914.425,47,54.04680851063829
Glass Affair,914.1666666666666,84,63.641666666666666
Seoul Odyssey III,913.9133333333333,45,49.94222222222223
Hamburg Lighthouse,911.9816666666667,94,73.50106382978724
The Cipher of Bogota II,911.9566666666667,87,60.47701149425287
Crimson Odyssey IV,911.805,45,67.53777777777778
Lagos Expedition,911.1033333333334,49,62.81836734693877
Oslo Garden IV,910.0883333333334,55,55.156363636363636
Frozen Istanbul,909.5816666666667,62,68.71612903225807
Hidden Seoul II,909.115,58,62.21034482758621
Paper Odyssey II,905.9833333333333,48,76.93958333333333
Velvet Shadows II,905.9033333333333,113,60.73362831858407
Paper Paradox II,905.2783333333333,57,72.19122807017543
Toronto Anatomy II,904.815,78,64.44487179487179
Silent Toronto III,902.46,45,60.77333333333334
The Syndicate of Toronto III,901.895,122,66.00327868852459
The Lighthouse of Toronto,901.8016666666666,81,53.02098765432098
Quiet Anatomy III,899.955,53,64.23962264150943
The Expedition of Oslo,899.21,52,75.84807692307692
The Promise of Lagos II,898.92,593,72.1839797639123
Velvet Anatomy III,898.74,82,71.09146341463415
The Verdict of Detroit,897.4683333333334,63,68.15714285714286
Reckless Shadows II,897.23,51,77.33529411764705
Frozen Bogota,896.7483333333333,143,70.99230769230769
The Algorithm of Marseille,896.2116666666667,49,81.89591836734694
The Kingdom of Istanbul III,896.2016666666666,58,56.949999999999996
The Syndicate of Oslo VI,895.0283333333333,51,62.680392156862744
The Throne of Sydney III,894.865,40,67.79249999999999
Naples Affair III,894.8216666666666,60,59.495
Seoul Heist II,893.975,43,61.87441860465116
The Empire of Bangkok IV,893.3683333333333,102,71.21176470588236
Cairo Crown,892.8683333333333,62,73.85483870967742
The Horizon of Toronto IV,892.2533333333333,72,56.325
Golden Hamburg,889.1933333333334,72,52.925
Restless Lisbon III,889.135,51,78.65294117647059
Bogota Departure,888.7566666666667,82,56.30731707317073
Paper Algorithm III,888.3816666666667,109,73.54036697247706
The Mirror of Jakarta IV,887.8333333333334,54,58.72222222222222
Tender River,887.4483333333333,56,53.066071428571426
Naples Inheritance,887.1533333333333,46,78.7195652173913
Eternal Bangkok,886.7816666666666,59,61.1
Detroit Throne II,886.7083333333334,58,82.19310344827586
Hollow Seoul III,886.08,92,71.34565217391305
Mumbai Expedition III,885.8583333333333,72,55.923611111111114
Tokyo Shadows IV,885.585,49,70.87142857142857
Forgotten Naples III,885.0183333333333,43,64.31162790697675
Quiet Naples,884.8433333333334,44,72.86590909090908
Whispering Seoul VII,884.19,76,57.45131578947369
The Tide of Lisbon VII,884.085,51,72.2235294117647
The Horizon of Oslo IV,883.65,35,75.14285714285714
Mumbai Expedition,883.5983333333334,44,73.02272727272727
Gilded Naples II,882.9399999999999,68,71.33970588235294
Madrid Cipher,879.47,49,84.14081632653061
Electric Lighthouse,877.52,67,66.82089552238806
The Pact of Madrid II,876.67,46,74.25217391304348
Scarlet Berlin,875.955,54,72.41851851851851
Hamburg Lighthouse V,874.1483333333333,252,77.08650793650793
The Ledger of Hamburg II,873.3966666666666,78,58.31538461538462
Mumbai Storm III,872.1016666666667,66,76.82727272727273
Forgotten Oslo,872.0666666666667,54,60.56296296296296
Hidden Oslo,871.4766666666667,78,40.70384615384616
The Syndicate of Hamburg III,871.2383333333333,74,59.45810810810811
Rising Shadows,869.87,42,37.938095238095244
Naples Syndicate II,868.3233333333334,153,63.060130718954255
Distant Requiem,868.28,75,56.468
Rising Lagos II,868.2183333333334,59,56.31186440677966
Endless Istanbul II,866.81,91,75.5956043956044
The Garden of Tokyo IV,866.15,268,61.56268656716418
Hidden Bogota II,866.0816666666667,48,47.322916666666664
Detroit Garden III,865.7266666666667,186,68.44569892473118
Burning Lagos IV,865.265,664,68.58343373493976
Frozen Promise,864.9066666666666,64,61.6125
Silent Circuit,864.6949999999999,59,53.622033898305084
The Requiem of Oslo IV,864.5783333333334,180,69.27722222222222
The Departure of Tokyo IV,864.3,39,63.68717948717949
Toronto Inheritance V,864.19,54,64.88148148148149
The Circuit of Bangkok V,863.4466666666667,103,73.96601941747574
The Echoes of Marseille IV,863.4416666666667,103,42.48252427184466
Broken Affair III,861.9516666666667,55,52.77272727272727
Wild Detroit II,861.865,112,71.25089285714286
The Pact of Berlin III,861.3383333333334,39,67.94871794871794
The Circuit of Cairo IV,861.27,78,57.516666666666666
Silent Marseille V,860.8966666666666,70,62.111428571428576
Brilliant Frequency III,860.88,50,72.958
Golden Tokyo IV,860.07,51,66.92156862745098
Golden Mumbai III,859.98,58,71.80172413793103
Iron Istanbul III,858.6616666666666,127,61.838582677165356
Burning Berlin IV,858.3466666666667,110,75.51454545454546
Eternal Odyssey V,857.4333333333333,86,85.45930232558139
Paper Shadows,857.1,38,75.1842105263158
Scarlet Lisbon III,856.9916666666667,80,52.771249999999995
Brilliant Mumbai,855.8833333333333,54,59.701851851851856
Crimson Hamburg II,855.8633333333333,97,63.02474226804123
Scarlet Madrid V,854.3533333333334,90,57.709999999999994
Golden Naples III,853.8683333333333,51,55.068627450980394
The Departure of Detroit III,852.5733333333334,46,63.178260869565214
Quiet Storm,852.4383333333333,87,60.733333333333334
Bogota Mirror II,851.2283333333334,67,77.77611940298507
The Odyssey of Seoul,851.195,140,47.37571428571429
Lisbon Protocol III,851.0333333333333,87,47.02528735632184
The Legacy of Madrid V,850.72,106,71.65471698113207
Falling Kingdom II,850.7016666666667,45,74.13111111111111
Electric Madrid II,850.5216666666666,48,74.29583333333333
Lagos Affair,849.1266666666667,68,66.06617647058823
The Frequency of Madrid,849.0966666666667,47,54.255319148936174
Lisbon Ledger,848.8233333333334,49,58.92040816326531
Detroit Kingdom,848.3216666666667,46,58.55652173913043
Frozen Reckoning IV,846.92,50,62.732
Naples Anatomy III,846.7116666666667,41,68.07317073170732
Whispering Bangkok IV,846.2633333333333,75,64.29333333333334
Hollow Heist,845.8933333333333,98,73.98469387755102
Savage Detroit III,845.2983333333333,36,61.15277777777778
Jakarta Protocol VI,844.175,51,55.917647058823526
The Paradox of Madrid II,843.8916666666667,68,65.66764705882352
The Legacy of Madrid,843.5116666666667,56,79.69464285714285
Neon Tokyo II,843.2066666666667,56,72.39285714285714
Hollow Madrid V,842.2383333333333,54,48.135185185185186
Rising Berlin,842.0433333333333,90,62.371111111111105
Frozen Storm III,841.52,98,64.81020408163265
Hidden Lagos II,840.315,55,59.57090909090909
Tokyo Heist IV,839.605,89,56.151685393258425
Burning Bogota,839.4233333333333,54,79.30740740740741
Whispering Garden II,838.11,42,67.41666666666667
Velvet Lagos II,838.05,93,66.7505376344086
Hamburg Kingdom IV,837.7833333333333,82,68.41951219512195
Savage Throne II,837.23,55,74.56363636363636
Endless Expedition,836.685,43,54.86046511627907
The Requiem of Naples,836.155,64,69.996875
The Empire of Cairo III,834.545,96,62.096875000000004
Midnight Storm,834.1433333333333,45,57.12444444444444
The Expedition of Sydney VI,834.14,51,53.80196078431373
Phantom Detroit,833.8366666666667,69,69.98550724637681
Frozen Throne,833.5116666666667,63,66.15396825396824
The Reckoning of Bangkok V,833.2766666666666,46,53.17391304347826
The Lighthouse of Bogota,832.9433333333334,45,59.32888888888889
The Pact of Detroit II,832.9133333333333,62,53.31290322580645
The Sanctuary of Seoul III,832.3333333333334,105,60.97714285714286
Savage Protocol II,831.8316666666667,46,79.48695652173913
Broken Sydney VI,830.6383333333333,67,75.59701492537313
The Confession of Mumbai II,830.6033333333334,58,59.675862068965515
Silent Algorithm,829.3083333333333,62,57.9
Whispering Tide,828.8616666666667,49,67.66122448979593
The Promise of Berlin VII,828.085,90,56.96333333333333
Gilded Lagos,827.7666666666667,58,85.71206896551725
Bitter Naples IV,827.6,53,66.72830188679245
Berlin Promise III,826.8883333333333,44,74.57272727272726
Neon Tokyo VI,826.75,57,53.31754385964912
The Harvest of Cairo V,826.5216666666666,47,73.73191489361702
The Inheritance of Madrid II,825.6333333333333,64,80.628125
The Echoes of Detroit IV,825.5766666666667,51,66.89019607843137
Lost Promise,825.4666666666667,49,57.10612244897959
Lagos Throne III,825.3233333333334,107,58.43364485981308
Reckless Seoul VII,824.9283333333333,151,64.33377483443708
Seoul Verdict,824.0233333333333,49,43.12244897959184
Marseille Odyssey II,823.9433333333334,52,69.13653846153846
Cairo Verdict II,823.3366666666667,95,53.28736842105263
Madrid River VI,823.09,46,67.52391304347826
The Ledger of Detroit VI,822.4166666666666,82,68.38048780487804
The Legacy of Jakarta IV,822.1333333333333,48,86.50833333333333
Crimson Mumbai IV,821.8116666666666,44,64.40227272727272
Bangkok Confession,821.3466666666667,73,66.97397260273974
Bitter Toronto II,821.25,67,55.71641791044776
Restless Lisbon II,820.7516666666667,53,77.43018867924529
The Garden of Berlin III,820.53,46,60.98913043478261
Seoul Anatomy III,820.0216666666666,66,65.38939393939394
Tokyo Harvest VII,819.945,107,70.98878504672898
Toronto Empire III,819.6616666666666,60,68.30833333333334
The Odyssey of Oslo,819.4983333333333,73,61.227397260273975
Rising Legacy III,819.485,45,79.18222222222222
Jakarta Reckoning III,819.0416666666666,63,60.19206349206349
Neon Cairo V,818.8216666666667,84,67.38214285714287
Seoul Mirror II,818.4983333333333,93,58.54408602150538
Neon Promise III,818.42,35,53.754285714285714
The Tide of Seoul III,818.06,47,61.07234042553192
Phantom Garden,817.6433333333333,52,48.13076923076923
Hamburg Horizon,817.4433333333334,146,68.56164383561644
Whispering Oslo II,816.365,68,62.36176470588236
Shattered Lagos II,816.0766666666667,155,63.82
Quiet Oslo II,815.7816666666666,67,73.79253731343285
The Syndicate of Madrid IV,814.8,515,81.13747572815535
Crooked Tokyo,814.38,675,64.63318518518518
Seoul Odyssey II,812.8233333333334,41,69.55853658536586
Paper Empire,812.82,47,70.3
Marseille Frequency VII,812.3716666666667,288,59.28854166666666
The Kingdom of Istanbul,812.1733333333333,101,73.10495049504951
Hidden Istanbul III,812.0466666666666,62,48.751612903225805
Sydney Algorithm II,811.7083333333334,42,78.35
The Ledger of Oslo III,810.975,63,59.86666666666667
Last Shadows II,810.765,56,67.86964285714285
Bangkok Requiem IV,810.67,47,64.84255319148936
Lagos Garden VII,810.455,94,57.51489361702127
Distant Harvest,810.2233333333334,71,64.83380281690141
Lisbon Confession,809.9366666666667,47,55.2936170212766
Naples Algorithm III,809.715,42,51.642857142857146
The Empire of Berlin IV,808.755,61,52.40163934426229
Glass Odyssey IV,808.1633333333333,63,63.34444444444444
Sacred Seoul III,806.765,66,65.01666666666667
The Garden of Lisbon,806.0583333333333,54,58.3
Toronto Horizon III,805.865,39,64.16923076923077
The Sanctuary of Hamburg II,805.3183333333334,65,63.21076923076923
Silent Bogota,804.8216666666667,45,56.473333333333336
Sacred Heist,804.47,63,63.0031746031746
The Expedition of Toronto,803.8766666666667,45,64.41555555555556
Hollow Bangkok,803.685,55,62.445454545454545
The Throne of Madrid,801.9533333333334,49,83.92857142857143
The Algorithm of Lisbon II,801.4916666666667,80,71.56375
Bogota Crown,801.3916666666667,60,57.57166666666667
Tokyo Legacy II,801.335,64,72.2390625
The Confession of Toronto IV,800.9383333333334,60,49.32666666666667
Distant Algorithm III,799.91,54,66.12592592592593
Sydney Lighthouse VI,799.8233333333334,54,64.96666666666667
Phantom Mumbai II,798.9366666666666,52,80.86923076923077
Savage Confession,798.5566666666666,58,64.17931034482758
The Mirror of Detroit III,798.2916666666666,39,60.202564102564104
Cairo Shadows II,797.785,38,71.40789473684211
Whispering Lisbon IV,797.585,60,70.705
Bitter Madrid V,797.37,102,72.38235294117646
Golden Berlin V,797.265,44,77.20681818181818
Naples Requiem IV,796.0483333333333,77,62.53116883116883
Mumbai Storm II,795.6566666666666,47,61.92978723404255
Crooked Mirror II,795.475,61,73.82131147540984
Istanbul Syndicate IV,795.115,61,61.33934426229508
The Algorithm of Cairo V,793.775,45,65.74222222222222
The Storm of Madrid,793.1366666666667,52,60.84615384615385
Glass Istanbul VI,792.6933333333333,68,69.94411764705882
Savage Toronto II,792.3033333333334,47,56.43829787234042
Madrid Anatomy,792.1783333333333,80,71.75874999999999
The Frequency of Tokyo IV,791.955,54,65.47037037037038
Seoul Algorithm II,791.585,51,77.60392156862746
The Ledger of Marseille,791.1783333333333,55,74.40727272727273
Scarlet Tokyo,791.0766666666666,55,75.70363636363636
The Kingdom of Mumbai II,791.0233333333333,55,67.41636363636364
The Affair of Lagos III,791.0183333333333,51,70.7156862745098
The Circuit of Tokyo II,789.855,98,62.963265306122445
Restless Garden II,789.1116666666667,71,71.86197183098591
Bangkok Shadows III,789.105,120,68.49499999999999
Eternal Sanctuary,788.7666666666667,65,66.19692307692308
Phantom Seoul,787.6816666666666,49,54.957142857142856
Frozen Lisbon,786.95,80,75.2825
The Ledger of Sydney,786.7483333333333,41,54.207317073170735
Endless Anatomy II,786.3566666666667,57,70.38771929824561
Berlin Paradox V,785.8733333333333,40,59.722500000000004
The Circuit of Lisbon III,785.365,39,64.26666666666667
Restless Detroit,785.13,64,70.5015625
The Horizon of Seoul V,785.0833333333334,75,62.31066666666667
The Garden of Detroit,784.3983333333333,63,65.87777777777778
The Syndicate of Lisbon II,782.8083333333334,52,62.03653846153846
Tokyo Odyssey III,782.7716666666666,54,72.48148148148148
Marseille Shadows II,782.6133333333333,53,54.69056603773585
Oslo Throne III,782.2783333333333,120,52.5725
Golden Mumbai II,782.2333333333333,88,58.475
Glass Circuit,782.155,56,70.54107142857143
Midnight Tide III,780.255,577,60.10086655112651
The Throne of Cairo,779.5266666666666,56,57.99821428571429
Quiet Confession,779.2583333333333,56,62.683928571428574
The Anatomy of Mumbai II,778.0633333333334,50,67.656
Golden Ledger,777.4583333333334,62,61.766129032258064
Wild Lagos II,776.7066666666667,53,77.94905660377358
Savage Tokyo II,776.515,46,63.30869565217391
Naples River IV,776.35,52,71.77692307692308
Rising Tide III,776.0416666666666,45,58.79111111111111
The Horizon of Berlin III,775.7983333333333,41,68.56829268292684
Lagos Throne,775.7133333333334,142,73.8169014084507
Cairo Paradox II,775.655,48,63.78541666666666
The Affair of Seoul III,775.61,48,77.69166666666666
Distant Detroit II,774.39,69,44.015942028985506
Tender Cairo IV,774.1083333333333,77,69.33116883116882
Electric Circuit II,773.6833333333333,61,61.7672131147541
The Tide of Tokyo II,773.5983333333334,45,62.70444444444444
The Echoes of Lagos IV,773.3716666666667,58,51.09310344827586
The Pact of Bogota,773.135,73,55.25205479452055
The Odyssey of Hamburg II,772.9216666666666,51,70.48235294117647
Bogota Expedition V,772.615,40,75.3
Endless Horizon II,771.975,51,75.68039215686274
Bangkok Syndicate VI,771.925,42,77.38095238095238
Burning Oslo II,771.4316666666667,50,57.858000000000004
Endless Expedition III,770.8983333333333,40,76.47999999999999
Frozen Cipher IV,769.9283333333333,46,71.52826086956522
Scarlet Jakarta III,769.9233333333333,79,64.11898734177215
The Verdict of Mumbai V,769.6,53,67.2188679245283
Crooked Tide IV,769.3666666666667,58,62.563793103448276
Toronto Reckoning,769.1116666666667,56,73.58214285714287
The Pact of Berlin,768.5,79,73.69240506329113
Sacred Bangkok,768.4183333333333,76,63.196052631578944
Naples Affair V,767.5166666666667,64,80.75625
Forgotten Oslo V,766.7766666666666,61,71.42786885245903
Istanbul Tide II,765.1616666666666,48,62.10833333333333
Electric Lighthouse II,765.0183333333333,359,64.57660167130919
The Tide of Mumbai,763.85,41,56.6219512195122
Seoul Reckoning III,763.7683333333333,65,51.2
Istanbul Paradox,763.045,46,70.58260869565218
The Empire of Oslo IV,762.6616666666666,40,68.75
Cairo Ledger II,762.6283333333333,67,58.82835820895522
Tender Garden II,762.1416666666667,32,65.853125
Wild Echoes,761.6833333333333,60,77.72
Detroit Crown,761.1333333333333,56,64.71785714285714
The Empire of Lagos V,760.8483333333334,54,62.898148148148145
Eternal Bogota,760.7133333333334,64,56.06875
The Harvest of Madrid II,760.5,46,45.926086956521736
Forgotten Sydney VII,759.9383333333334,203,67.13497536945813
Scarlet Sydney IV,759.8666666666667,54,62.403703703703705
Gilded Sanctuary,759.81,31,68.07741935483871
Berlin Inheritance,758.7016666666667,56,66.85178571428571
Scarlet Toronto III,758.435,53,58.9754716981132
The Tide of Mumbai II,758.235,62,81.25967741935484
Eternal Tokyo VII,757.87,76,63.31447368421052
Wild Madrid II,757.6383333333333,92,63.34673913043478
Neon Mumbai III,756.8966666666666,42,59.94285714285714
Shattered Bogota IV,756.7216666666667,46,85.01086956521739
The Anatomy of Oslo V,756.3883333333333,59,76.30508474576271
Bogota Cipher II,755.96,50,61.208
The Horizon of Oslo III,755.2283333333334,44,62.41363636363636
The Horizon of Istanbul V,755.18,43,73.02093023255814
Naples Heist IV,751.95,93,63.166666666666664
Velvet Echoes III,751.6183333333333,46,60.62826086956522
The River of Berlin,751.5716666666667,50,48.882
The Mirror of Mumbai III,751.0516666666666,43,51.98837209302326
Quiet Anatomy II,749.5933333333334,57,57.17719298245614
Hamburg Cipher IV,749.38,55,73.65272727272728
Lost Sydney III,748.085,50,60.81
Frozen Bogota III,747.145,38,67.02894736842104
Paper Storm II,746.9766666666667,51,63.872549019607845
Tender Frequency,746.5833333333334,56,55.746428571428574
Golden Tokyo,745.9916666666667,77,49.42597402597403
Madrid Odyssey III,745.8533333333334,63,76.87460317460318
Naples Mirror,745.63,62,69.9241935483871
The Kingdom of Seoul V,745.4316666666666,47,73.8808510638298
Toronto Ledger IV,744.0083333333333,59,76.6593220338983
Istanbul Affair,743.9116666666666,74,60.92162162162162
Seoul Algorithm III,743.7883333333333,601,66.89550748752079
Seoul Syndicate II,743.3583333333333,40,75.08500000000001
The Affair of Naples III,743.2766666666666,42,70.21904761904761
Midnight Bangkok VI,743.135,49,71.70204081632653
Wild Cairo II,742.8266666666667,58,78.41379310344827
Wild Toronto II,742.2433333333333,59,67.27118644067797
Oslo Heist II,741.835,45,73.26666666666667
Last Protocol II,741.42,66,83.21363636363637
Savage Marseille II,740.8733333333333,77,75.17012987012987
Wild Kingdom,740.8466666666667,63,41.506349206349206
Neon Empire II,740.7083333333334,63,65.02063492063492
The Frequency of Detroit III,740.5133333333333,46,71.54565217391304
The Legacy of Seoul,740.3149999999999,87,60.78045977011494
Oslo Circuit,740.195,221,52.882805429864256
Frozen Lisbon V,739.665,46,53.01304347826087
Phantom Echoes,739.5033333333333,50,78.67
Paper Detroit,739.2583333333333,50,67.19800000000001
Crooked Naples,737.8966666666666,100,68.318
Seoul Pact II,737.8683333333333,52,69.5576923076923
Gilded Anatomy,736.8333333333334,95,63.31894736842106
The Pact of Lisbon V,736.59,43,64.43720930232558
Brilliant Circuit,736.5033333333333,46,67.7
Toronto Tide II,736.3033333333333,59,57.777966101694915
Lost Marseille V,733.91,44,57.19318181818182
The Sanctuary of Cairo III,733.8366666666667,54,60.672222222222224
Oslo Algorithm,732.525,52,73.17884615384615
Detroit Harvest II,731.4966666666667,51,61.03529411764706
Lisbon Circuit III,731.1683333333333,64,64.9125
The Confession of Berlin,731.0283333333333,602,66.84451827242525
The Echoes of Marseille III,730.0566666666667,123,70.65772357723577
Phantom Protocol,730.0316666666666,41,60.353658536585364
Sydney Harvest III,729.1816666666666,52,82.16346153846153
Eternal Marseille,728.4866666666667,56,60.50892857142857
The Reckoning of Berlin II,728.4316666666666,40,68.4675
Lisbon Anatomy II,728.0416666666666,57,72.57192982456141
Crimson Crown II,727.5533333333333,54,62.379629629629626
Forgotten Ledger II,726.9216666666666,45,53.72666666666666
Glass Lisbon III,726.4033333333333,46,74.4804347826087
Hidden Storm II,725.7116666666667,66,63.43939393939394
Distant Algorithm,724.7033333333334,44,66.54772727272727
Falling Frequency II,724.6683333333333,62,66.59354838709677
The Tide of Lisbon VI,724.405,47,68.8127659574468
Brilliant Affair,724.3083333333333,48,68.58541666666666
Restless Horizon,724.2966666666666,48,60.15625
Sydney Crown,724.0083333333333,62,64.8758064516129
The Echoes of Hamburg,723.7733333333333,106,68.2811320754717
Broken Naples II,723.4483333333334,67,62.7820895522388
Reckless River,722.0133333333333,61,67.44098360655737
Frozen Tide,721.9683333333334,50,72.196
Glass Hamburg,721.665,46,63.426086956521736
Wild Inheritance III,721.6033333333334,62,67.40322580645162
Jakarta Odyssey III,721.595,71,66.86338028169014
Forgotten Expedition,721.3866666666667,64,58.2953125
The Heist of Berlin III,721.285,49,64.94489795918368
Bangkok Syndicate,721.2133333333334,54,68.13888888888889
Forgotten Heist III,720.2783333333333,56,70.15535714285714
Savage Marseille III,720.1566666666666,47,58.92978723404255
The Requiem of Naples II,719.7133333333334,55,54.518181818181816
Silent Toronto,718.5600000000001,47,55.759574468085106
Endless Jakarta II,718.2666666666667,54,73.07962962962964
Mumbai Horizon,717.9033333333333,54,61.553703703703704
Lagos Lighthouse II,717.86,80,56.96875
Hamburg Odyssey,717.5216666666666,66,70.9030303030303
Broken Affair,717.3933333333333,45,62.10666666666667
The Harvest of Mumbai II,717.2566666666667,51,59.01960784313726
Paper Confession III,716.9966666666667,135,55.32740740740741
Madrid Paradox,716.6583333333333,94,56.058510638297875
The Odyssey of Lagos III,716.4083333333333,39,62.48205128205129
The Reckoning of Lisbon IV,716.165,53,70.3811320754717
Berlin Confession III,715.9233333333333,67,80.14328358208955
Burning Lagos II,715.515,57,68.47017543859648
The Empire of Bogota III,714.4399999999999,51,79.60196078431372
Midnight Verdict,712.9816666666667,38,73.29473684210525
Golden Tokyo III,711.805,40,67.15
The Shadows of Marseille III,711.6416666666667,39,76.03076923076922
Rising Heist,711.2866666666666,60,51.54333333333333
Electric Jakarta III,710.4483333333334,51,68.61764705882354
Eternal Shadows II,710.3316666666667,65,72.05846153846154
Falling Toronto VI,710.2683333333333,56,76.87321428571428
Reckless Departure,708.9133333333333,65,69.91538461538461
Neon Naples,708.8816666666667,46,75.5304347826087
The Pact of Lisbon III,708.4966666666667,48,66.9375
The Cipher of Marseille IV,707.4083333333333,60,80.20166666666667
The Ledger of Detroit III,707.2683333333333,54,60.455555555555556
Istanbul Confession,706.38,77,67.45714285714286
Phantom River,705.8433333333334,52,59.87884615384615
Silent Cairo III,705.7416666666667,39,75.3974358974359
Last Toronto II,704.9300000000001,41,65.12926829268294
The Anatomy of Berlin III,704.545,73,67.02191780821919
Electric Inheritance,704.3883333333333,68,73.98676470588236
The Kingdom of Naples II,704.1166666666667,54,71.6351851851852
Brilliant Cipher II,703.9566666666667,89,64.3
Berlin Circuit III,703.675,48,51.083333333333336
Golden Shadows,703.27,72,56.354166666666664
The Echoes of Tokyo III,703.14,39,71.92820512820512
The Throne of Bogota III,702.825,59,65.45254237288135
Hamburg Expedition II,702.7666666666667,37,47.0945945945946
Glass Storm III,702.6333333333333,45,63.99555555555556
Frozen Hamburg,702.1466666666666,159,63.08427672955975
The Syndicate of Mumbai III,702.0916666666667,97,64.62268041237112
Reckless Toronto V,701.92,97,84.14020618556701
The Cipher of Bangkok,701.6283333333333,56,69.60535714285714
Marseille Shadows VI,701.3216666666667,49,53.00204081632653
Detroit Cipher III,701.1883333333334,68,58.58529411764706
The Algorithm of Bogota,700.6166666666667,45,71.2
Savage Lisbon II,700.2733333333333,38,82.27105263157895
Marseille Promise III,699.65,64,68.325
Eternal Cairo,699.2933333333333,65,69.85692307692307
The Horizon of Istanbul II,698.2833333333333,58,62.81206896551724
Berlin Circuit II,697.9783333333334,70,59.82857142857143
Midnight River IV,697.6466666666666,69,79.82608695652173
The Departure of Lagos III,697.5866666666667,75,68.06
The Departure of Jakarta II,697.505,38,52.73947368421052
Crooked Anatomy II,697.3733333333333,66,50.31515151515152
Falling Echoes II,696.895,43,62.093023255813954
Wild Expedition III,695.5283333333333,67,67.11791044776119
Endless Madrid,695.345,66,66.25909090909092
Phantom Frequency,694.9399999999999,39,69.6076923076923
The Harvest of Madrid III,694.8283333333334,50,69.48
Hamburg Lighthouse III,694.5566666666667,46,57.19130434782609
Golden Protocol III,694.3833333333333,49,59.04489795918367
Restless Mumbai,694.1933333333333,48,80.33958333333334
Lost Horizon,694.1166666666667,58,65.03620689655172
Bitter Jakarta IV,694.0733333333333,36,71.41111111111111
The Storm of Oslo III,693.8333333333334,562,67.34252669039147
The Legacy of Detroit II,693.0966666666667,140,68.75999999999999
Lost Inheritance,692.7083333333334,56,76.82321428571429
Falling Reckoning II,691.7233333333334,45,64.58222222222221
Detroit Syndicate III,691.55,63,67.2015873015873
Istanbul Lighthouse,691.22,50,69.82
The Frequency of Naples,691.0500000000001,46,78.04782608695652
The Odyssey of Bogota III,690.9516666666667,48,58.99375
Tokyo Harvest V,690.7666666666667,55,68.63272727272728
The Harvest of Cairo VI,689.88,84,58.24642857142857
Whispering Echoes,689.66,47,52.410638297872346
The Expedition of Lagos,689.255,64,61.5421875
Istanbul Pact II,688.4933333333333,38,61.626315789473686
Frozen Jakarta IV,687.5883333333334,54,60.06296296296296
Whispering Naples V,687.44,70,68.20285714285714
The Algorithm of Bogota II,687.4183333333333,45,61.09777777777778
Paper Sydney V,687.0483333333333,71,61.11267605633803
Reckless Shadows III,686.4216666666666,45,65.19555555555556
The Legacy of Istanbul IV,685.645,42,63.60476190476191
Wild Oslo II,685.415,95,69.70526315789473
Detroit Heist II,685.3683333333333,48,69.9875
Electric Protocol,685.345,44,64.90454545454546
Crooked Lagos II,684.8833333333333,122,61.68606557377049
Mumbai Verdict V,684.15,44,56.88863636363636
Crimson Horizon II,684.115,65,63.529230769230765
Restless Tokyo,683.64,56,69.75535714285715
Bitter Madrid II,683.6083333333333,55,79.0
Forgotten Empire II,683.5233333333333,59,64.35932203389831
Crimson Sydney IV,683.43,85,69.61411764705882
Lagos Syndicate,683.41,63,65.61269841269842
The Lighthouse of Hamburg II,682.045,129,48.355038759689926
Crimson Mirror IV,681.3183333333334,49,59.416326530612245
The Departure of Oslo II,681.185,43,50.288372093023256
Seoul Heist,680.9383333333334,47,72.44042553191488
Tokyo Empire III,680.3783333333333,43,67.43023255813954
The Promise of Cairo V,680.0416666666666,109,72.54036697247706
Endless Bangkok,679.99,37,64.10810810810811
The Affair of Naples VII,678.245,46,72.63260869565217
Distant Horizon III,678.1533333333333,53,61.91698113207547
Lisbon Algorithm V,677.9983333333333,48,68.80208333333333
Lagos Storm II,677.975,56,61.042857142857144
The Storm of Cairo,676.9766666666667,49,74.88571428571429
The Ledger of Jakarta VI,676.3566666666667,48,67.10000000000001
Madrid Inheritance IV,676.1716666666666,44,78.41136363636363
Bogota Affair VI,675.8883333333333,54,68.77407407407408
Electric Horizon,675.735,43,74.83488372093024
The Odyssey of Toronto VII,675.5016666666667,120,67.01333333333334
Savage Garden II,675.3716666666667,49,55.124489795918365
Glass Odyssey II,675.1066666666667,57,61.21228070175439
Golden River,674.93,58,65.87068965517241
Reckless Toronto VI,674.79,63,84.01269841269841
Falling Toronto II,674.7116666666667,62,77.17903225806452
Whispering Lisbon II,674.6616666666666,44,72.49772727272727
The Harvest of Berlin III,674.36,31,56.748387096774195
Crimson Confession,674.265,48,50.625
Crooked Berlin,674.0616666666666,83,69.6144578313253
Endless Verdict V,673.645,52,61.98846153846154
The Requiem of Sydney II,673.6,61,38.34426229508197
Burning Throne II,673.34,50,65.584
Frozen Seoul,673.27,64,57.015625
The Lighthouse of Lisbon IV,672.5083333333333,144,68.67638888888888
Marseille Ledger III,672.05,74,41.76081081081081
Wild Shadows II,671.145,72,59.1861111111111
Phantom Sydney III,670.12,49,62.3530612244898
Reckless Cairo,669.7983333333333,61,62.74262295081967
Bogota Ledger IV,669.3033333333333,47,53.400000000000006
Sydney Mirror IV,667.7083333333334,37,80.20270270270271
Madrid Garden,667.485,47,65.28510638297873
Marseille Echoes II,667.3066666666667,58,67.40862068965517
Lost Departure,667.0733333333334,60,67.38666666666667
Quiet Bogota II,666.7333333333333,54,66.14259259259259
Frozen Bogota V,665.8133333333333,78,62.76153846153846
Paper Crown,665.2183333333334,46,61.54130434782609
Hollow Cairo III,664.2483333333333,45,53.675555555555555
Naples Mirror II,663.9716666666667,73,66.63013698630137
The Expedition of Cairo II,663.6983333333333,44,62.070454545454545
Crimson Mumbai,662.915,53,70.66603773584906
Midnight Bangkok II,662.7216666666667,53,70.51132075471698
Lagos Departure II,662.22,58,56.10344827586207
The Reckoning of Bogota VI,662.0333333333333,57,56.8859649122807
Phantom Anatomy,661.6383333333333,393,77.70330788804071
Jakarta Harvest II,661.54,45,63.0
Madrid Departure II,661.1883333333334,56,59.628571428571426
Sydney Syndicate,660.4,52,67.07884615384616
Hollow Sydney,660.0583333333334,59,74.58305084745763
The Anatomy of Sydney IV,660.0466666666666,44,46.51136363636363
Detroit Empire III,659.9883333333333,98,66.0234693877551
The Circuit of Seoul II,659.9566666666667,42,65.47380952380952
Electric Algorithm III,659.9133333333333,125,65.9936
Berlin Protocol,659.2416666666667,55,60.54545454545455
Detroit Frequency II,658.1933333333334,50,56.098
The Ledger of Lagos,657.8716666666667,71,66.50422535211268
Tokyo Shadows,657.85,43,62.44883720930233
The Expedition of Marseille II,657.015,67,53.4865671641791
Midnight River,656.645,60,80.17
The Harvest of Bangkok,655.875,116,78.52931034482758
Oslo Promise II,655.0833333333334,54,73.7388888888889
Broken Toronto,654.99,64,54.825
The Cipher of Jakarta VI,654.7333333333333,64,71.7921875
Shattered Circuit,654.4016666666666,50,70.11399999999999
Naples Empire VI,654.3733333333333,38,67.09210526315789
Reckless Ledger II,653.9783333333334,52,71.87115384615385
Midnight Tokyo,653.3683333333333,49,76.18775510204081
The Odyssey of Istanbul,652.7833333333333,41,64.54878048780488
The Confession of Oslo II,652.3383333333334,60,65.305
Mumbai Kingdom,652.0166666666667,76,63.86052631578947
Tokyo Cipher,651.825,60,59.69666666666667
Eternal Harvest,651.1283333333333,47,66.92553191489361
Tokyo Verdict IV,650.1183333333333,52,46.5326923076923
The Protocol of Bogota VI,650.0616666666666,87,70.04942528735633
Shattered Bogota III,649.465,39,60.743589743589745
Velvet Istanbul,649.4216666666666,54,71.58518518518518
Lost Mirror,648.6899999999999,66,68.57272727272728
Toronto Pact II,648.3733333333333,65,69.58923076923077
Istanbul Echoes VI,646.73,61,51.96557377049181
Rising Marseille III,646.5933333333334,37,54.954054054054055
The Sanctuary of Oslo II,646.5616666666666,74,51.39594594594595
The Pact of Madrid,646.525,54,51.5
Reckless Algorithm,645.6,47,68.67659574468085
Shattered Confession,645.485,46,66.82826086956521
Marseille Anatomy,645.1266666666667,58,69.36724137931034
Crimson Berlin II,644.8983333333333,29,58.52758620689655
Silent Toronto V,644.8816666666667,81,71.08395061728395
Burning Throne,644.59,448,65.39776785714285
Endless Naples II,644.4766666666667,42,68.1952380952381
Bitter River,643.975,41,52.35121951219512
The Tide of Oslo II,643.8866666666667,48,67.24374999999999
The Storm of Bogota,643.855,42,50.107142857142854
The Frequency of Cairo,643.7366666666667,52,61.896153846153844
The Empire of Tokyo,643.21,28,61.1
Phantom Naples,642.9316666666667,95,63.05789473684211
Tokyo Ledger,642.86,54,58.788888888888884
Quiet Empire,642.5583333333334,51,75.0
Lost Kingdom,642.1533333333333,97,67.55567010309278
Silent Bogota III,641.395,39,56.05897435897436
Crooked Departure III,640.6433333333333,57,82.64912280701755
The Empire of Bogota,640.2733333333333,58,64.93620689655172
Seoul Expedition II,640.2566666666667,62,69.14838709677419
Falling Tide,640.24,52,58.63076923076923
Whispering Naples VII,639.8716666666667,43,53.14883720930233
Scarlet Requiem,639.735,56,67.19821428571429
Midnight River II,639.2433333333333,64,69.3609375
Berlin Confession,639.1716666666666,48,63.9125
The Echoes of Lagos III,638.7216666666667,90,57.93555555555555
Tokyo Crown,638.5183333333333,42,66.23809523809524
Tokyo Reckoning III,638.215,87,56.87011494252874
Reckless Hamburg II,638.1166666666667,58,78.58448275862068
Glass Seoul IV,637.9716666666667,42,50.86666666666667
Silent Cairo II,637.5816666666667,65,46.7123076923077
Seoul Echoes II,637.4,63,70.25714285714285
Electric Marseille,637.1933333333334,126,59.261111111111106
Marseille Harvest,636.9016666666666,44,63.675
Mumbai Cipher II,636.7766666666666,51,64.02745098039216
The Confession of Mumbai III,636.3033333333333,49,67.63061224489796
Whispering Seoul,636.145,66,64.25454545454545
Mumbai Confession II,636.0583333333333,73,53.56712328767124
Endless Jakarta VI,635.9333333333334,46,56.88913043478261
Glass Hamburg III,635.64,58,62.26379310344828
The Expedition of Detroit IV,635.6316666666667,52,69.18846153846154
Detroit Garden VII,635.3366666666667,235,64.26553191489361
Crimson Kingdom II,635.2566666666667,58,81.12758620689655
Last Naples II,635.1483333333333,102,63.1078431372549
The Confession of Detroit IV,634.785,55,83.63636363636364
Brilliant Mumbai II,634.55,46,48.54347826086956
The Sanctuary of Istanbul III,634.1333333333333,81,52.425925925925924
Lost Marseille,633.825,54,71.86111111111111
Jakarta Horizon,633.285,38,50.497368421052634
Golden Shadows III,632.9233333333333,52,60.103846153846156
The Anatomy of Jakarta,632.7983333333333,61,64.29672131147541
Toronto Requiem V,632.6,55,68.46181818181819
Forgotten Detroit VI,632.4566666666667,37,50.27567567567568
Falling Crown II,631.7033333333334,38,53.044736842105266
Forgotten Syndicate II,631.1899999999999,44,58.002272727272725
The Cipher of Mumbai II,631.0616666666666,54,53.28148148148148
The Circuit of Detroit V,629.8483333333334,54,55.544444444444444
Seoul Promise IV,629.7,164,71.1030487804878
The Mirror of Berlin II,629.2383333333333,45,69.91777777777779
Electric Lisbon,629.1166666666667,102,55.068627450980394
Bogota Lighthouse II,628.8316666666667,72,58.229166666666664
Rising Seoul II,628.7683333333333,56,60.253571428571426
Golden Kingdom,628.3583333333333,50,69.056
Hidden Jakarta,628.0066666666667,102,55.971568627450985
The Syndicate of Cairo III,627.765,62,84.3741935483871
Rising Lisbon II,627.3166666666667,108,65.3861111111111
Lisbon Mirror IV,626.5666666666667,47,67.32978723404256
Falling Sydney,626.545,48,60.708333333333336
Hamburg Syndicate III,626.2966666666666,31,78.14838709677419
Hamburg Sanctuary IV,626.2116666666667,95,82.39578947368422
Istanbul Throne III,626.0233333333333,43,51.995348837209306
The Affair of Mumbai,624.9166666666666,59,60.52033898305084
Golden Lighthouse III,624.4633333333334,38,83.27105263157895
Mumbai Throne III,624.265,249,71.63092369477911
The Requiem of Madrid III,624.2133333333334,54,70.05555555555556
The Protocol of Bogota III,624.1366666666667,46,51.00652173913044
Toronto Expedition IV,623.49,33,75.37575757575758
The River of Bogota II,623.375,43,76.3
Mumbai Shadows,623.3083333333333,45,53.68444444444445
Tokyo Mirror,623.08,51,71.2392156862745
Endless Algorithm,623.0466666666666,67,73.80597014925372
Silent Syndicate,622.9933333333333,48,55.62916666666666
Endless Circuit VI,622.8883333333333,41,56.97317073170732
The Paradox of Lisbon II,622.4316666666666,91,70.76263736263736
Tender Legacy II,622.365,65,55.244615384615386
Glass Expedition,620.855,47,71.21489361702127
Eternal Paradox II,620.7833333333333,45,71.2911111111111
The Circuit of Bangkok IV,620.7816666666666,64,61.5828125
The Kingdom of Seoul VI,620.715,60,68.97
The Affair of Sydney,619.0683333333334,45,73.70444444444443
The Harvest of Sydney II,618.8466666666667,64,88.1703125
The Pact of Lagos II,618.7616666666667,43,73.4186046511628
Crooked Oslo III,617.6666666666666,51,58.97843137254902
Detroit Cipher,617.425,47,68.89574468085107
Marseille Frequency VI,617.4233333333333,41,73.81463414634146
Iron Istanbul,616.5883333333334,74,64.09729729729729
Toronto Expedition VI,616.0333333333333,56,82.50178571428572
Frozen Anatomy,615.635,73,54.40684931506849
Wild Protocol II,613.9766666666667,45,44.13333333333333
Tender Sanctuary,613.595,52,68.60576923076923
Bangkok Syndicate III,613.4683333333334,48,77.92708333333333
The Expedition of Istanbul II,613.3366666666667,45,75.71555555555555
Last Syndicate II,613.1033333333334,33,64.96363636363637
Broken Istanbul V,611.82,53,61.73207547169812
Phantom Garden II,611.8083333333333,134,64.60597014925374
Lisbon Odyssey,611.605,66,61.77424242424242
Bangkok Echoes II,611.3216666666667,36,70.75555555555555
Tender Horizon,610.66,131,62.15114503816794
Gilded Circuit II,609.6899999999999,85,76.30235294117647
Lost Madrid,609.565,49,55.53265306122449
Bangkok Confession II,609.4483333333334,50,75.24
The Inheritance of Toronto,609.2333333333333,48,62.68125
Cairo Empire,609.0866666666667,72,65.07499999999999
Seoul Paradox III,608.8233333333334,63,67.11428571428571
Savage Cipher II,608.7183333333334,52,76.01346153846154
Oslo Verdict III,608.225,40,73.1075
Velvet Departure,608.07,58,71.89827586206897
Distant Horizon II,607.8816666666667,47,76.07659574468084
Golden Anatomy III,607.495,49,54.375510204081635
Lost Tide III,606.9683333333334,53,74.36792452830188
Hollow Lagos II,606.935,70,62.52428571428571
The Heist of Hamburg VII,606.3133333333334,84,72.18214285714286
The Empire of Cairo,605.4233333333333,53,65.64339622641509
The Reckoning of Cairo,604.6,49,56.26734693877551
Marseille Heist III,604.405,46,53.27173913043478
Jakarta Protocol II,604.295,64,60.5296875
Shattered Paradox II,604.0433333333333,77,79.23766233766234
Eternal Tokyo V,603.92,58,69.18448275862069
The Throne of Marseille III,602.8666666666667,117,66.06581196581196
Iron Oslo,602.2666666666667,46,62.34782608695652
Oslo Garden,602.265,53,56.06981132075472
Silent Kingdom,601.9166666666666,108,64.30833333333334
Gilded Lagos III,601.72,50,68.384
Broken Mumbai,601.635,64,47.9640625
The Storm of Toronto,601.4816666666667,111,65.68018018018019
The River of Cairo III,601.2183333333334,50,71.57
Sacred Empire III,600.9533333333334,67,66.76716417910447
Broken Detroit II,600.2483333333333,50,66.696
Berlin Pact,600.1716666666666,418,53.84354066985646
Neon Frequency,600.0116666666667,37,51.47567567567568
The Sanctuary of Bangkok,599.9833333333333,49,62.785714285714285
Mumbai Reckoning,598.745,54,69.87407407407407
Restless River,598.1566666666666,57,68.58947368421053
The Throne of Bogota V,598.1266666666667,79,70.1
The Garden of Marseille II,597.0616666666667,49,74.3
The Departure of Cairo,597.0116666666667,54,70.1962962962963
Glass Detroit II,596.745,57,79.31052631578947
The Throne of Bangkok II,596.3316666666667,56,62.096428571428575
Eternal Jakarta,596.215,36,57.102777777777774
The Requiem of Sydney,596.1116666666667,66,77.2030303030303
Toronto Algorithm,596.045,70,73.40142857142858
Distant Bogota III,595.84,42,60.62857142857143
The Circuit of Naples V,595.7166666666667,50,38.936
The Inheritance of Bangkok,595.495,49,62.31836734693877
Seoul Odyssey,595.4566666666667,48,37.21875
Tender Requiem,595.4083333333333,45,59.69111111111111
Tender Syndicate II,595.31,71,74.41971830985916
Frozen Bogota IV,595.1583333333333,60,69.12166666666667
Falling Requiem,595.1066666666667,44,60.11136363636364
The Requiem of Mumbai II,594.61,40,54.65
Mumbai Throne IV,592.39,61,77.07540983606557
Savage Paradox,592.0516666666667,48,58.73333333333333
Seoul Storm IV,591.52,80,69.31375
The Circuit of Cairo III,591.215,44,73.82272727272726
Shattered Lisbon,591.08,42,60.14047619047619
The Requiem of Toronto II,590.57,55,52.29272727272727
Wild Cairo III,588.2133333333334,571,64.3863397548161
The Harvest of Naples III,587.9033333333333,47,64.1468085106383
The Reckoning of Tokyo II,587.6183333333333,43,60.283720930232555
Phantom Sydney IV,587.4716666666667,40,69.45
Lisbon Reckoning IV,587.3383333333334,39,78.70769230769231
Wild Bogota II,587.1933333333334,56,67.2125
Falling Storm,586.2816666666666,45,53.620000000000005
Broken Marseille IV,586.005,36,78.26666666666667
Toronto Sanctuary II,585.5116666666667,58,65.98103448275862
Detroit Heist IV,585.37,52,68.91346153846153
Mumbai Crown II,584.8966666666666,65,61.213846153846156
Hidden Reckoning II,584.78,43,67.98837209302326
The Echoes of Detroit III,584.655,88,67.79772727272727
Lagos Tide,583.8983333333333,64,47.190625
Savage Paradox III,583.8066666666666,41,76.28292682926829
Hollow Seoul IV,583.7766666666666,64,60.8046875
Bangkok Algorithm IV,583.6583333333333,38,65.82631578947368
Hamburg Storm IV,583.285,98,69.7469387755102
The Kingdom of Mumbai,582.84,57,63.907017543859645
Tokyo Empire VII,582.1983333333334,52,77.75
Wild Jakarta II,581.845,55,61.021818181818176
Lisbon Legacy,581.53,45,62.53777777777778
The Storm of Berlin V,581.475,60,58.735
Neon Echoes II,580.845,90,65.19444444444444
Sacred Echoes II,580.4666666666667,49,67.69183673469388
Lagos Garden V,580.1683333333333,54,52.324074074074076
Lisbon Protocol VI,580.1,116,60.0103448275862
Detroit Horizon,579.95,46,75.64347826086956
Iron Requiem,579.86,50,75.804
Naples Inheritance II,579.78,43,56.18139534883721
Crimson Detroit II,579.1833333333333,66,75.21818181818182
The Reckoning of Tokyo IV,579.1733333333333,49,75.44489795918368
Hollow Istanbul,579.16,38,62.20789473684211
Crimson Oslo III,579.085,57,76.96842105263157
The Harvest of Cairo III,578.8416666666667,44,58.72727272727273
Crimson Odyssey,578.1116666666667,67,59.917910447761194
Istanbul Departure,577.6283333333333,69,67.51014492753623
The Horizon of Istanbul IV,577.0133333333333,58,65.45172413793104
Bogota Lighthouse III,576.995,49,53.52448979591836
Madrid Legacy II,576.8166666666666,45,66.77111111111111
The Echoes of Jakarta,576.29,43,65.37441860465115
Midnight Ledger,576.1516666666666,50,55.754
Midnight Lagos II,575.725,52,62.43076923076923
Neon River III,575.4783333333334,56,53.105357142857144
The Echoes of Sydney II,574.8516666666667,59,77.3271186440678
Midnight Algorithm II,574.43,46,65.0391304347826
Neon Inheritance,574.2983333333333,58,64.29655172413793
Endless Istanbul VI,574.1183333333333,140,59.145714285714284
Hollow Seoul II,573.8766666666667,78,71.77564102564102
Sacred Empire II,573.6166666666667,49,59.12244897959184
Seoul Throne III,573.375,41,69.40487804878049
The Promise of Toronto II,573.325,58,65.02586206896552
Electric Throne II,572.7483333333333,46,59.86521739130435
The Syndicate of Naples II,572.5866666666667,54,64.25925925925925
Lost Mirror II,572.5533333333334,62,69.96290322580644
Madrid Departure IV,572.2583333333333,45,64.22666666666666
Mumbai Mirror II,572.0216666666666,385,67.53792207792208
The Tide of Marseille III,571.9533333333334,54,84.06111111111112
Paper Marseille II,571.3033333333334,37,68.92702702702704
Jakarta Sanctuary,570.955,58,65.62758620689655
Paper Lisbon V,570.28,56,64.04464285714286
Bitter Inheritance IV,570.0333333333333,77,82.25974025974025
Wild Echoes II,569.8316666666667,50,61.606
Bangkok Throne II,569.335,36,75.3111111111111
Detroit Tide,569.2883333333333,57,67.94385964912281
The Cipher of Jakarta II,569.2716666666666,74,65.46891891891892
The Cipher of Istanbul,569.1816666666666,52,70.16730769230769
Forgotten Detroit V,569.0233333333333,72,58.540277777777774
Tokyo Paradox,568.8383333333334,494,62.243927125506076
Madrid Echoes,568.1466666666666,151,60.84900662251656
Tender Bogota IV,568.0633333333333,45,50.09111111111111
Hollow Sydney IV,567.8316666666667,77,65.84415584415585
Wild Toronto III,567.8083333333333,47,61.01702127659575
Mumbai Lighthouse V,567.635,67,64.18805970149255
Broken Lighthouse II,567.41,44,84.2909090909091
The Echoes of Madrid IV,566.1116666666667,47,73.74468085106383
Eternal Oslo,565.9533333333334,109,46.35963302752293
Electric Sydney IV,565.74,52,58.64807692307692
The Confession of Tokyo,565.3916666666667,56,78.16607142857143
Scarlet Marseille III,565.215,50,60.562
The Algorithm of Madrid III,564.94,34,50.49411764705882
Broken Crown,564.6933333333334,72,64.02361111111111
The Cipher of Detroit,564.6433333333333,42,65.84285714285714
Istanbul Horizon IV,564.4066666666666,41,58.99512195121952
The Verdict of Istanbul III,564.3733333333333,37,71.4972972972973
Forgotten Lighthouse,564.235,65,59.190769230769234
Falling Kingdom III,564.1683333333333,52,60.275000000000006
The Protocol of Cairo,563.7666666666667,87,60.00114942528736
Shattered Promise,563.385,36,63.875
Mumbai Anatomy VI,563.1433333333333,52,42.74230769230769
Paper Throne II,562.9616666666667,57,69.71228070175438
The Heist of Lagos,562.96,56,74.46428571428571
Silent Berlin,562.3966666666666,64,71.7328125
Mumbai Lighthouse VII,562.3633333333333,78,68.66666666666667
The Horizon of Istanbul III,561.9666666666667,59,75.19830508474575
The Crown of Tokyo III,561.9183333333333,58,56.984482758620686
The Shadows of Marseille II,561.8266666666667,120,80.72
Lagos Ledger III,561.5133333333333,51,74.89019607843137
Electric Lagos,560.87,45,86.56
Broken Lighthouse IV,560.6800000000001,49,70.0530612244898
Crooked Lighthouse,560.6316666666667,46,63.92391304347826
Jakarta Anatomy II,560.4316666666666,48,74.52916666666667
Detroit Mirror II,560.075,103,59.75048543689321
The Sanctuary of Oslo,559.9916666666667,35,69.71714285714286
Madrid Ledger,559.8383333333334,52,60.825
The Circuit of Toronto II,559.555,41,72.20975609756097
Last Oslo III,559.4016666666666,51,61.44901960784314
The Syndicate of Madrid VI,558.8666666666667,51,52.67843137254902
Last Paradox,558.7483333333333,55,66.39636363636365
Gilded Protocol,558.6766666666666,51,61.77450980392157
The Empire of Cairo II,558.5516666666666,77,60.45194805194805
The Algorithm of Lagos II,558.4766666666667,45,60.44888888888889
Detroit Crown II,558.345,46,86.08260869565218
Burning Throne IV,558.3183333333333,34,73.40588235294118
Tender Istanbul,557.4366666666666,431,66.8969837587007
Brilliant Inheritance II,557.19,51,65.02549019607844
Lagos Anatomy V,556.845,52,61.190384615384616
Scarlet Madrid VI,556.71,40,56.725
Naples Horizon,556.0583333333334,41,57.78780487804878
Paper Lagos II,555.9983333333333,66,73.67727272727272
The Legacy of Berlin III,555.9833333333333,51,69.58627450980393
Endless Toronto,555.8233333333334,51,80.72745098039216
Hollow Naples,555.37,44,64.39999999999999
Tender Promise,555.2466666666667,39,53.42564102564102
Broken Detroit,554.8416666666667,53,62.316981132075476
Golden Tide,554.5433333333333,48,64.18124999999999
Berlin Paradox II,554.39,80,59.40375
Mumbai Tide,553.9499999999999,50,56.141999999999996
Silent Naples III,553.7633333333333,44,63.559090909090905
The Odyssey of Lagos II,553.74,38,74.34736842105262
Bogota Algorithm II,553.61,64,56.546875
Reckless Bogota,553.3383333333334,55,59.18727272727273
Electric Storm II,553.2583333333333,57,63.64035087719298
The Storm of Toronto V,552.9766666666667,70,65.83
Detroit Paradox IV,552.8233333333334,57,57.72631578947369
Eternal Crown III,552.7683333333333,50,69.096
Hollow Sydney II,552.5683333333334,61,60.99672131147541
Glass Inheritance III,552.46,43,69.45116279069768
Toronto Paradox,552.1783333333333,37,65.64864864864865
Golden Paradox II,551.7816666666666,49,62.55918367346939
The Legacy of Seoul IV,551.6433333333333,50,70.056
Crooked Marseille V,551.4616666666667,47,47.410638297872346
Scarlet Hamburg,551.12,54,62.80925925925926
The Algorithm of Madrid V,551.0916666666667,47,56.37446808510638
Shattered Kingdom,550.9916666666667,55,79.50363636363636
The Inheritance of Marseille II,550.9316666666666,60,51.97166666666667
The Syndicate of Oslo,550.7933333333333,50,43.718
Lagos Legacy,550.2033333333334,40,59.1625
Midnight Bangkok VII,550.145,82,54.25121951219513
The Horizon of Oslo II,549.83,42,62.34285714285714
Forgotten Lighthouse II,549.3566666666667,59,77.59491525423729
Silent Algorithm II,548.4616666666667,43,53.47906976744186
Cairo Protocol III,548.4483333333334,49,82.30204081632654
Last Jakarta,548.375,50,59.821999999999996
Midnight Echoes,547.43,42,72.41190476190476
Savage Pact,547.39,44,64.01818181818182
Mumbai Departure V,547.0333333333333,76,75.24078947368422
The Garden of Istanbul,546.6383333333333,62,55.28225806451613
The Inheritance of Tokyo II,546.3916666666667,55,65.35818181818182
The Horizon of Hamburg,546.0783333333334,57,79.83859649122807
Jakarta Inheritance,545.6916666666667,49,68.74081632653062
Reckless Cipher,544.3383333333334,45,56.69333333333333
The Throne of Mumbai VII,543.9616666666667,131,63.89923664122137
Gilded Algorithm,542.5783333333334,42,75.1
Paper Cairo,542.27,43,54.358139534883726
The Confession of Toronto II,542.1616666666666,86,74.1686046511628
Distant Marseille II,541.3116666666667,50,63.678000000000004
Brilliant Anatomy II,541.305,60,55.69666666666667
The Kingdom of Seoul III,541.0233333333333,41,67.66585365853659
Hollow Tokyo II,540.7466666666667,49,62.3530612244898
Endless Horizon III,540.54,48,59.57708333333333
Hollow Crown II,540.34,54,51.31666666666666
Toronto Garden V,540.125,42,67.6952380952381
The Empire of Naples,539.8566666666667,46,62.75869565217391
Toronto Expedition VII,539.6266666666667,102,60.69509803921568
Burning Pact,539.5516666666666,98,61.17142857142857
The Verdict of Bogota,539.54,46,65.15434782608695
Phantom Madrid V,539.1,36,71.3111111111111
The Circuit of Toronto III,538.7316666666667,58,71.45344827586207
Tokyo Mirror III,538.6466666666666,47,78.49361702127659
Marseille Promise II,538.4366666666666,54,59.351851851851855
Eternal Crown II,538.1816666666666,61,68.74754098360657
The Sanctuary of Lisbon III,538.1316666666667,47,59.63617021276596
Mumbai Garden II,537.98,350,68.31457142857143
Naples River V,537.9183333333333,49,64.57551020408162
The Promise of Lisbon,537.7483333333333,53,74.9679245283019
Seoul Departure II,537.4433333333334,38,80.04736842105264
Iron Paradox,536.6966666666667,108,76.45277777777777
Lisbon Circuit,536.5933333333334,81,66.24938271604938
The Verdict of Sydney II,536.365,48,53.21458333333334
Scarlet Horizon II,535.9466666666667,127,76.96377952755905
Quiet Affair,535.8766666666667,76,75.01315789473684
Crooked Sydney,535.4566666666667,36,59.03055555555555
Hamburg Throne,534.7966666666666,51,62.41764705882353
The Shadows of Bogota,534.2116666666667,50,62.11600000000001
Mumbai Paradox III,534.135,53,64.33207547169812
The Protocol of Bangkok II,533.72,47,74.22340425531915
Whispering Protocol,533.6983333333334,54,61.77777777777778
Hollow Berlin III,533.6133333333333,50,63.523999999999994
The Frequency of Lisbon III,533.4933333333333,80,73.285
Endless Throne II,533.3383333333334,68,64.64117647058823
Cairo Circuit,533.2,54,67.71111111111111
Quiet Oslo,533.0116666666667,97,76.31958762886597
Tokyo Circuit III,532.9233333333333,55,67.28363636363636
Lisbon Paradox II,531.9783333333334,70,79.16285714285713
The Reckoning of Mumbai V,531.8383333333334,56,71.94642857142857
Cairo Tide,531.825,40,73.86
Cairo Lighthouse III,531.6966666666667,56,70.32678571428572
Lagos Paradox II,531.6133333333333,55,75.31272727272727
Velvet Expedition II,531.3266666666667,50,73.8
Hamburg Kingdom,531.29,47,61.42765957446808
Broken Istanbul,531.0766666666667,51,72.30588235294117
Golden Toronto,530.9033333333333,61,73.13770491803278
The Paradox of Bogota,530.6416666666667,57,64.87368421052632
The Affair of Seoul V,530.4216666666666,81,59.529629629629625
The Mirror of Mumbai,530.4216666666666,106,69.82358490566038
Velvet Confession II,529.51,45,77.15777777777778
Cairo Protocol II,529.085,46,58.084782608695654
Berlin Cipher,529.0483333333333,64,62.625
Reckless Anatomy,528.22,49,49.7530612244898
Cairo Legacy II,527.9133333333333,97,69.77628865979382
Burning Throne VI,526.9416666666667,49,71.68571428571428
The Storm of Lisbon IV,526.8766666666667,40,65.64500000000001
Forgotten Naples,526.645,89,65.74719101123596
Broken Madrid II,526.5066666666667,67,64.7641791044776
Gilded Toronto,526.3466666666667,42,66.3
Wild Garden II,526.225,43,69.27674418604651
Hidden Jakarta II,526.12,73,75.07534246575342
The Pact of Lisbon IV,525.075,48,60.77916666666667
Forgotten Kingdom,524.8149999999999,64,86.321875
Oslo Paradox IV,524.5933333333334,151,51.086092715231786
The River of Madrid III,524.1733333333333,122,69.86803278688524
Golden Affair III,523.7266666666667,60,58.785
Electric Algorithm II,523.1266666666667,96,63.73229166666667
Wild Detroit III,522.5066666666667,55,67.86
Paper Horizon II,521.8066666666666,49,57.04897959183673
Neon Departure,521.7266666666667,65,68.02153846153846
Hollow Toronto II,521.7083333333334,49,74.19795918367346
Istanbul Echoes IV,521.0866666666667,56,64.84821428571429
Crooked Protocol IV,521.0016666666667,40,63.44
Istanbul Throne IV,520.6983333333334,68,76.58088235294117
Lost Oslo II,520.6416666666667,53,56.132075471698116
Bogota Algorithm IV,520.3066666666666,49,64.3530612244898
Forgotten Tide,520.2,46,56.539130434782614
Midnight Bangkok IV,520.1316666666667,90,77.05333333333334
Forgotten Echoes,519.245,89,63.64269662921348
Reckless Odyssey II,519.0966666666667,51,63.61764705882353
Marseille Syndicate II,518.4466666666667,45,45.928888888888885
Crooked Lagos IV,518.36,49,47.86938775510204
Paper Hamburg,517.895,50,75.878
Forgotten Jakarta,517.575,56,80.37857142857142
Berlin Verdict II,517.5283333333333,53,61.028301886792455
Berlin Requiem III,517.3633333333333,111,62.983783783783785
Distant Algorithm II,515.9866666666667,44,63.96363636363637
The Cipher of Bangkok III,515.775,60,54.526666666666664
Distant Mirror III,515.1466666666666,55,62.44
Eternal Sydney II,514.9116666666666,43,46.6953488372093
Lagos Sanctuary III,514.6816666666666,60,58.485
Berlin Requiem,514.5516666666666,41,69.72682926829269
The Circuit of Oslo,514.35,37,60.45135135135135
Tokyo Syndicate VI,514.175,41,77.89268292682927
Golden Frequency,514.095,63,58.284126984126985
Detroit Protocol II,514.0433333333333,42,70.61428571428571
Restless Cipher II,513.8966666666666,45,58.55777777777777
The Circuit of Lagos,513.7016666666667,53,79.12264150943396
Iron Affair,513.3966666666666,58,75.32931034482759
Frozen Shadows II,513.3433333333334,49,69.60816326530613
Endless Berlin III,512.7116666666667,63,73.98253968253968
Toronto Departure II,512.7016666666667,45,66.11111111111111
The Verdict of Jakarta II,512.355,54,43.92962962962962
The Echoes of Berlin,512.2683333333333,43,72.93720930232558
Oslo Harvest II,512.1966666666667,48,53.89791666666667
Sacred Storm II,512.0233333333333,45,60.95777777777778
The Departure of Bangkok,511.94166666666666,50,67.354
The Anatomy of Oslo III,511.79333333333335,42,52.07142857142857
Falling Seoul IV,511.205,51,48.819607843137256
Toronto Storm IV,510.835,70,73.71428571428571
Broken Seoul IV,510.525,38,64.89999999999999
Lagos Crown II,510.0466666666667,63,64.25555555555556
Toronto Ledger VI,509.79833333333335,61,58.3016393442623
Bangkok Tide VI,509.64,42,54.166666666666664
Endless Tide,509.53833333333336,50,67.036
Crooked Kingdom II,509.51166666666666,67,64.81343283582089
Velvet Detroit II,508.98,44,56.33863636363637
Restless Algorithm II,508.71,95,63.75052631578948
The Empire of Seoul II,508.365,72,61.576388888888886
Mumbai Heist V,507.89,67,61.8865671641791
Tokyo Reckoning IV,507.69166666666666,48,52.10833333333333
Shattered Naples II,507.51166666666666,47,64.27446808510639
Hidden Crown,507.3883333333333,41,53.95609756097561
Lisbon Frequency,507.16,506,69.1197628458498
The Legacy of Cairo II,506.64166666666665,62,72.95806451612903
Velvet Cairo IV,506.61,48,46.9125
The Shadows of Istanbul V,506.5466666666667,126,65.54761904761905
Phantom Sanctuary II,506.36,51,61.28627450980392
Lagos Circuit II,506.3416666666667,67,75.57761194029851
The Sanctuary of Seoul IV,506.27,61,66.93114754098362
Iron Istanbul VI,506.19666666666666,47,57.90212765957447
Bitter Circuit,506.1666666666667,85,71.46117647058823
The Expedition of Jakarta IV,506.07666666666665,86,78.81162790697675
Lisbon Heist II,505.9216666666667,47,50.774468085106385
Reckless Syndicate II,505.76666666666665,61,69.09180327868853
Mumbai Ledger,505.54833333333335,53,61.9377358490566
Tender Cipher II,505.5316666666667,60,63.833333333333336
Broken Bangkok III,505.27,44,73.60454545454546
Paper Seoul III,505.2583333333333,54,58.970370370370375
Reckless Mumbai IV,505.21,50,60.14
The Promise of Sydney,504.9433333333333,72,50.268055555555556
Naples Legacy IV,504.91833333333335,373,78.85603217158177
Eternal Tokyo IV,504.86833333333334,44,71.71136363636364
The Harvest of Cairo,504.855,41,68.40731707317073
The Syndicate of Detroit V,504.6666666666667,50,67.284
Madrid Syndicate IV,504.1633333333333,68,61.78382352941177
Wild Garden III,504.12333333333333,74,46.34594594594594
The Syndicate of Sydney,503.6983333333333,37,55.34864864864865
Oslo Anatomy III,503.69166666666666,47,61.58723404255319
Frozen Empire,503.2866666666667,72,62.13333333333334
Restless Paradox III,503.12333333333333,51,77.37254901960785
Scarlet Cairo III,502.59000000000003,59,66.37457627118644
Reckless Cipher II,502.35833333333335,83,71.20481927710843
The Affair of Berlin II,501.87833333333333,70,65.17714285714285
Eternal Berlin,501.01666666666665,52,77.69615384615385
Lisbon Promise,500.9733333333333,77,51.63246753246753
The Kingdom of Madrid II,500.8983333333333,36,61.84444444444445
Iron Requiem II,500.7366666666667,64,63.8703125
Falling Ledger,500.69166666666666,124,70.22661290322581
The Paradox of Naples III,500.17333333333335,50,62.526
Broken Bogota II,499.73833333333334,48,80.08749999999999
The Throne of Toronto,499.67333333333335,59,76.29830508474576
Marseille Garden II,499.61333333333334,39,62.802564102564105
Wild Odyssey,499.11333333333334,39,58.171794871794866
The Cipher of Bangkok II,498.96166666666664,307,67.71726384364821
Madrid Empire III,498.9166666666667,58,62.341379310344834
The Reckoning of Bogota,498.75,78,71.04743589743589
Seoul Empire II,498.58,83,65.29277108433735
Neon Cairo IV,498.4916666666667,57,71.3859649122807
The Circuit of Toronto V,498.335,53,62.6754716981132
Paper Confession VII,497.8,39,63.828205128205134
Savage Frequency,497.7633333333333,62,76.46129032258065
Eternal Mumbai,497.67,44,65.50681818181819
Crimson Confession II,497.6383333333333,48,65.83125
Restless Tide,497.6166666666667,32,42.321875
Mumbai Departure II,497.225,54,53.68518518518518
Crimson Mirror III,496.905,54,59.75
The Kingdom of Jakarta III,496.6566666666667,375,77.90426666666666
Cairo Algorithm III,496.14166666666665,44,71.97045454545454
Broken Verdict,495.9533333333333,36,57.40277777777778
The Promise of Cairo IV,495.9266666666667,70,63.440000000000005
The Odyssey of Detroit,495.92,35,56.222857142857144
The Affair of Naples VI,495.3516666666667,35,76.91714285714285
Sacred Storm,495.2633333333333,225,75.90133333333333
Hollow Mumbai VI,495.18833333333333,93,68.26236559139785
Cairo Harvest IV,495.00666666666666,63,67.16190476190476
Rising Pact,494.66666666666663,36,74.94444444444444
The Anatomy of Madrid III,494.245,48,81.71458333333334
Midnight Syndicate III,493.72833333333335,42,63.88809523809524
The Protocol of Mumbai,493.55833333333334,62,59.85322580645161
Jakarta Kingdom IV,493.53166666666664,49,45.78367346938776
Istanbul Echoes V,492.8616666666667,48,62.60208333333333
Hidden Mumbai II,492.78333333333336,63,58.669841269841264
Lagos Anatomy IV,492.77,49,48.977551020408164
The Algorithm of Lagos III,492.6766666666667,79,68.03164556962025
Istanbul Legacy,492.3466666666667,43,75.4906976744186
Quiet Lisbon II,492.3066666666667,57,49.82631578947368
Quiet Mumbai II,492.00333333333333,533,69.23227016885554
Shattered Paradox III,491.45,64,60.9390625
Forgotten Sydney VI,491.415,54,56.87592592592593
The Ledger of Jakarta V,490.84,49,47.69795918367347
Whispering Lagos IV,490.485,50,58.86
The Throne of Berlin,490.18333333333334,50,68.082
Phantom Kingdom VI,490.025,52,74.49615384615385
The Syndicate of Lisbon III,489.96833333333336,378,77.00185185185185
Sacred Mumbai V,489.175,55,80.12363636363636
The Storm of Bogota V,488.62666666666667,45,67.86222222222223
Golden Berlin,488.2166666666667,67,72.8641791044776
Gilded Paradox II,488.01666666666665,279,76.60501792114695
Lost Cairo IV,487.8933333333333,56,58.86607142857143
Gilded Hamburg IV,487.46166666666664,50,79.262
Tender Ledger,487.19,40,62.1425
The Syndicate of Bogota IV,487.16833333333335,40,79.0025
Oslo Pact II,486.84833333333336,54,59.96666666666666
The Reckoning of Cairo III,485.93333333333334,50,60.738
Detroit Garden II,485.88,62,61.21935483870968
Scarlet Paradox,485.3066666666667,42,64.1952380952381
Marseille Crown III,484.76166666666666,47,66.96808510638297
Forgotten Storm III,484.25333333333333,37,72.84054054054054
The Cipher of Madrid,484.165,97,68.06701030927834
The Harvest of Bangkok II,484.07666666666665,40,67.235
Madrid Reckoning,483.72499999999997,44,72.32954545454545
Bogota Storm II,483.5883333333333,50,72.542
Detroit Storm II,483.3516666666667,50,66.822
Neon Pact,483.14666666666665,89,74.0247191011236
Broken Cairo II,482.47,47,70.7936170212766
Rising Tide,482.45,70,71.78857142857143
The Algorithm of Jakarta II,482.19666666666666,63,62.22698412698413
Forgotten Tokyo II,482.02166666666665,56,76.85714285714286
Sydney Inheritance,481.99,56,54.13928571428572
Brilliant Ledger III,481.96833333333336,44,38.029545454545456
Sacred Toronto II,481.69666666666666,58,60.40344827586207
The Garden of Istanbul IV,480.95166666666665,45,74.47333333333334
Hidden Heist II,480.90166666666664,47,53.48085106382978
The Cipher of Oslo IV,480.8983333333333,86,71.69302325581396
Tender Inheritance II,480.74333333333334,57,73.76315789473684
Silent Madrid II,480.69166666666666,44,57.50454545454545
Hollow Pact III,480.4166666666667,41,67.34634146341463
The Sanctuary of Berlin III,480.4,45,63.111111111111114
Tender Tokyo,480.37333333333333,44,66.17045454545455
The Departure of Detroit,480.32666666666665,51,53.8156862745098
The Paradox of Bangkok II,480.0283333333333,43,68.06511627906977
Hidden Heist III,479.81,179,67.01396648044692
The Legacy of Toronto,479.425,50,58.464
Shattered Horizon,479.395,40,51.5475
Savage Frequency II,479.0233333333333,52,69.0923076923077
The Affair of Sydney II,478.74666666666667,64,66.49375
Marseille Legacy III,478.67,54,66.47592592592592
Sacred Oslo VII,478.55,43,46.65813953488372
The Affair of Mumbai II,478.46666666666664,57,63.592982456140355
Bogota Throne,478.15,50,70.316
Neon Reckoning,478.0883333333333,50,77.11
Bitter Inheritance,478.0516666666667,55,62.08545454545454
Frozen Crown II,477.99,52,58.92307692307692
Quiet Toronto,477.945,64,48.490625
Bitter Istanbul IV,477.1983333333333,48,54.62083333333334
Mumbai Heist VI,476.84333333333336,41,71.79512195121951
Burning Marseille III,476.83666666666664,47,54.99574468085107
Quiet Bangkok III,476.45666666666665,45,77.85555555555555
The Syndicate of Lisbon,475.83166666666665,48,47.9625
Whispering Bogota,475.805,50,62.608000000000004
Madrid Departure V,475.72333333333336,73,62.063013698630144
The Cipher of Cairo,475.62833333333333,59,58.989830508474576
Bitter Circuit III,475.38666666666666,49,65.5530612244898
Hollow Cairo,474.86333333333334,44,53.95681818181818
Electric Shadows III,474.275,63,54.026984126984125
Toronto Expedition II,473.78666666666663,69,60.57971014492754
Seoul Ledger,473.45,54,56.2
Lost Toronto III,472.91333333333336,93,79.45698924731182
The Departure of Lisbon IV,472.7966666666667,50,78.80199999999999
Silent Bogota II,472.71166666666664,41,60.048780487804876
Bangkok Verdict,472.685,64,70.34375
Restless Sanctuary II,472.615,51,59.40980392156863
The Ledger of Marseille II,472.45666666666665,107,63.08130841121495
Detroit Promise III,472.05833333333334,53,67.47358490566037
The Frequency of Toronto III,471.5,38,63.3078947368421
The Paradox of Mumbai III,471.4766666666667,37,75.84594594594596
Gilded Mumbai III,470.74333333333334,49,60.036734693877555
The Harvest of Sydney,470.16333333333336,32,85.921875
The Algorithm of Bogota VI,470.0083333333333,47,61.731914893617024
Endless Madrid IV,469.825,108,65.91388888888889
Lisbon Affair II,469.765,36,70.54166666666667
Lisbon River II,469.67333333333335,59,54.27627118644068
The Harvest of Marseille,469.66833333333335,108,60.40185185185185
Quiet Pact,469.415,60,39.916666666666664
Eternal Odyssey III,469.08666666666664,53,56.73396226415095
The Heist of Mumbai II,468.94,59,55.454237288135594
Distant Bogota II,468.5516666666667,32,54.23125
Bogota Algorithm V,468.54,40,68.9075
The Legacy of Marseille IV,468.2416666666667,42,56.31428571428571
Naples Crown,468.09,47,47.089361702127654
Phantom Paradox,468.0466666666667,43,61.848837209302324
Toronto Horizon II,467.93833333333333,49,77.22448979591837
Crooked Madrid,467.52500000000003,70,61.841428571428565
Tender Mumbai V,467.52166666666665,38,55.79473684210526
Savage Seoul,466.50333333333333,101,61.58613861386139
The Sanctuary of Naples,466.435,40,68.5975
Detroit Shadows II,466.29,116,57.9801724137931
The River of Lagos,465.91333333333336,60,69.33500000000001
Eternal Detroit II,465.865,85,74.74
Velvet Lagos,465.17,50,54.726000000000006
Seoul Paradox V,464.84833333333336,62,57.667741935483875
The Odyssey of Madrid II,464.3983333333333,72,77.39861111111111
Crooked Mumbai,464.3433333333333,50,44.224
The Protocol of Seoul,463.87166666666667,60,75.795
The Mirror of Madrid,463.6383333333333,56,71.37678571428572
Electric Bogota II,463.55333333333334,228,85.30614035087719
Frozen Circuit,463.485,52,65.54038461538461
Bangkok Lighthouse II,462.7783333333333,46,68.43478260869566
Last Sanctuary III,462.5833333333333,124,63.95
Oslo Garden III,462.53000000000003,65,60.643076923076926
Glass Lagos V,462.2166666666667,55,58.35454545454545
Sydney Kingdom III,460.50166666666667,331,57.96888217522659
The Garden of Bogota VI,460.3,41,57.27804878048781
Sacred Hamburg II,460.2416666666667,36,66.58333333333333
Jakarta Anatomy III,459.9316666666667,47,50.836170212765964
Mumbai Frequency,459.86833333333334,347,68.54985590778098
Crimson Odyssey II,459.6933333333333,78,60.14102564102564
Savage Odyssey,459.3983333333333,42,71.95952380952382
Eternal Cipher,458.87,217,68.20967741935483
The Legacy of Marseille III,458.62166666666667,88,68.57159090909092
Gilded Mumbai II,458.60833333333335,52,49.00192307692308
Naples Inheritance V,458.55,43,72.53720930232558
The Confession of Bogota,458.36833333333334,46,62.27391304347826
Electric Algorithm,458.3666666666667,109,73.34954128440367
Tender Confession,458.06666666666666,50,67.362
The Affair of Naples,457.4066666666667,46,79.33695652173913
Shattered Lighthouse,456.92,74,68.61621621621622
The Kingdom of Marseille,456.87833333333333,69,55.176811594202896
The River of Jakarta II,456.7816666666667,51,62.42549019607843
Shattered Madrid IV,456.7366666666667,113,63.15663716814159
Sacred Legacy III,456.28499999999997,130,47.42923076923077
Velvet Bogota,456.2316666666667,46,60.10217391304347
Golden Oslo III,455.86333333333334,89,60.975280898876406
Toronto Throne,455.795,98,73.8265306122449
Hidden Bangkok III,455.49,67,64.74626865671642
The Cipher of Hamburg IV,455.2033333333333,43,71.2953488372093
Hidden Tide,455.17333333333335,65,83.36
The Protocol of Naples II,454.81333333333333,61,59.64590163934427
Madrid Syndicate II,454.78,46,82.3913043478261
Crimson Reckoning,454.65,285,67.88385964912281
Naples River II,454.5966666666667,55,64.4090909090909
Rising Istanbul,454.5,37,60.513513513513516
The Empire of Detroit,454.455,44,77.6590909090909
Lagos Inheritance II,454.00333333333333,40,61.0225
The Horizon of Jakarta II,453.3333333333333,44,71.87954545454545
Madrid Crown III,453.0966666666667,58,72.33275862068966
Madrid Verdict II,453.0783333333333,62,63.730645161290326
Crooked Shadows II,452.8666666666667,50,66.27199999999999
Distant Tide II,452.6716666666667,99,64.86060606060606
Mumbai Syndicate VI,452.59333333333336,64,72.15625
The Promise of Jakarta III,452.32666666666665,50,55.166000000000004
Phantom Detroit III,452.2966666666667,48,56.08958333333334
Cairo Affair V,451.78,57,64.26315789473684
The Syndicate of Tokyo III,451.7783333333333,57,64.43333333333334
The Verdict of Mumbai II,451.50333333333333,46,68.15217391304348
Detroit Frequency III,451.0133333333333,47,68.05744680851063
Quiet Kingdom,450.93666666666667,267,71.36441947565542
Cairo River,450.865,70,72.63428571428571
Cairo Departure III,450.86,49,63.02040816326531
The Sanctuary of Seoul II,450.71166666666664,56,60.512499999999996
Seoul Storm II,450.62166666666667,58,54.20172413793103
Last Frequency,450.04,38,52.863157894736844
Iron Inheritance,450.0333333333333,50,67.932
Crooked Marseille III,449.975,53,64.32075471698113
Electric Naples,449.6333333333333,48,81.69166666666668
Berlin Confession VI,449.555,39,69.15897435897435
Naples Crown IV,449.3183333333333,65,66.46615384615384
Detroit Cipher II,448.93833333333333,76,73.84078947368421
Marseille Shadows,448.585,40,80.115
Crimson Garden III,448.3933333333333,65,63.87538461538461
Tender Reckoning,448.385,91,57.18131868131868
The Paradox of Bogota II,448.33166666666665,48,70.22916666666667
Oslo Harvest,448.24333333333334,33,62.88787878787879
The Sanctuary of Bangkok II,448.1066666666667,48,76.52291666666666
Scarlet Hamburg IV,447.745,43,68.05348837209303
The Verdict of Cairo,446.95,40,60.235
Broken Harvest,446.925,80,60.07375
Midnight Tokyo V,446.85,56,61.38035714285714
The Ledger of Istanbul IV,446.58166666666665,77,72.5
Frozen Sanctuary III,446.54333333333335,48,84.83333333333333
Tokyo Confession II,446.37666666666667,53,80.21132075471698
Rising Lighthouse,446.25166666666667,68,80.36323529411764
Glass Istanbul VII,446.10333333333335,387,59.11266149870801
The Protocol of Jakarta VI,446.095,47,56.49361702127659
Burning Empire,446.0366666666667,70,58.99714285714286
Seoul Harvest,445.66,40,63.3
Burning Expedition,445.08,43,56.86976744186047
Sydney Kingdom II,444.73833333333334,386,69.82538860103627
Quiet Protocol II,444.03833333333336,46,54.85434782608696
Bogota Lighthouse,444.015,51,62.40588235294117
Phantom Harvest,443.8933333333333,53,56.596226415094335
Forgotten Toronto,443.235,38,60.33157894736842
Hidden Istanbul IV,443.06,47,57.72127659574468
Paper Garden II,443.055,54,71.34814814814816
Quiet Sanctuary,442.97333333333336,67,75.99850746268656
Lost Odyssey,442.61833333333334,62,72.35645161290323
The Pact of Cairo III,442.4533333333333,54,67.71851851851852
Berlin Lighthouse III,442.105,51,44.45490196078431
Sacred Protocol,441.9583333333333,42,53.964285714285715
The Throne of Jakarta,441.76666666666665,44,65.20454545454545
Last Mirror,440.955,48,57.41458333333333
Gilded Empire II,440.86,56,76.18392857142858
Midnight Marseille III,440.57166666666666,96,55.625
Wild Reckoning,440.47833333333335,76,76.26315789473684
Gilded Mumbai V,440.205,48,50.94583333333333
Velvet Oslo V,439.6616666666667,72,67.84861111111111
Oslo Verdict,439.3516666666667,66,57.381818181818176
Detroit Anatomy IV,439.185,43,65.46511627906976
Rising Throne II,439.1533333333333,43,60.79302325581395
The Circuit of Cairo VI,439.035,40,58.075
Tokyo Tide,438.9033333333333,55,69.99636363636364
Eternal Seoul III,438.7133333333333,53,55.179245283018865
Jakarta Mirror III,438.63666666666666,43,70.84186046511627
Reckless Syndicate,438.48833333333334,47,58.306382978723406
Sydney Heist III,438.23,42,57.964285714285715
Hamburg Storm II,438.1766666666667,49,79.84285714285714
Crimson Lagos III,437.9816666666667,101,56.314851485148516
Sydney Inheritance III,437.8616666666667,55,48.25272727272728
Forgotten Marseille,437.60333333333335,49,57.99183673469388
Hidden Istanbul,437.3883333333333,57,72.39824561403509
Falling Sydney II,436.87,118,66.70593220338984
The Requiem of Mumbai V,436.80333333333334,38,52.247368421052634
Toronto Lighthouse III,436.49333333333334,44,68.88636363636364
Distant Berlin IV,436.36,53,74.17735849056604
The Inheritance of Mumbai III,435.8833333333333,43,73.72093023255815
Broken Heist V,435.62,52,54.62692307692308
Berlin Harvest,435.59499999999997,50,57.888000000000005
Golden Bangkok II,435.46833333333336,30,53.85333333333333
Frozen Naples,435.44166666666666,43,69.04186046511629
Seoul Cipher II,435.1766666666667,64,72.3375
Oslo Legacy,435.05333333333334,60,57.54833333333333
Silent Mumbai III,435.01666666666665,60,52.535
The Affair of Oslo,434.895,102,54.66764705882353
The Affair of Lisbon,434.6616666666667,245,76.57877551020408
Gilded Hamburg,434.39,67,67.06865671641792
Electric Odyssey III,434.15833333333336,90,63.06111111111111
Falling Istanbul II,433.535,44,68.11363636363636
Tokyo Departure II,433.46666666666664,290,83.81655172413792
Hidden Madrid IV,433.25666666666666,48,60.17291666666667
The Kingdom of Toronto,433.2166666666667,86,62.18488372093023
Lisbon Anatomy,433.05833333333334,43,65.83023255813953
The Cipher of Sydney IV,432.67,45,68.67333333333333
Tender Sydney,432.5133333333333,67,64.54776119402985
The Promise of Lagos IV,432.36333333333334,52,63.965384615384615
Tokyo Inheritance II,432.21999999999997,51,59.96666666666667
The Anatomy of Bangkok III,432.07166666666666,53,63.52264150943396
The Shadows of Madrid IV,431.85333333333335,277,70.86570397111913
The Ledger of Hamburg IV,431.82,48,48.49791666666667
Iron Inheritance II,430.695,48,70.84375
Broken Lighthouse,430.42,57,73.54912280701755
Hamburg Reckoning IV,430.395,45,64.04888888888888
Gilded Harvest III,430.2733333333333,68,78.12205882352941
Quiet Horizon II,429.83166666666665,50,55.11
Naples Storm,429.7,89,68.48314606741573
Seoul Throne II,429.6116666666667,48,54.793749999999996
Savage Lighthouse,429.215,55,61.61090909090909
Shattered Lagos III,428.95,54,77.88148148148149
Toronto Empire,428.6166666666667,61,63.873770491803285
Forgotten Berlin VI,428.145,35,45.31142857142857
Eternal Kingdom,428.14166666666665,48,71.93541666666667
Phantom Sanctuary III,428.09666666666664,40,65.0725
Gilded Marseille II,427.695,361,53.44764542936288
Naples Odyssey,427.6,37,72.23243243243243
Eternal Detroit III,426.88166666666666,42,36.82380952380952
Midnight Hamburg II,426.49,54,62.68703703703704
Quiet Heist,426.4633333333333,45,60.24
Bangkok Pact III,426.2766666666667,59,68.80677966101695
Tokyo Algorithm III,426.2166666666667,45,58.468888888888884
The Algorithm of Lisbon IV,426.12,336,66.16845238095237
Hamburg Reckoning II,426.01,452,60.1603982300885
Crooked Echoes,425.7683333333333,47,62.90425531914894
Electric Seoul,425.74666666666667,44,52.77272727272727
Naples Legacy II,425.52166666666665,46,62.50652173913044
Quiet Verdict III,425.4066666666667,59,73.32881355932203
The Odyssey of Madrid,425.17833333333334,35,71.04571428571428
Burning Cipher,424.805,46,62.18478260869565
The Paradox of Sydney II,424.8,55,80.73272727272727
Brilliant Cairo VII,424.69166666666666,43,79.0093023255814
Last Tokyo II,424.10166666666663,57,59.04912280701755
The Harvest of Tokyo,424.02,67,48.48805970149253
Golden Requiem III,424.02,55,61.18727272727273
Savage River III,424.015,40,53.722500000000004
Distant Mirror,423.7633333333333,52,47.521153846153844
Sydney Lighthouse,423.69166666666666,48,66.19583333333334
Sydney Shadows,423.6766666666667,54,55.6462962962963
The Throne of Mumbai V,422.955,62,72.5741935483871
Midnight Jakarta III,422.885,43,52.3093023255814
Tender Madrid III,422.69666666666666,56,61.535714285714285
Shattered Verdict II,422.435,372,68.13467741935483
The Pact of Istanbul,422.3066666666667,47,74.06170212765957
Oslo Reckoning II,422.26666666666665,45,63.98
Lisbon Mirror III,422.14166666666665,38,64.96578947368421
The Confession of Jakarta IV,422.1166666666667,59,68.14237288135594
The Paradox of Marseille II,421.96999999999997,63,59.53650793650794
Rising Inheritance,421.8566666666667,68,75.65735294117647
Neon Berlin III,421.83166666666665,344,70.075
Crooked Crown,421.6,47,69.00212765957447
Istanbul Tide III,421.39166666666665,56,50.160714285714285
Frozen Lighthouse,421.06333333333333,48,50.41458333333333
Burning Circuit,420.79,51,56.127450980392155
Reckless Garden,420.6066666666667,115,74.13652173913044
Mumbai Horizon II,418.895,66,75.55
Berlin Shadows,418.81666666666666,37,65.04594594594595
The Protocol of Naples IV,418.7733333333333,41,61.28536585365853
Whispering Lagos III,418.58,71,77.5774647887324
The Requiem of Seoul II,418.5566666666667,50,56.56
Gilded Madrid II,418.195,47,56.795744680851065
The Garden of Lisbon III,417.665,39,50.99487179487179
Brilliant Tide,417.65,39,63.743589743589745
The Reckoning of Tokyo V,417.43666666666667,60,56.79666666666667
The Odyssey of Toronto IV,417.4166666666667,29,78.50344827586207
Bitter Seoul III,416.705,50,60.394
Savage Bogota IV,416.6816666666667,66,63.99242424242424
Bogota Departure II,415.47333333333336,59,60.355932203389834
Midnight Bangkok,415.41833333333335,70,76.07571428571428
Iron Syndicate III,414.29,48,47.07916666666667
Bitter Anatomy III,414.245,331,63.10090634441088
The Promise of Marseille II,414.235,53,50.43018867924528
Tokyo Odyssey IV,414.1716666666667,65,68.27384615384615
Eternal Mumbai V,413.89666666666665,229,78.01877729257642
Midnight Sydney,413.4216666666667,65,66.25538461538463
Falling Berlin III,413.345,71,64.68450704225353
Scarlet Toronto II,412.97333333333336,67,67.73283582089553
Golden Bogota II,412.7916666666667,84,75.60119047619048
Forgotten Frequency,412.12,48,57.49583333333334
Frozen Cairo II,411.9633333333333,51,67.32352941176471
Velvet Paradox,410.9083333333333,42,65.00714285714287
Jakarta Expedition II,410.715,58,60.69137931034483
Whispering Lagos V,410.48333333333335,38,75.54473684210525
Velvet Bogota VI,410.065,45,63.28
Bitter Istanbul II,409.725,55,70.05636363636363
Madrid Promise II,409.365,378,56.01560846560847
Reckless Kingdom III,409.21500000000003,35,60.89714285714286
Toronto Anatomy,409.15166666666664,37,58.0
The Kingdom of Jakarta II,408.9766666666667,59,54.37118644067797
Velvet Shadows,408.84833333333336,132,66.36666666666666
Crooked Mirror,408.84,50,60.424
The Promise of Istanbul II,408.525,50,49.418
The Storm of Mumbai II,408.495,46,61.23913043478261
Quiet Marseille,408.00333333333333,56,72.8625
Electric Tide,407.89833333333337,43,53.59069767441861
Golden Istanbul II,407.70666666666665,39,71.11282051282052
Frozen Affair,407.6016666666667,39,50.01025641025641
Marseille Empire II,407.60166666666663,41,50.20975609756098
The Lighthouse of Marseille III,406.97166666666664,45,70.11333333333333
Brilliant Bogota III,406.49333333333334,44,54.98409090909092
Broken Bangkok,406.465,46,65.2891304347826
Scarlet Anatomy,406.36833333333334,363,65.20936639118457
The Anatomy of Istanbul,406.3016666666667,71,68.12957746478872
Bogota Echoes V,406.2366666666667,314,57.07484076433121
The Kingdom of Bogota,406.18833333333333,42,50.897619047619045
Silent Detroit III,405.71166666666664,71,58.31267605633803
Oslo Protocol II,405.4433333333333,82,71.31829268292684
Wild Protocol,405.4133333333333,44,78.97727272727273
Glass Legacy,405.3233333333333,50,57.898
Tender Naples,405.30333333333334,56,65.99107142857143
Savage Affair,405.19166666666666,46,58.52391304347826
Toronto Requiem III,404.93,50,56.638000000000005
Hamburg Promise II,404.78833333333336,49,65.56326530612245
Last Odyssey II,404.6433333333333,286,68.4590909090909
Savage Bogota II,403.72333333333336,41,72.94146341463414
Endless Expedition II,403.52166666666665,41,62.49024390243902
The Anatomy of Cairo II,403.52,66,67.93484848484849
The Horizon of Marseille II,403.28333333333336,45,43.086666666666666
Midnight Lagos V,403.0283333333333,46,60.84782608695652
The Kingdom of Oslo,402.79,62,73.40322580645162
Distant Madrid,402.62,63,73.73968253968255
Bangkok Inheritance,402.54333333333335,69,51.47536231884058
Crimson Ledger,402.48,35,59.89142857142857
Phantom Naples IV,402.39166666666665,101,55.98316831683169
The Shadows of Istanbul IV,402.345,288,61.631597222222226
Endless Echoes,401.99833333333333,43,58.06511627906977
The Mirror of Oslo IV,401.56166666666667,46,79.35434782608696
Cairo Tide II,401.505,66,65.18181818181819
Glass Lagos VI,401.085,46,67.5891304347826
The Ledger of Oslo II,400.9866666666667,55,73.90181818181819
Rising Tide II,399.7966666666667,43,64.56744186046512
Tokyo Harvest II,399.745,266,63.49962406015038
Brilliant Promise,399.62666666666667,46,68.95
Crimson River,399.5183333333333,64,67.4875
Phantom Mirror II,399.4816666666667,55,64.84181818181818
The Cipher of Oslo III,399.20166666666665,268,81.9902985074627
Jakarta Departure II,398.77666666666664,486,55.318930041152264
The Confession of Sydney III,398.4433333333333,39,63.85641025641026
The Storm of Bogota II,398.06333333333333,75,66.34133333333334
Tender Garden,397.8433333333333,38,63.45263157894736
Last Harvest,397.8233333333333,39,50.0025641025641
The Confession of Sydney II,397.5,52,49.42307692307692
Reckless Promise II,397.37333333333333,58,61.165517241379305
Hidden Bogota,397.31,43,68.44651162790697
Lisbon Cipher,397.27666666666664,238,80.77310924369748
The Throne of Lagos III,397.26,53,70.48867924528302
The Storm of Oslo II,397.24,58,67.15172413793104
Shattered Madrid III,397.11833333333334,40,60.1725
Glass Berlin V,396.46,291,74.31168384879726
Silent Toronto IV,396.13,112,58.949107142857144
Silent Verdict II,396.1016666666667,37,67.97297297297297
The Circuit of Lagos IV,395.8183333333333,54,49.08518518518518
The Sanctuary of Detroit,395.65166666666664,37,72.90810810810811
The Mirror of Oslo II,395.2816666666667,70,61.611428571428576
Lagos Empire II,395.135,275,79.82109090909091
Quiet Shadows,395.055,37,63.554054054054056
Falling Bogota,394.89166666666665,48,60.78333333333333
Istanbul Departure II,394.815,392,59.24413265306123
Broken Istanbul IV,394.7733333333333,88,83.59318181818182
Shattered Detroit,394.51666666666665,55,75.24181818181819
Istanbul Echoes,394.36333333333334,56,58.6875
The Storm of Cairo II,394.23833333333334,44,65.87727272727273
Marseille Kingdom VI,394.115,47,61.659574468085104
Lagos Tide III,393.85,282,67.58262411347518
Wild Algorithm II,393.81,46,76.43260869565218
Falling Seoul VII,393.75666666666666,153,52.41111111111111
Brilliant Lagos III,392.82,30,74.82666666666667
The Crown of Oslo II,392.75666666666666,53,72.17735849056604
Sacred Lisbon,392.73833333333334,65,76.32923076923076
Madrid Tide III,392.32166666666666,59,69.26440677966102
Glass Lisbon IV,392.24,45,65.54
Detroit Legacy II,392.00666666666666,64,54.6890625
Eternal Lagos V,390.9116666666667,310,63.04774193548387
The Crown of Toronto II,390.73833333333334,43,63.10697674418604
Restless Shadows II,390.73,47,73.35531914893616
Endless Tokyo II,390.4166666666667,39,69.52564102564102
Broken Marseille II,390.0566666666667,59,61.208474576271186
The Legacy of Berlin,390.04,106,77.47452830188679
Restless Jakarta,390.02166666666665,39,66.45128205128205
Reckless Paradox,389.9916666666667,63,67.28571428571429
Detroit Tide II,389.9316666666667,60,56.83833333333334
Crooked Berlin II,389.80833333333334,294,69.17619047619047
Bogota Departure III,389.49833333333333,41,59.37317073170732
Hidden Bogota III,389.32,53,84.43396226415095
Detroit Throne,389.05,42,58.07619047619047
Reckless Syndicate III,388.8066666666667,71,47.618309859154934
Reckless Paradox II,388.8016666666667,45,58.37777777777778
The Legacy of Marseille V,388.7633333333333,128,66.0234375
Naples Empire III,388.15666666666664,60,75.81833333333334
Detroit Syndicate II,387.635,60,56.175
The Promise of Bogota III,387.59833333333336,40,65.25
Rising Throne IV,387.49333333333334,44,53.54545454545455
Reckless Lisbon,387.465,53,64.12830188679246
The Confession of Istanbul II,387.25,43,60.64418604651162
The Storm of Lagos,386.85833333333335,57,72.71578947368421
Endless Throne,386.84166666666664,43,74.96976744186045
The Departure of Istanbul III,386.76166666666666,36,56.15833333333333
Marseille Cipher II,386.3233333333333,114,54.22105263157894
Detroit Crown IV,386.27500000000003,28,51.08571428571429
Mumbai Syndicate V,386.03833333333336,218,81.10871559633028
The Algorithm of Hamburg,385.77666666666664,56,57.01428571428572
Lost Lisbon IV,385.70666666666665,55,54.78909090909091
Brilliant Seoul II,385.63666666666666,76,61.875
Distant Syndicate,385.32166666666666,75,57.08800000000001
Marseille Frequency II,384.8466666666667,244,66.17909836065574
Rising Oslo V,384.7316666666667,45,76.33555555555556
Madrid Crown,384.68833333333333,47,68.2063829787234
Phantom Echoes II,384.6583333333333,124,57.44193548387097
Bogota Reckoning,384.305,64,55.9453125
Seoul Promise V,383.93333333333334,63,53.77619047619048
Wild Bangkok,383.79,38,63.11842105263158
Oslo Legacy III,383.24,44,53.76363636363636
Burning Odyssey II,383.07166666666666,45,68.65555555555555
Endless Detroit III,382.99333333333334,81,63.324691358024694
Last Cairo,382.925,67,68.04179104477612
Istanbul Reckoning,382.89166666666665,61,72.42131147540984
Gilded Circuit,382.8333333333333,52,70.11923076923077
Scarlet Istanbul II,382.2,49,84.3142857142857
Eternal Cairo III,382.0183333333333,47,62.52127659574468
Iron Verdict II,381.72833333333335,47,54.87659574468085
The Tide of Cairo II,381.28833333333336,46,66.31304347826087
Jakarta Syndicate III,381.2216666666667,52,58.18846153846154
Bangkok Horizon,380.71833333333336,66,74.43181818181819
Quiet Throne II,380.69,41,66.96585365853659
Bitter Pact,380.64666666666665,37,51.951351351351356
Falling Mumbai,380.45,353,73.48073654390934
Sacred Ledger,380.34333333333336,86,61.42558139534884
Marseille Inheritance II,380.28333333333336,51,60.627450980392155
Madrid Reckoning II,380.17333333333335,46,61.22391304347826
Scarlet Detroit III,379.90500000000003,77,56.70779220779221
The Circuit of Bogota,379.7033333333333,56,73.7
Naples Paradox,379.0416666666667,40,49.355000000000004
Lisbon Throne IV,378.77666666666664,67,53.84477611940299
Broken Heist IV,378.55833333333334,42,77.03571428571429
Endless Sydney,378.55333333333334,52,47.271153846153844
Jakarta Horizon III,378.495,46,62.09130434782608
Distant Echoes IV,378.485,41,56.292682926829265
Distant Echoes III,378.405,59,67.0406779661017
Lagos Verdict VI,378.25166666666667,58,58.224137931034484
Hidden Inheritance,378.23333333333335,33,70.17575757575759
Restless Protocol II,378.15833333333336,54,63.855555555555554
The Heist of Istanbul III,378.03833333333336,43,57.334883720930236
The Harvest of Marseille II,377.96166666666664,62,48.37419354838709
Frozen Requiem II,377.84833333333336,52,64.59038461538461
The Requiem of Sydney III,377.8433333333333,42,74.15238095238095
The Frequency of Mumbai,377.77,72,61.48888888888889
The Lighthouse of Madrid II,377.6016666666667,40,68.4075
Neon Mumbai,377.5,41,74.2439024390244
The Paradox of Jakarta,377.255,42,79.2547619047619
The Empire of Hamburg II,377.24833333333333,68,77.05
Sacred Berlin IV,377.20166666666665,64,63.146875
Electric Sydney V,376.7683333333333,272,82.28676470588235
Tender Mumbai VI,376.28833333333336,86,69.45116279069768
Marseille Throne,376.175,39,53.14102564102564
The Confession of Berlin III,376.045,55,51.8
The Heist of Oslo,375.795,85,60.28588235294118
Silent Protocol II,375.7133333333333,268,73.1473880597015
Whispering Oslo,375.6666666666667,64,67.4734375
The Harvest of Lisbon IV,375.59000000000003,38,51.35
Lagos Heist,375.35833333333335,39,76.38974358974359
Midnight Berlin II,375.29333333333335,41,59.697560975609754
The Throne of Toronto II,375.01166666666666,60,63.35
The Verdict of Lagos V,375.01,43,72.67209302325581
Seoul Storm,374.53333333333336,39,48.9974358974359
The Anatomy of Toronto III,374.39,359,59.59637883008356
Cairo Anatomy V,374.3433333333333,347,71.91873198847262
Paper Mumbai II,374.2783333333333,82,72.07195121951219
Bogota Cipher III,373.9,55,77.24727272727273
Mumbai Shadows IV,373.7633333333333,79,63.36455696202532
Endless Jakarta V,373.59833333333336,49,60.83877551020408
The Mirror of Naples,373.37666666666667,38,81.87894736842105
Restless Circuit II,373.285,42,66.25
Phantom Marseille VI,373.25666666666666,46,79.55652173913043
Lisbon Departure III,372.8233333333333,49,53.08571428571428
Last Lisbon,372.7366666666667,58,54.46551724137931
The Paradox of Lagos,372.7283333333333,48,61.62083333333334
The Verdict of Berlin,372.66833333333335,41,57.70487804878049
The Kingdom of Bogota III,372.51,91,63.956043956043956
Quiet Mirror,372.50666666666666,78,62.42435897435898
Istanbul Echoes VII,372.1816666666667,40,64.905
Frozen Sydney IV,372.04833333333335,51,64.19019607843138
Toronto Protocol IV,371.64,46,59.410869565217396
Distant Cairo,371.6383333333333,61,63.467213114754095
Silent Seoul III,371.49666666666667,41,55.080487804878054
The Circuit of Lisbon II,371.34166666666664,53,46.91698113207547
Forgotten Detroit II,371.26666666666665,43,59.95581395348837
Bangkok Expedition II,371.07,66,62.46363636363637
The Syndicate of Seoul III,370.58166666666665,422,65.04691943127962
Istanbul Frequency II,370.575,76,73.13684210526316
Glass Throne IV,370.43333333333334,47,59.121276595744675
Tokyo Garden,370.21833333333336,34,62.038235294117655
Bogota River II,369.9433333333333,141,49.197163120567375
Glass Echoes,369.6933333333333,60,62.86333333333334
Hollow Empire,369.50333333333333,63,57.6
The Affair of Sydney IV,369.41833333333335,59,65.21694915254237
Savage Mirror III,369.11333333333334,50,73.57600000000001
Iron Hamburg II,369.0683333333333,57,52.64035087719298
The Verdict of Bogota III,369.0683333333333,64,67.8390625
The Kingdom of Mumbai IV,369.04,50,69.196
Last Pact,368.95166666666665,45,76.27111111111111
Hidden Requiem,368.235,41,54.43414634146342
Lagos Throne V,367.80333333333334,47,81.52765957446809
Sacred Syndicate III,367.765,57,80.6438596491228
Toronto Anatomy III,367.62,44,69.62272727272727
The Pact of Jakarta,367.58166666666665,50,66.83800000000001
Brilliant Protocol,367.415,86,52.09767441860465
Velvet Seoul II,367.08666666666664,38,62.728947368421046
Broken Sanctuary,367.0683333333333,54,53.10740740740741
Marseille Confession V,366.9616666666667,33,56.736363636363635
The Circuit of Toronto IV,366.9166666666667,52,62.72115384615385
The Throne of Madrid III,366.66166666666663,43,62.39302325581396
Bitter Mumbai,366.4766666666667,49,56.09183673469388
The Sanctuary of Detroit II,366.475,47,58.62340425531915
The Reckoning of Toronto II,366.3616666666667,63,60.576190476190476
Mumbai Circuit III,366.18833333333333,59,52.59322033898305
Restless Jakarta III,365.965,54,57.681481481481484
Brilliant Shadows III,365.90166666666664,55,52.8
Whispering Lisbon III,365.87833333333333,70,75.38714285714286
The Reckoning of Lagos,365.725,47,57.64042553191489
Golden Bogota VI,365.49333333333334,43,44.73720930232558
Bitter Bangkok,365.18333333333334,50,52.168
The Shadows of Jakarta II,364.795,69,66.0855072463768
Distant Expedition,364.7416666666667,51,66.2156862745098
Tender Expedition II,364.6816666666667,39,61.11282051282051
Bitter Bogota II,364.6483333333333,38,58.163157894736834
Wild Toronto,363.345,42,70.9095238095238
Burning Throne V,363.10333333333335,51,74.15882352941176
The Empire of Oslo III,363.00166666666667,54,54.20925925925926
The Lighthouse of Bogota III,362.755,43,46.867441860465114
Tender Jakarta,362.25,40,54.3325
Eternal Verdict,362.0183333333333,46,63.80869565217391
Bogota Heist III,361.9433333333333,84,71.81428571428572
Crooked Naples IV,361.7416666666667,58,55.68448275862069
The Throne of Naples II,361.5566666666667,45,61.80444444444444
Berlin Requiem II,361.41833333333335,51,68.47058823529412
Frozen Crown,361.35333333333335,55,68.43636363636364
Marseille Syndicate,360.64166666666665,369,74.22547425474255
Restless Naples IV,360.465,47,66.40425531914893
Naples Frequency II,358.6016666666667,51,64.30784313725489
Hollow Affair III,358.515,223,79.06681614349776
Hidden Seoul V,358.31333333333333,39,63.802564102564105
The Odyssey of Oslo II,357.9716666666667,45,62.14666666666666
Golden Horizon,357.47,41,55.36829268292683
Restless Istanbul,357.23833333333334,78,68.6974358974359
Crooked Storm II,356.9266666666667,53,68.72264150943397
Mumbai Verdict III,356.74666666666667,53,74.78867924528302
The Horizon of Seoul III,356.69166666666666,70,54.792857142857144
Whispering Naples III,356.44166666666666,48,65.1375
Lagos Throne VII,356.21833333333336,210,63.616190476190475
The Algorithm of Bogota V,356.02166666666665,56,57.79821428571428
Bogota Garden III,355.855,40,57.035000000000004
Tender Detroit,355.27,48,57.38333333333333
Brilliant Sydney IV,355.145,40,68.8225
Naples Harvest,355.1,44,59.78636363636363
Madrid Expedition II,354.73833333333334,53,57.95283018867924
Sydney Circuit III,354.555,52,58.11346153846154
Distant Seoul,354.4716666666667,55,68.2
Midnight Mirror II,354.0833333333333,49,69.48163265306123
Golden Marseille II,354.02666666666664,55,62.69636363636364
Restless Oslo IV,353.28333333333336,58,47.03793103448275
Last Departure IV,353.21500000000003,50,71.842
Lost Harvest II,352.96999999999997,52,50.159615384615385
The Legacy of Istanbul II,352.6716666666667,107,67.26822429906542
Marseille Pact,352.64666666666665,37,60.067567567567565
The Cipher of Hamburg II,352.5416666666667,44,68.47500000000001
The Expedition of Hamburg II,352.525,49,57.10204081632653
Quiet Tokyo IV,352.27,43,62.70232558139534
Oslo Crown III,351.995,48,61.11041666666667
Oslo Heist,351.9866666666667,80,65.99625
The Confession of Jakarta,351.36,50,53.233999999999995
Lisbon Protocol IV,351.07666666666665,70,61.417142857142856
Iron Naples,351.005,61,68.5016393442623
Midnight Tokyo III,350.555,53,55.58301886792453
Brilliant Detroit IV,350.4916666666667,62,65.73225806451613
Endless Cairo II,349.50333333333333,44,58.125
Sydney Expedition III,349.2866666666667,49,54.553061224489795
The Algorithm of Sydney IV,349.16,44,71.49772727272727
The Legacy of Marseille,349.1583333333333,88,62.64772727272727
Hidden Affair II,348.95666666666665,48,59.262499999999996
The Expedition of Mumbai,348.945,82,65.46707317073171
Hollow Sanctuary III,348.76166666666666,40,80.3575
The Protocol of Tokyo,348.71666666666664,49,43.93061224489796
Shattered Crown,348.5516666666667,95,56.15684210526315
Reckless Ledger VI,348.3983333333333,278,62.141366906474815
Burning Anatomy,348.22333333333336,55,70.35272727272728
Crooked Sanctuary,347.84166666666664,43,70.03953488372093
The Confession of Bangkok II,347.62,52,64.27884615384616
Last Hamburg II,347.445,58,74.88448275862069
Madrid Harvest,347.00666666666666,75,73.43733333333334
Berlin Cipher III,346.435,42,57.480952380952374
The Syndicate of Madrid II,346.36,49,52.365306122448985
The Mirror of Bangkok,346.125,48,62.42916666666667
Sydney Lighthouse II,346.0883333333333,45,63.65111111111111
Toronto Heist II,346.07166666666666,59,69.82542372881356
Seoul Harvest IV,345.9,209,74.10287081339713
Velvet Jakarta III,345.8,69,81.70579710144928
Electric Horizon IV,345.675,57,58.310526315789474
Neon Anatomy,345.49833333333333,53,76.2433962264151
Silent Syndicate IV,345.325,70,58.034285714285716
Tokyo Odyssey II,345.295,35,46.32285714285714
Lost Toronto,345.2816666666667,60,58.12833333333333
The Heist of Madrid,345.2683333333333,62,54.59838709677419
The Tide of Jakarta IV,345.15166666666664,61,62.880327868852454
Reckless Shadows IV,344.605,44,62.165909090909096
Velvet Lagos III,344.59,53,62.82264150943396
Neon Tokyo V,344.22833333333335,50,59.602
Last Hamburg III,343.99666666666667,48,66.77083333333333
Phantom Sanctuary,343.96500000000003,48,41.99166666666667
The Echoes of Tokyo,343.70166666666665,47,53.776595744680854
Hamburg Empire,343.69666666666666,92,74.71739130434783
The Affair of Hamburg III,342.96833333333336,46,72.14565217391304
Falling Lagos II,342.9316666666667,50,59.122
Naples Echoes VII,342.92833333333334,85,57.631764705882354
Jakarta Throne,342.595,53,53.867924528301884
Paper Jakarta II,342.495,53,62.137735849056604
Shattered Oslo,342.3883333333333,43,54.2906976744186
Distant Jakarta,342.27,46,80.87608695652175
The Confession of Seoul,342.2083333333333,64,60.309375
The Requiem of Lagos,342.14666666666665,47,60.672340425531914
Bogota Inheritance,341.91333333333336,72,67.35833333333333
Istanbul River,341.78333333333336,54,42.18888888888888
Brilliant Lighthouse III,341.5783333333333,75,81.32533333333333
Rising Mirror,341.50666666666666,52,57.10961538461538
Rising Echoes,341.39,53,68.15471698113207
Endless Kingdom,341.26666666666665,43,47.24186046511628
Sacred Tide,341.03833333333336,52,52.888461538461534
Eternal Lighthouse II,341.00333333333333,340,74.29411764705883
Gilded Algorithm II,340.6983333333333,125,61.4784
Istanbul Shadows III,340.2133333333333,49,56.61020408163265
The Confession of Detroit V,339.82,44,61.29318181818182
Sydney Expedition IV,339.485,54,78.5851851851852
The Mirror of Toronto,339.4166666666667,49,75.28979591836735
Silent Jakarta IV,339.055,45,65.52
Broken Heist III,338.8233333333333,42,66.12142857142857
Bitter Horizon,338.74333333333334,137,71.32043795620437
Paper Toronto II,338.735,27,63.574074074074076
Tender Inheritance,338.7,47,50.285106382978725
Neon Lighthouse,338.49666666666667,221,70.15113122171945
Tender Echoes IV,338.2083333333333,56,73.65357142857144
Bangkok Kingdom,338.09833333333336,154,81.81298701298702
Forgotten Promise II,337.7633333333333,47,61.60212765957447
Quiet Tokyo,337.51,61,60.13934426229508
Madrid Horizon,337.4,54,60.077777777777776
Lost Bogota II,337.365,42,59.214285714285715
Silent Inheritance,337.0783333333333,39,72.02051282051282
Endless Naples,337.03166666666664,61,66.9672131147541
Frozen Hamburg III,336.8566666666667,79,67.67215189873419
Quiet Cipher II,336.82666666666665,62,69.65
The Harvest of Istanbul IV,336.71166666666664,43,67.11627906976744
The Confession of Jakarta III,336.68333333333334,51,69.00980392156863
The Verdict of Toronto II,336.575,81,67.75308641975309
Jakarta Protocol IV,335.9866666666667,78,65.26794871794871
The Promise of Oslo,335.90999999999997,48,82.32708333333333
The Storm of Toronto II,335.2583333333333,227,78.41894273127753
The Mirror of Sydney II,334.36833333333334,47,79.04255319148936
The Paradox of Lisbon V,334.3433333333333,51,53.437254901960785
Iron Syndicate II,334.245,33,65.77272727272727
Forgotten Seoul,334.13,76,68.16842105263159
Endless Jakarta IV,333.9083333333333,47,55.50212765957447
The Affair of Bogota II,333.795,54,67.92592592592592
Lost Crown,333.555,296,57.29831081081081
Silent Frequency,333.52666666666664,273,69.8087912087912
Jakarta Echoes III,333.3416666666667,56,60.128571428571426
The Circuit of Lagos II,333.2083333333333,44,54.09772727272727
The Paradox of Seoul IV,333.06333333333333,42,51.48809523809524
The Reckoning of Sydney,333.02666666666664,53,62.526415094339626
Toronto Throne II,332.89666666666665,58,74.86206896551724
Oslo Circuit IV,332.87333333333333,44,55.35227272727273
The Heist of Lagos II,332.29333333333335,56,47.853571428571435
Burning Istanbul,332.25166666666667,40,57.8875
Hollow Bangkok II,331.81166666666667,36,45.17777777777778
Glass Tokyo,331.555,46,57.199999999999996
The Frequency of Mumbai III,331.4916666666667,90,66.37
The Empire of Seoul V,331.48,55,71.74727272727273
Crooked Cairo II,330.85333333333335,71,54.60422535211268
Lagos Protocol,329.98,44,69.44545454545454
Bitter Harvest III,329.75,51,63.38823529411765
The Affair of Bogota IV,329.6116666666667,54,74.7462962962963
Glass Mirror,329.5683333333333,85,58.30117647058824
Berlin Reckoning IV,329.56,50,66.808
The Tide of Cairo,329.4583333333333,46,51.65
Savage Expedition III,329.2416666666667,49,61.08775510204082
Bitter Cairo II,329.07666666666665,56,46.635714285714286
Burning Cairo II,328.72333333333336,47,67.2531914893617
Savage Bogota,328.615,41,69.39268292682927
Oslo River III,328.26166666666666,190,79.12842105263158
Jakarta Expedition,328.0283333333333,58,48.474137931034484
Scarlet Mumbai V,327.83,45,53.568888888888885
Naples Algorithm V,327.795,43,64.06046511627906
The Mirror of Bangkok III,327.74666666666667,117,53.87008547008547
Bangkok Crown,327.56166666666667,49,65.54081632653062
Eternal Harvest II,327.2733333333333,43,59.306976744186045
Scarlet Madrid III,327.15666666666664,51,53.45294117647059
Rising Mirror II,326.855,39,64.14615384615384
Scarlet Detroit IV,326.81333333333333,69,63.155072463768114
Seoul Circuit,326.645,59,74.1457627118644
Jakarta Odyssey II,326.53833333333336,43,68.41627906976744
Quiet Legacy II,326.34333333333336,51,61.52745098039216
The Pact of Tokyo II,326.19,32,73.06875
The Expedition of Marseille,326.05,52,55.736538461538466
Sacred Cairo,325.31166666666667,41,77.78780487804879
Oslo Requiem,325.2316666666667,49,60.704081632653065
Jakarta Kingdom V,325.0516666666667,46,43.486956521739124
Sacred Tokyo III,325.0366666666667,39,69.44871794871794
Neon Istanbul,324.95,45,57.775555555555556
Sydney Cipher,324.79833333333335,39,59.77692307692308
Brilliant Tokyo,324.5883333333333,49,49.68571428571428
Oslo River II,324.3566666666667,52,61.159615384615385
Whispering Bangkok II,324.0733333333333,61,62.50983606557377
Silent Madrid,323.9316666666667,51,63.52156862745098
Marseille Expedition V,323.9266666666667,67,66.83880597014925
Istanbul Frequency III,323.89666666666665,214,77.61682242990655
The Departure of Detroit II,323.305,264,74.97386363636363
Forgotten Mirror,323.0083333333333,32,60.08125
Glass Cairo II,323.005,45,47.317777777777785
The Crown of Tokyo II,322.67,83,49.62530120481927
The Kingdom of Istanbul IV,322.5133333333333,137,63.62408759124087
The Heist of Naples II,322.33666666666664,296,62.22533783783784
The Expedition of Detroit II,322.09,83,66.33132530120481
The Ledger of Hamburg III,321.71,74,54.3445945945946
The Crown of Cairo III,321.545,49,54.68775510204081
Endless Lisbon,321.31666666666666,46,76.20217391304347
Silent Lighthouse,321.31,45,59.49555555555556
Whispering Jakarta II,321.2866666666667,67,66.6044776119403
The Lighthouse of Naples II,321.2633333333333,57,48.31228070175439
The Departure of Madrid II,320.685,56,62.471428571428575
Sacred Departure,320.5783333333333,37,65.63513513513513
The Sanctuary of Toronto,320.51,39,60.130769230769225
Lisbon Circuit IV,319.8516666666667,56,61.191071428571426
Bangkok Syndicate II,319.84000000000003,32,69.409375
The Lighthouse of Hamburg,319.735,52,52.70961538461539
Reckless Throne,319.67333333333335,44,53.15681818181818
Bitter Sydney VII,319.45666666666665,65,48.18
Whispering Lisbon,319.44166666666666,37,64.75675675675676
Hamburg Algorithm II,318.985,191,71.57591623036649
Paper Tokyo,318.95666666666665,44,55.972727272727276
Electric Marseille III,318.8883333333333,60,63.269999999999996
Endless Pact II,318.7683333333333,63,52.70317460317461
The Circuit of Bangkok II,318.7366666666667,38,48.57631578947369
The Circuit of Naples III,318.225,35,78.3742857142857
Crimson Lisbon,318.1816666666667,275,75.45818181818181
Bangkok Requiem,318.1066666666667,76,84.55263157894737
Scarlet Istanbul,318.01166666666666,33,48.17878787878788
Last Hamburg,317.40666666666664,59,59.33728813559322
Reckless Seoul II,317.38166666666666,35,68.17428571428572
Midnight Circuit,317.375,50,65.656
Paper Echoes,317.33,55,75.92363636363636
Toronto Inheritance II,317.31166666666667,210,68.68428571428572
Seoul Shadows II,316.6983333333333,63,59.84444444444444
Hamburg Inheritance IV,316.6816666666667,60,50.67166666666667
Sydney Odyssey,316.525,44,79.93863636363636
Bogota Ledger II,316.515,40,58.614999999999995
Brilliant Pact,316.495,43,80.44186046511628
Sacred Algorithm,316.46166666666664,42,54.340476190476195
The River of Istanbul II,316.42333333333335,52,79.54230769230769
The Heist of Hamburg VI,316.2783333333333,49,65.41632653061225
The Confession of Sydney IV,316.0183333333333,75,66.884
Shattered Naples III,315.97833333333335,41,55.05853658536586
Detroit Confession V,315.8983333333333,58,58.358620689655176
Silent Sanctuary,315.85,42,60.80476190476191
The Tide of Istanbul III,315.64,46,64.5304347826087
Bitter Storm II,315.0683333333333,55,77.93454545454544
Cairo Syndicate,314.82,54,66.2462962962963
The Requiem of Cairo III,314.8066666666667,273,59.64725274725275
Naples Echoes IV,314.805,45,73.12444444444444
The Verdict of Mumbai,314.6666666666667,50,49.172
The Tide of Marseille,314.5183333333333,38,66.75
Bitter Sydney,314.5,48,66.85833333333333
Wild Storm III,314.15166666666664,57,70.6561403508772
Endless Verdict,313.95166666666665,46,58.50869565217391
Distant Empire III,313.94666666666666,42,66.7452380952381
Bitter Departure II,313.74833333333333,55,67.9090909090909
Broken Pact,313.7416666666667,53,63.420754716981136
Shattered Toronto,313.58666666666664,51,69.35686274509804
Reckless Berlin,313.5366666666667,53,61.6188679245283
Bogota Protocol IV,313.18333333333334,45,70.29777777777778
The Ledger of Jakarta IV,312.91333333333336,191,72.81047120418847
Broken Inheritance,312.79,64,67.871875
Iron Frequency,312.70166666666665,56,69.80178571428571
Frozen Crown IV,312.5733333333333,61,69.88032786885246
Distant Echoes II,312.46166666666664,66,72.8409090909091
Jakarta Tide IV,312.28833333333336,54,57.829629629629636
Hidden Lisbon II,312.27666666666664,59,70.5677966101695
Istanbul Legacy II,312.1066666666667,237,71.82911392405063
The Algorithm of Jakarta,311.56,66,63.79848484848485
Last Harvest II,311.27166666666665,51,56.50392156862745
Lost Paradox,311.245,49,66.16326530612245
Last Jakarta II,311.2183333333333,53,71.0320754716981
Golden Cipher,311.1716666666667,238,69.4235294117647
Bangkok Anatomy V,311.125,52,56.978846153846156
Sacred Lighthouse,311.0133333333333,51,71.74509803921569
Bogota Crown VI,310.575,54,40.69074074074074
Berlin Mirror,310.5333333333333,47,75.51489361702127
Marseille Empire III,310.01,42,75.70714285714286
Bitter Reckoning,309.29333333333335,46,43.1
Bangkok Paradox II,309.17333333333335,44,62.74318181818182
The Shadows of Jakarta,308.645,69,63.44782608695652
The Shadows of Lagos III,308.6433333333333,62,67.7290322580645
Shattered Cairo,308.12,60,68.47333333333333
Hidden Seoul,308.1116666666667,42,48.909523809523805
Wild Toronto IV,307.875,45,57.022222222222226
The Paradox of Lisbon IV,307.30833333333334,39,57.93333333333334
Falling River II,307.29833333333335,75,76.824
Paper Expedition,307.26666666666665,57,77.01052631578948
Oslo Departure II,307.2416666666667,57,44.91754385964913
The Inheritance of Oslo,307.2166666666667,58,54.050000000000004
Reckless Echoes II,307.205,502,61.192031872509965
The Protocol of Naples III,307.13166666666666,43,74.3953488372093
Last Horizon,307.0183333333333,234,72.89444444444445
The Affair of Bangkok III,306.42833333333334,44,48.53636363636363
Electric Departure II,306.24666666666667,58,56.56551724137931
Midnight Shadows II,306.04,33,65.62727272727273
Berlin Kingdom II,306.03166666666664,53,79.64905660377357
The Empire of Mumbai,305.975,36,55.547222222222224
Electric Sanctuary II,305.87166666666667,49,56.7469387755102
Jakarta Mirror IV,305.19,37,63.2027027027027
Rising Naples III,304.8183333333333,51,58.59215686274509
Velvet Verdict,304.8183333333333,49,77.2734693877551
Crimson Throne II,304.79333333333335,86,60.58255813953489
Burning Echoes,304.4716666666667,45,83.54222222222222
Bitter Hamburg III,304.125,47,61.61914893617021
Gilded Tide,303.7966666666667,44,61.64772727272727
Distant Confession II,303.5133333333333,53,59.85849056603774
Burning Lagos III,303.18833333333333,47,68.62978723404255
Scarlet Shadows,303.08,52,61.349999999999994
Midnight Toronto II,302.84833333333336,46,74.8195652173913
Silent Marseille VI,302.845,46,42.75869565217391
Rising Berlin II,302.525,61,70.85409836065574
Savage Oslo,301.2583333333333,43,56.04418604651163
Phantom Jakarta IV,301.2366666666667,61,59.85901639344262
The Requiem of Marseille III,301.1116666666667,62,53.37096774193548
Wild Affair,300.99666666666667,135,61.93259259259259
Wild Seoul III,300.75333333333333,182,69.33516483516483
The Lighthouse of Seoul,300.64,54,71.37037037037037
Sydney Anatomy,300.59166666666664,106,75.9566037735849
Crimson Cairo III,300.22833333333335,236,68.76186440677965
The Departure of Jakarta IV,300.19,46,68.69347826086957
Naples Syndicate III,299.78833333333336,45,49.34888888888889
Glass Inheritance,299.6933333333333,49,78.41224489795918
The River of Madrid IV,299.6,47,58.306382978723406
Endless Naples III,299.52166666666665,45,50.41777777777778
Detroit Pact IV,299.3466666666667,58,55.293103448275865
Cairo Affair VI,299.32,39,78.31025641025641
Lisbon Affair IV,299.16333333333336,40,53.4225
Broken Jakarta II,299.08166666666665,37,57.737837837837844
The Syndicate of Bogota III,299.0566666666667,52,56.38653846153846
The Algorithm of Detroit,298.87833333333333,44,58.559090909090905
Restless Paradox II,298.755,375,59.01546666666666
Savage Naples,298.71,42,60.959523809523816
Sacred Lagos II,298.685,51,70.2843137254902
Tender Shadows II,298.66333333333336,62,58.98548387096774
Crooked Shadows III,298.285,41,66.14146341463415
Electric Pact IV,298.215,49,64.05714285714286
Frozen Sydney,298.03000000000003,81,59.349382716049384
The Verdict of Hamburg II,297.9766666666667,88,59.404545454545456
The Empire of Oslo,297.51666666666665,41,51.836585365853665
Falling Hamburg V,297.46166666666664,130,61.28846153846154
Neon Ledger III,297.285,81,67.9641975308642
Tender Lisbon,297.28000000000003,225,67.75822222222223
Phantom Confession III,296.99333333333334,52,71.38846153846154
The Empire of Marseille IV,296.78666666666663,44,66.56590909090909
The Throne of Tokyo V,296.6766666666667,58,60.88965517241379
Bogota Protocol III,296.6566666666667,77,71.35064935064935
The Paradox of Marseille,296.64,52,76.05961538461538
The Inheritance of Lagos II,296.59499999999997,37,64.8162162162162
Scarlet Lagos,296.21166666666664,91,58.12967032967033
The Requiem of Lisbon II,295.77166666666665,52,57.45769230769231
The Tide of Lisbon II,295.245,53,69.63018867924528
The River of Bangkok,294.9916666666667,40,63.86
Hamburg Circuit,294.87166666666667,42,58.51428571428571
Gilded Reckoning,294.785,46,64.08260869565218
Naples Echoes VI,294.65166666666664,49,64.66122448979593
Eternal Cairo II,294.5966666666667,56,66.30714285714285
Hollow Tide II,294.19666666666666,56,70.35714285714286
Crimson Tide,293.945,46,53.24782608695652
Velvet Oslo,293.83666666666664,204,70.83676470588236
Scarlet Marseille,293.795,45,60.45777777777778
Istanbul Protocol,293.69666666666666,44,72.55454545454546
Crooked Odyssey,293.16833333333335,52,53.70192307692308
Cairo River II,293.0133333333333,47,49.740425531914894
The Shadows of Madrid V,292.995,53,63.53962264150943
Tokyo Promise II,292.95666666666665,48,67.81666666666666
Reckless Oslo IV,292.8566666666667,51,65.62941176470588
Mumbai Odyssey II,292.39666666666665,45,72.19333333333333
Gilded Jakarta,292.2766666666667,60,62.19166666666667
Mumbai Mirror III,292.155,168,73.99642857142857
Cairo Horizon,292.045,42,59.43333333333333
Bitter Crown IV,292.00166666666667,56,78.21785714285714
Frozen Tokyo,291.97833333333335,36,58.141666666666666
The Tide of Detroit IV,291.87833333333333,65,52.82923076923077
The Lighthouse of Lisbon V,291.845,31,53.49032258064516
Mumbai Shadows II,291.8283333333333,51,55.73137254901961
Restless Naples,291.62833333333333,187,73.67379679144385
The Confession of Madrid,291.605,66,55.22272727272727
Naples Protocol II,291.2916666666667,63,67.99047619047619
The Frequency of Detroit II,291.24333333333334,61,61.604918032786884
The Harvest of Istanbul II,291.17333333333335,56,64.5875
Berlin Affair II,291.105,63,56.576190476190476
The Reckoning of Bogota V,290.87166666666667,42,67.45238095238095
Burning Tokyo,290.61,47,51.96595744680851
Eternal Lagos,290.58666666666664,52,57.026923076923076
Oslo Throne II,290.38166666666666,37,52.2054054054054
Sacred Cipher,290.22,40,67.175
Midnight Heist,289.87666666666667,73,75.63561643835617
Lost Requiem,289.775,91,59.7021978021978
Oslo Kingdom,289.515,58,73.04655172413793
Hollow Lighthouse,289.45166666666665,62,64.84032258064516
The Algorithm of Naples III,289.445,43,62.32790697674418
Golden Toronto IV,289.395,52,61.82884615384615
Endless Protocol,289.0933333333333,43,50.920930232558135
The Kingdom of Tokyo III,288.9866666666667,55,52.54363636363637
Golden Toronto II,288.86333333333334,72,50.141666666666666
Istanbul Echoes II,288.755,40,73.655
Tender Seoul,288.37833333333333,40,58.8575
Hamburg Paradox III,288.34833333333336,50,68.656
Electric Crown,288.3233333333333,51,60.57254901960784
The Syndicate of Madrid III,287.95666666666665,73,50.894520547945206
Eternal Circuit II,287.8283333333333,42,53.542857142857144
Velvet Protocol II,287.5233333333333,241,58.19875518672199
Istanbul Confession II,287.51666666666665,84,53.482142857142854
Crooked Naples II,287.46833333333336,90,53.23666666666667
Oslo Affair II,287.40500000000003,52,55.27307692307692
The Lighthouse of Tokyo II,287.28166666666664,42,54.292857142857144
Toronto Throne III,287.27166666666665,53,59.77547169811321
The Anatomy of Bogota,287.0183333333333,75,68.33333333333333
The Affair of Sydney V,286.9316666666667,45,55.76222222222223
Quiet Horizon IV,286.86,102,83.12549019607843
Hollow Garden,286.67,39,58.02820512820512
The Departure of Lisbon V,286.5183333333333,33,52.518181818181816
Silent Lisbon III,286.37666666666667,35,68.18285714285715
Seoul Throne,286.00166666666667,62,59.14677419354839
Crimson Mumbai III,285.9433333333333,160,69.625625
Hidden Throne III,285.8183333333333,40,78.8025
Iron Istanbul V,285.525,49,42.69387755102041
Gilded Echoes III,285.4766666666667,42,70.8
The Circuit of Mumbai II,285.36333333333334,57,53.833333333333336
The Circuit of Jakarta IV,284.87333333333333,84,68.51071428571429
Marseille Frequency III,284.82666666666665,50,57.733999999999995
Forgotten Istanbul VI,284.435,48,54.862500000000004
Sydney Affair III,284.2683333333333,57,77.92280701754386
Hidden Detroit II,284.2033333333333,39,48.58461538461538
The Departure of Bangkok IV,283.895,36,46.391666666666666
Scarlet Empire II,283.6116666666667,51,56.17058823529411
Last Lighthouse,283.14166666666665,94,65.48085106382979
Midnight Garden II,282.54333333333335,58,52.665517241379305
The Anatomy of Berlin,282.45166666666665,48,58.84583333333333
The Cipher of Jakarta V,282.4433333333333,63,68.61587301587302
Forgotten Inheritance IV,282.09833333333336,83,61.78674698795181
Last Mirror II,281.2966666666667,57,68.54385964912281
Tokyo Kingdom II,281.0233333333333,70,57.89714285714286
Gilded Departure,280.67333333333335,98,62.26632653061225
Midnight Hamburg,280.67333333333335,164,85.57560975609756
Midnight Jakarta,280.565,43,58.25581395348837
Bitter Ledger II,280.51,39,54.08461538461539
The Tide of Hamburg III,280.3416666666667,45,43.26888888888889
Tender Heist,280.29833333333335,46,59.73478260869565
The Promise of Cairo VI,280.01,69,71.19710144927537
The Storm of Bangkok III,279.7416666666667,48,66.60208333333334
Eternal Lisbon,279.725,55,70.64181818181818
Marseille Ledger II,279.54833333333335,44,40.725
Sacred Kingdom,279.50333333333333,46,69.83695652173913
The Departure of Berlin III,279.32166666666666,51,52.15294117647059
Wild Seoul II,279.24666666666667,73,60.71369863013699
Falling Cipher,278.81166666666667,43,65.49767441860466
Hamburg Protocol,278.38166666666666,47,57.68936170212766
Toronto Affair,278.1016666666667,42,64.48809523809524
Frozen Departure,278.05,208,66.28701923076923
Marseille Circuit V,277.665,67,77.95522388059702
The Empire of Seoul III,277.3566666666667,327,52.464831804281346
Jakarta Frequency III,277.34333333333336,49,76.48979591836735
Frozen Oslo II,277.2366666666667,61,50.49016393442623
Midnight Jakarta II,277.045,34,50.9264705882353
Glass Inheritance II,276.7633333333333,179,73.04301675977653
Scarlet Detroit V,276.7416666666667,50,79.068
Crimson Departure,276.6433333333333,56,58.80535714285714
Bitter Madrid,276.61833333333334,52,76.0
Bogota Pact III,276.1,62,58.593548387096774
The Storm of Toronto III,275.9066666666667,44,69.67045454545455
Broken Bogota V,275.7866666666667,41,64.98780487804878
Broken Expedition,275.62333333333333,48,63.331250000000004
The Affair of Hamburg VII,275.60833333333335,229,60.222707423580786
The Throne of Jakarta II,275.1666666666667,65,61.50153846153846
Toronto Echoes II,275.11333333333334,46,81.37391304347825
Mumbai Anatomy V,274.71166666666664,53,58.67735849056604
Reckless Mumbai III,274.4316666666667,52,58.650000000000006
Neon Cairo VI,274.1383333333333,165,85.93757575757576
Hamburg Kingdom II,274.05333333333334,54,70.48703703703704
Distant Lagos III,273.99,37,59.08648648648648
Bogota Protocol II,273.2633333333333,33,42.7939393939394
Tender Berlin II,272.9033333333333,30,62.89
Sydney River II,272.755,52,74.22115384615384
Lagos Inheritance III,272.5966666666667,55,61.958181818181814
Brilliant Confession II,272.325,80,63.822500000000005
Velvet Naples,271.9866666666667,52,59.78076923076923
The Algorithm of Istanbul,271.835,130,83.09153846153846
Gilded Harvest II,271.66333333333336,44,58.809090909090905
Midnight Mirror III,271.40666666666664,41,68.4829268292683
The Throne of Bogota IV,271.18833333333333,43,54.616279069767444
Rising Mumbai,270.8616666666667,35,66.32857142857142
Toronto Shadows V,270.77166666666665,252,65.78333333333335
The Odyssey of Naples II,270.10833333333335,61,61.78688524590164
Hamburg Garden II,268.4766666666667,45,76.4888888888889
The Tide of Naples IV,268.26166666666666,150,80.07866666666666
Glass Naples,268.1116666666667,59,65.85762711864406
Frozen Bogota II,267.73833333333334,52,75.34807692307692
Shattered Garden,267.49833333333333,52,62.35576923076923
Forgotten Legacy,267.4533333333333,53,62.298113207547175
Naples Sanctuary III,267.0366666666667,164,63.03231707317073
Detroit Storm,266.89,44,64.52499999999999
Whispering Sydney,266.77166666666665,45,65.86666666666666
The Departure of Jakarta III,266.6533333333333,108,48.40833333333334
Brilliant Throne,266.03333333333336,44,45.79772727272727
Silent River III,265.6483333333333,34,58.59705882352941
The Promise of Sydney III,265.51666666666665,59,44.41016949152542
Toronto Confession IV,265.11833333333334,50,66.286
Cairo Throne,265.02666666666664,40,72.015
Endless Lighthouse,264.52166666666665,43,64.74883720930232
The Throne of Toronto V,264.455,191,84.76492146596858
Reckless Madrid,264.44,239,60.351882845188285
Wild Shadows III,263.65666666666664,172,69.15523255813955
Toronto Promise,263.5783333333333,65,54.07076923076923
Restless Berlin II,263.49333333333334,47,70.07659574468084
Glass Jakarta V,263.46666666666664,227,78.24493392070484
The Throne of Lisbon II,263.45166666666665,61,57.842622950819674
Marseille Departure III,263.36833333333334,72,82.82638888888889
Bangkok Heist II,263.3283333333333,200,62.696999999999996
Tokyo Harvest IV,263.29333333333335,47,64.39148936170213
Glass Mumbai III,263.1716666666667,67,52.6044776119403
Velvet Paradox II,262.84833333333336,41,51.70243902439025
Crooked Naples V,262.825,163,68.12883435582822
Velvet Heist,262.7866666666667,39,70.1974358974359
Naples Requiem II,262.7216666666667,81,55.60864197530864
Tender Lisbon VI,262.5233333333333,46,56.31521739130435
The Storm of Lisbon,262.4766666666667,40,56.2475
The Cipher of Hamburg,262.45166666666665,57,68.21052631578948
Velvet Anatomy II,262.25,62,67.14354838709677
Bogota Legacy,262.165,45,76.14888888888889
The Garden of Lagos II,261.9533333333333,42,51.97857142857143
Hidden Lighthouse,261.82,50,54.726000000000006
Toronto Departure,261.3283333333333,51,69.87647058823529
Velvet Expedition III,260.91,61,79.21311475409836
Wild Berlin II,260.83666666666664,55,54.72727272727273
Paper Affair,260.75,53,55.91132075471698
The Tide of Jakarta VII,260.61833333333334,194,65.73762886597939
The Promise of Lisbon III,260.60833333333335,42,79.21428571428571
Quiet Heist II,260.47333333333336,51,81.06666666666666
Detroit Algorithm,260.105,62,72.33225806451614
Distant Naples II,260.00166666666667,53,61.32641509433962
The Expedition of Istanbul III,259.8833333333333,58,62.66724137931034
Hidden Seoul IV,259.09166666666664,46,62.58043478260869
Forgotten Lighthouse III,258.87333333333333,35,58.69714285714286
Scarlet Cipher,258.5233333333333,47,40.44893617021276
Jakarta Anatomy,258.4766666666667,295,60.424745762711865
Savage Paradox II,258.43,50,51.516000000000005
Crimson Shadows,258.345,47,56.861702127659576
Savage Echoes,258.33666666666664,50,56.163999999999994
Hidden Bangkok II,258.26166666666666,49,53.416326530612245
The Pact of Seoul IV,257.69166666666666,41,65.47073170731707
The Inheritance of Detroit II,257.6433333333333,45,50.89111111111111
Sacred Verdict V,256.8333333333333,176,71.1846590909091
Tokyo Verdict III,256.2783333333333,50,54.528
Broken River,255.995,204,74.54705882352941
The Pact of Sydney III,255.94333333333333,48,51.931250000000006
Wild Paradox,255.41666666666666,64,64.890625
The Legacy of Lagos VI,255.28666666666666,43,74.21162790697674
The Reckoning of Detroit III,254.57166666666666,158,78.59810126582279
Wild Storm II,254.535,56,75.76071428571429
Detroit Promise V,254.38666666666666,64,69.7390625
Toronto Legacy,254.325,57,63.294736842105266
Lisbon Expedition II,254.28833333333333,48,52.97291666666666
The Verdict of Marseille IV,254.255,58,81.18103448275862
Savage Protocol,254.2,42,55.02619047619047
The Inheritance of Cairo,253.95666666666668,50,54.611999999999995
Marseille Shadows VII,253.93833333333333,197,68.05583756345177
The River of Lagos III,253.79166666666666,42,47.09047619047619
Hamburg Affair,253.41333333333333,54,53.32592592592592
Burning Istanbul II,253.39666666666668,50,66.69
The Tide of Hamburg V,253.30666666666667,40,62.0775
The Shadows of Sydney,253.225,46,55.04565217391304
Velvet Pact,252.885,61,79.72131147540983
Bangkok Promise III,252.54333333333332,83,63.38674698795181
Lost Naples III,252.22,41,52.13414634146341
Iron Harvest II,252.08666666666667,54,56.92777777777778
Distant Verdict II,251.95166666666665,47,57.02340425531915
Detroit Echoes,251.90166666666667,225,58.91911111111111
Lagos Verdict V,251.84666666666666,56,64.86964285714285
Madrid Paradox V,251.71333333333334,35,55.317142857142855
Lost Frequency II,251.655,39,57.61025641025641
Broken Toronto III,251.56833333333333,32,73.7
Cairo Paradox,250.94,201,52.38407960199005
The Harvest of Istanbul III,250.765,48,56.77708333333334
Restless Inheritance,250.75333333333333,159,68.57044025157234
The Pact of Toronto II,250.56,45,55.68
Glass Tide IV,250.535,201,62.32338308457712
Hamburg Ledger II,250.225,193,68.84145077720207
Berlin Paradox,250.09666666666666,58,78.40172413793104
Falling Hamburg II,250.03,46,74.11739130434783
Midnight Empire II,249.82,53,58.91698113207547
Iron Reckoning,249.6,41,73.79512195121951
Electric Seoul II,249.44833333333332,42,72.43333333333332
Hidden Hamburg,249.415,53,67.87358490566038
Bangkok Confession IV,248.72333333333333,193,66.65440414507772
Iron Circuit II,248.52166666666668,43,64.21860465116279
Electric Confession II,248.16333333333333,52,51.86538461538461
Sacred Mumbai IV,248.025,40,60.8
The Pact of Hamburg,247.695,50,66.344
Cairo Circuit IV,247.64166666666668,60,59.82333333333334
Lagos Legacy II,247.59,53,67.7
Toronto Cipher,247.255,41,62.81951219512195
Cairo Affair III,247.14666666666668,37,77.67027027027028
Last Legacy II,246.955,96,58.46875
The Legacy of Cairo IV,246.57666666666665,41,52.76341463414634
Paper Protocol,246.46166666666667,39,60.77179487179487
Tokyo Empire,246.27166666666668,38,61.718421052631584
Bangkok Garden,246.20333333333332,181,74.86906077348065
Lisbon Legacy II,246.09833333333333,206,72.40339805825244
Frozen Tokyo IV,246.0,62,76.30322580645162
The Kingdom of Seoul VII,245.88,265,61.55320754716981
Bangkok Lighthouse V,245.67666666666668,48,63.981249999999996
Forgotten Storm,245.42666666666668,79,56.83164556962025
Last Naples,245.30166666666668,209,65.81626794258374
The Garden of Madrid III,245.3,48,51.10833333333333
Neon Oslo,244.87166666666667,68,45.77205882352941
Gilded Madrid,244.80166666666668,40,78.9725
Scarlet Garden III,244.79666666666668,55,59.341818181818184
Lagos Affair II,244.52666666666667,42,68.09285714285714
Hidden Madrid,243.99666666666667,112,53.78928571428571
The Throne of Tokyo IV,243.96,55,55.43636363636364
Bogota Anatomy IV,243.75833333333333,40,67.71000000000001
Scarlet Bangkok VI,243.51666666666668,42,59.67380952380953
The Storm of Hamburg III,243.37833333333333,54,54.520370370370365
Tokyo Paradox IV,242.91333333333333,74,60.79189189189189
The Ledger of Berlin,242.66833333333332,193,78.58704663212436
Forgotten Protocol III,242.64000000000001,174,76.75632183908046
Istanbul Horizon III,242.27,68,65.17647058823529
Toronto Cipher II,242.15666666666667,43,47.723255813953486
Burning Istanbul III,241.7,45,62.446666666666665
Oslo Kingdom II,241.65,70,61.64428571428572
The River of Toronto III,241.64333333333332,50,55.54600000000001
Paper Horizon,241.57333333333332,53,73.70377358490566
Madrid Sanctuary III,241.51666666666668,48,60.385416666666664
Oslo Tide III,241.31666666666666,42,61.78333333333334
The Confession of Lisbon II,241.29666666666665,147,83.4625850340136
The Verdict of Oslo II,241.255,61,67.79672131147541
Savage River II,241.21833333333333,164,68.41341463414633
Iron Berlin IV,241.09333333333333,37,76.35675675675675
Shattered Lisbon II,240.87333333333333,195,60.74923076923077
Paper Sydney VI,240.72666666666666,146,76.6917808219178
Tender Departure,240.57333333333332,46,58.98913043478261
Bangkok Confession V,240.395,49,64.68571428571428
Gilded Hamburg VI,240.285,72,59.58611111111111
Toronto Anatomy V,240.23499999999999,97,51.59690721649484
Cairo Shadows III,240.20333333333335,44,60.66136363636363
Lagos Storm III,240.09333333333333,46,68.6804347826087
Electric Tokyo,239.745,41,49.9780487804878
The Garden of Marseille,239.70166666666665,52,56.90576923076923
Bogota Shadows III,239.29833333333335,70,77.69142857142856
The Frequency of Bogota,239.095,50,45.982
Hollow Affair II,239.08333333333334,40,57.8375
The Lighthouse of Bogota II,238.98166666666665,159,75.14779874213836
Oslo Reckoning III,238.81833333333333,50,47.762
Sydney Harvest,238.685,41,63.50731707317074
Berlin Echoes,238.61666666666667,47,56.40425531914894
Broken Ledger II,237.79,70,53.91857142857143
Phantom Confession,237.76,48,62.43958333333333
Gilded Paradox,237.69666666666666,96,58.95520833333333
Iron Marseille IV,237.37,34,51.720588235294116
Lisbon Heist,237.23,48,65.03125
Frozen Protocol II,237.19833333333332,58,64.91379310344827
Eternal Lisbon II,237.17833333333334,41,61.985365853658536
Istanbul Syndicate V,236.88333333333333,46,47.9804347826087
Eternal Seoul V,236.66666666666666,41,54.980487804878045
Lisbon Kingdom IV,236.36333333333334,43,54.967441860465115
Bangkok Requiem II,236.32666666666665,157,77.1936305732484
Burning Lisbon,235.98833333333334,254,63.3488188976378
Scarlet Naples II,235.95333333333332,218,66.95366972477063
Savage Jakarta IV,235.80333333333334,38,53.04210526315789
Distant Tokyo,235.545,212,67.33820754716982
The Ledger of Madrid III,234.96,156,71.72179487179487
Glass Detroit,234.95333333333332,40,55.072500000000005
The River of Madrid V,234.77166666666668,82,64.58292682926829
Hamburg Paradox II,234.455,42,59.397619047619045
Wild Jakarta,234.35666666666668,85,49.23882352941177
Madrid River II,234.05833333333334,70,79.61428571428571
Bangkok Departure II,234.025,166,67.66867469879519
Bangkok Tide II,233.92333333333335,53,73.57358490566038
Forgotten Istanbul V,233.84833333333333,67,71.23432835820896
The Algorithm of Berlin III,233.465,46,74.63913043478261
Scarlet Echoes,233.25333333333333,47,51.704255319148935
Whispering Storm,233.12,122,78.52213114754099
Falling Hamburg IV,232.73833333333334,271,67.80184501845018
Frozen Confession II,232.68333333333334,48,71.28333333333333
Reckless Odyssey,232.21,190,56.84578947368421
The Protocol of Lisbon II,231.70499999999998,44,54.00909090909091
Bangkok Horizon III,231.69666666666666,42,55.166666666666664
The Departure of Mumbai,231.54,44,44.78409090909091
The Legacy of Tokyo III,231.29166666666666,64,64.540625
Phantom Berlin,231.21333333333334,40,72.2475
Midnight Lagos VII,231.12833333333333,61,70.15573770491804
The Shadows of Seoul,231.1,44,60.372727272727275
Frozen Detroit IV,230.47333333333333,52,42.61346153846154
The Inheritance of Naples III,230.43666666666667,47,65.37446808510639
Glass Berlin,230.28666666666666,47,70.0
Broken Departure,230.15166666666667,46,46.3195652173913
The Requiem of Hamburg III,230.025,47,61.17659574468085
The Promise of Toronto IV,229.94666666666666,49,75.68979591836735
Velvet Algorithm II,229.92333333333335,44,44.66590909090909
The Paradox of Hamburg II,229.86166666666668,70,82.09142857142857
Scarlet Berlin III,229.64,221,63.62217194570136
Seoul Horizon,229.63166666666666,46,44.571739130434786
The Mirror of Bangkok II,229.45333333333335,132,82.77045454545456
Midnight Bangkok III,229.34833333333333,191,67.96753926701571
The Inheritance of Tokyo III,229.23,59,63.00677966101695
Lost Naples,229.15166666666667,65,61.84615384615385
Golden Istanbul VII,228.94,203,60.793596059113305
The Cipher of Oslo,228.65,97,60.9659793814433
Silent Empire,228.62,46,50.71739130434783
Paper Oslo,228.565,218,69.13027522935779
Iron Confession,228.425,46,57.51739130434783
The Sanctuary of Hamburg III,228.27666666666667,34,59.94411764705882
The Heist of Jakarta III,228.23166666666668,55,61.17454545454545
Phantom Oslo II,227.995,43,66.69302325581396
Reckless Berlin II,227.91,154,66.26753246753248
The Harvest of Lisbon VI,227.9,262,84.17709923664123
The Promise of Istanbul III,227.82833333333332,47,49.46382978723405
The Requiem of Bogota II,227.66666666666666,46,61.87173913043478
Istanbul Inheritance,227.595,167,68.1437125748503
The Requiem of Detroit,227.58,39,55.579487179487174
Sydney River,227.49166666666667,173,78.89884393063583
Electric Bogota,227.48,144,66.28055555555555
The Ledger of Detroit,227.47833333333332,51,44.6078431372549
Rising Throne,227.45666666666668,44,64.62045454545455
Golden Garden IV,227.37,41,49.517073170731706
Glass Bogota II,226.70499999999998,42,51.40238095238095
Broken Verdict II,226.55166666666668,117,76.42820512820514
The Horizon of Berlin V,226.48833333333334,121,72.93057851239669
Burning Throne III,226.335,47,57.33404255319149
The Horizon of Lisbon III,226.15166666666667,50,52.49
The Algorithm of Toronto II,226.10666666666665,137,77.36569343065693
The Odyssey of Toronto III,225.975,142,74.01830985915493
Shattered Bogota,225.47833333333332,67,61.18358208955224
The Mirror of Marseille,225.13833333333332,54,53.451851851851856
Hamburg Odyssey V,225.025,115,73.83478260869565
Istanbul Mirror II,224.71166666666667,44,59.85
Tokyo Promise III,224.56666666666666,63,62.17619047619048
The Departure of Tokyo II,224.41666666666666,130,65.55230769230769
The Echoes of Bangkok III,224.37,43,59.2906976744186
Forgotten Sydney,224.27,133,71.75338345864662
The Confession of Naples,224.13333333333333,44,77.175
The Syndicate of Bangkok II,224.12666666666667,137,68.64452554744526
Iron Shadows,223.83666666666667,65,73.26615384615386
The Odyssey of Hamburg,223.77666666666667,43,56.77441860465117
Golden Bangkok,223.265,91,56.84175824175824
Jakarta Syndicate,222.91166666666666,45,79.04222222222222
Toronto Protocol II,222.555,216,60.608333333333334
The Tide of Istanbul II,222.03833333333333,60,59.215
Crimson Odyssey III,221.99166666666667,165,72.07878787878788
Lost Jakarta,221.775,121,74.81322314049586
Marseille Garden IV,221.64166666666668,49,55.16122448979592
Jakarta Departure III,221.26,266,63.171428571428564
Phantom Naples III,221.04333333333332,38,46.15526315789474
Reckless Garden II,220.99,150,70.71
Sydney Expedition II,220.94666666666666,44,62.75909090909091
Savage Mirror II,220.68666666666667,43,53.46279069767442
The Heist of Bogota III,220.65,39,65.04102564102564
Eternal Bogota III,220.57833333333335,42,74.48809523809524
Crimson Expedition,220.55,151,82.67549668874172
Crimson Sydney II,220.345,40,57.385000000000005
The Mirror of Jakarta II,220.21333333333334,42,65.53571428571429
Crimson Inheritance II,220.21,124,80.7233870967742
Detroit Legacy,220.16833333333332,50,45.873999999999995
Bogota Algorithm III,219.76666666666665,62,79.94999999999999
Glass Sanctuary,219.37833333333333,53,67.4943396226415
Phantom Madrid III,219.33166666666665,45,47.47555555555556
Seoul Echoes,219.09666666666666,157,71.56178343949045
Madrid Protocol IV,219.01666666666668,61,54.96065573770492
The Empire of Madrid II,218.45000000000002,210,60.0152380952381
The Throne of Madrid II,218.26333333333332,79,53.1367088607595
Istanbul Circuit,218.13,168,74.9077380952381
Jakarta Kingdom II,218.10333333333332,40,65.4325
Cairo Anatomy IV,217.89666666666668,42,72.0547619047619
Madrid Departure III,217.39166666666665,40,50.3175
The Anatomy of Cairo III,217.04666666666665,132,78.92878787878789
The Empire of Berlin V,216.94333333333333,51,79.75686274509803
The Syndicate of Bogota,216.93333333333334,38,42.92368421052631
Forgotten Detroit III,216.88333333333333,135,73.58148148148148
Electric Crown III,216.46,203,74.38719211822661
Gilded Algorithm III,216.32333333333332,34,75.73823529411764
Lost Toronto II,216.32333333333332,231,85.13549783549783
The Empire of Detroit II,216.26500000000001,46,52.24347826086956
The Inheritance of Naples V,216.20666666666668,173,69.43236994219653
Jakarta Cipher,216.15166666666667,190,62.62421052631579
Distant Jakarta III,216.07,32,60.284375
Lost Mumbai II,215.95,139,71.16187050359713
Endless Cairo,215.93333333333334,174,59.0948275862069
The Lighthouse of Tokyo,215.88833333333335,53,59.89622641509434
Last Berlin II,215.865,53,55.409433962264146
The Kingdom of Jakarta IV,215.70166666666665,39,49.82820512820513
Gilded Bogota,215.14666666666668,39,68.95384615384614
Frozen Syndicate,214.95333333333332,39,61.241025641025644
Iron Odyssey,214.95166666666668,111,81.81711711711712
Shattered Frequency II,214.80833333333334,40,67.1275
Hamburg Odyssey III,214.565,175,71.42514285714286
The Protocol of Berlin IV,214.51833333333332,56,80.08214285714287
Silent Syndicate III,214.495,40,56.7375
Frozen Lagos,214.285,214,66.02429906542056
Falling Garden II,213.97166666666666,170,58.089411764705886
Tender Affair,213.88833333333332,48,53.47083333333333
Mumbai Empire II,213.385,96,80.82395833333334
The Odyssey of Bogota II,213.21166666666667,71,73.24788732394367
Lost Legacy,212.85333333333332,163,79.13926380368099
Hamburg Protocol II,212.67833333333334,37,65.30810810810812
Lagos Sanctuary,212.45166666666665,35,48.17714285714286
Hollow Expedition,212.40666666666667,37,52.18378378378378
The Syndicate of Jakarta II,212.4,179,65.32122905027933
Bogota Promise,212.17666666666668,234,61.825213675213675
Hollow Berlin II,212.02333333333334,43,52.45813953488371
Tokyo Heist,211.99833333333333,44,61.76818181818182
Electric Empire,211.70499999999998,44,43.875
Last Marseille V,211.67166666666668,40,62.25750000000001
The Legacy of Bogota,211.355,175,77.09371428571428
Broken Oslo II,211.195,44,70.24318181818181
Frozen Marseille,210.79166666666666,170,63.04882352941176
Neon Affair,210.73166666666668,36,65.03888888888889
The Lighthouse of Marseille,210.70000000000002,53,58.45849056603774
The Harvest of Toronto,210.22333333333333,39,64.17435897435898
Detroit Reckoning,209.92166666666665,37,57.894594594594594
Detroit Departure II,209.43,79,69.76329113924051
Reckless Hamburg,208.965,45,66.33777777777777
Whispering Mumbai,208.91666666666666,161,78.64409937888199
Hidden Madrid III,208.77666666666667,57,49.835087719298244
Midnight Odyssey,208.68666666666667,40,62.114999999999995
The Shadows of Berlin II,208.66,89,45.975280898876406
Shattered Pact,208.65833333333333,72,68.99583333333334
The Ledger of Seoul,208.64833333333334,163,67.36871165644172
The Kingdom of Seoul II,208.16833333333335,37,53.575675675675676
The Protocol of Jakarta IV,208.14166666666668,199,65.37386934673367
Hidden Cairo,207.83166666666668,179,68.97541899441342
Last Departure III,207.81666666666666,171,63.95964912280702
Restless Istanbul II,206.32166666666666,154,69.29935064935066
The Mirror of Marseille II,206.105,36,58.425000000000004
Quiet Hamburg III,205.92833333333334,131,67.8526717557252
The Crown of Oslo,205.70166666666668,36,62.794444444444444
The Tide of Detroit,205.29,38,71.08684210526316
Wild Tokyo II,205.28666666666666,37,42.035135135135135
Hollow Mumbai,205.04333333333332,137,77.41605839416059
Golden Circuit,205.02,49,65.37959183673469
Shattered Mirror III,204.33333333333334,43,61.44883720930233
Glass Seoul V,204.26,46,39.643478260869564
Marseille Confession VI,204.05333333333334,113,73.20973451327434
Lisbon Throne III,203.95333333333335,54,69.94444444444444
Hollow Toronto IV,203.67166666666668,42,54.89523809523809
Endless Empire,203.63166666666666,34,53.95882352941177
Hamburg Tide II,203.10166666666666,113,81.69646017699115
Hidden Circuit III,202.99,53,74.60943396226415
Distant Departure III,202.85166666666666,52,75.99230769230769
Madrid Syndicate III,202.84833333333333,65,57.7876923076923
Tokyo Heist III,202.63833333333332,170,71.51941176470588
Shattered Lisbon V,202.59,69,57.575362318840575
Eternal Lagos VII,202.375,40,63.235
The Confession of Oslo III,201.97833333333332,161,58.80869565217392
Last Oslo V,201.79833333333332,213,55.72723004694836
Marseille Garden,201.67333333333335,135,73.47037037037038
Jakarta Lighthouse III,201.47,174,68.78850574712644
Electric Echoes,201.07999999999998,44,54.40909090909091
The Paradox of Istanbul,201.06,46,54.630434782608695
The Crown of Tokyo VI,200.98166666666665,52,52.70384615384615
Falling Promise II,200.93666666666667,137,75.86569343065693
Marseille Requiem,200.89166666666668,34,50.35588235294117
Cairo Lighthouse,200.84666666666666,47,69.67234042553191
Electric Sydney,200.68833333333333,122,70.49344262295082
Naples Lighthouse,200.61833333333334,56,59.70357142857143
Tender Hamburg,200.55333333333334,152,65.97434210526316
Brilliant Cairo III,200.485,36,58.00555555555555
Reckless Mumbai II,200.3,57,73.98245614035088
Lisbon Pact II,200.03166666666667,74,82.74594594594595
Mumbai Cipher IV,200.03166666666667,39,72.57692307692308
Iron Pact,199.92666666666668,42,59.4952380952381
Crimson Mirror V,199.815,47,60.738297872340425
Rising Tide VI,199.74,55,45.39272727272727
Midnight Jakarta V,199.6,44,63.002272727272725
The Algorithm of Sydney II,199.335,125,77.1616
Bangkok Shadows II,199.23833333333334,77,71.54545454545455
Silent Heist,199.20833333333334,57,67.21228070175438
Scarlet Ledger,198.925,54,61.398148148148145
Endless Crown,198.665,44,50.16818181818182
Madrid Kingdom III,198.09166666666667,248,50.98467741935484
Golden Cairo III,198.065,34,54.2764705882353
Broken Seoul III,198.05333333333334,52,59.35192307692308
Eternal Crown,197.9,57,57.86842105263158
Forgotten Istanbul VII,197.73166666666665,45,67.6
Seoul Legacy,197.40333333333334,38,64.93157894736842
The Requiem of Hamburg II,197.32666666666665,45,56.224444444444444
The Frequency of Toronto II,197.23333333333332,123,78.8609756097561
Madrid Requiem II,197.08,125,80.1712
Iron Circuit,197.06,144,80.50416666666666
The Throne of Istanbul V,196.51666666666668,116,85.41896551724139
Falling Detroit III,196.10333333333332,57,56.40350877192982
Wild Sydney,195.55333333333334,64,58.7578125
The Heist of Detroit II,195.15833333333333,42,68.33333333333333
The Frequency of Istanbul,194.97833333333332,176,69.23636363636363
Rising Anatomy,194.79,141,72.08085106382978
Naples Throne,194.75166666666667,51,74.8686274509804
Istanbul Odyssey V,194.635,51,67.34313725490196
Broken Crown II,194.575,43,64.64651162790697
Paper Algorithm,194.57333333333332,66,59.553030303030305
Tokyo Mirror II,194.51666666666668,178,59.07191011235955
The Requiem of Oslo II,194.40166666666667,47,76.6
Frozen Confession III,194.4,126,78.44682539682539
The Affair of Naples II,194.16,43,82.10000000000001
Detroit Lighthouse III,194.11,192,49.315104166666664
The Expedition of Tokyo II,194.055,40,63.010000000000005
Hidden Cairo III,193.98499999999999,37,72.81891891891892
The Storm of Detroit IV,193.85166666666666,159,61.47547169811321
Glass Tide II,193.825,160,59.098125
The Garden of Sydney,193.81666666666666,121,71.72727272727273
The Requiem of Bangkok II,193.64166666666665,184,66.45923913043478
Bogota Mirror,193.555,44,62.84090909090909
Marseille Syndicate III,193.43333333333334,51,52.67843137254902
The Ledger of Istanbul II,193.315,63,69.73968253968255
The Syndicate of Mumbai,193.03166666666667,39,69.22820512820513
Quiet Verdict,192.84666666666666,43,55.7093023255814
The Empire of Istanbul III,192.72666666666666,150,74.12733333333334
Paper Echoes II,192.51,153,74.01307189542484
Last Circuit,192.06666666666666,162,64.66913580246913
Last Anatomy III,192.04,112,69.5125
Last Heist II,191.97,127,76.21259842519684
Shattered Requiem,191.90833333333333,160,66.021875
Hamburg Anatomy II,191.88166666666666,43,63.2906976744186
Neon Inheritance II,191.71,57,62.291228070175436
Toronto Frequency III,191.42666666666668,120,68.85583333333334
Forgotten Oslo III,190.72666666666666,137,70.19416058394161
Hidden Harvest,190.55833333333334,53,67.83396226415094
Quiet Protocol III,190.42666666666668,64,47.2296875
Tokyo Crown V,190.37333333333333,51,56.549019607843135
Paper Tide II,190.10833333333332,243,53.34526748971193
Restless Promise II,189.98,38,44.63947368421052
Falling Echoes III,189.97,57,66.64912280701755
Savage Detroit,189.95833333333334,102,81.56078431372549
Lagos Crown,189.92333333333335,154,48.682467532467534
Detroit Pact,189.78,50,69.21600000000001
Phantom Toronto III,189.735,67,72.62089552238807
Restless Marseille,189.605,44,54.325
Savage Confession II,189.265,93,67.83763440860216
Sacred Shadows II,189.25833333333333,100,74.71300000000001
The Verdict of Bangkok II,189.15833333333333,69,66.85797101449275
Last Tokyo V,189.02333333333334,125,69.792
Paper Garden,188.97,48,54.675000000000004
Lagos Garden III,188.65833333333333,121,64.51157024793388
The Frequency of Lisbon II,188.62333333333333,39,66.86666666666667
Distant Frequency II,188.615,38,59.56578947368421
The Anatomy of Detroit II,188.49166666666667,151,74.15364238410596
Endless Istanbul III,187.80166666666668,46,45.369565217391305
The Throne of Naples,187.77,56,59.87321428571429
The Kingdom of Seoul IV,187.745,69,69.77101449275362
Scarlet Hamburg II,187.3,51,51.00392156862745
Velvet Mirror,187.265,140,70.4
Whispering Confession,186.95,62,49.70645161290323
Iron Tide III,186.82666666666665,63,67.3984126984127
Madrid Empire V,186.545,45,70.66666666666667
Berlin Departure III,186.38833333333332,54,60.5574074074074
Forgotten Empire,186.26,129,78.75968992248062
The Crown of Hamburg,186.24666666666667,43,43.75116279069767
Sacred Oslo II,186.23166666666665,48,56.23333333333333
Brilliant Algorithm II,186.03666666666666,124,69.24758064516129
The Echoes of Bangkok II,185.52166666666668,60,49.07833333333333
Hamburg River,185.41666666666666,120,62.64416666666667
The Crown of Toronto,185.33833333333334,107,73.70467289719626
The Tide of Lagos,185.305,127,74.19291338582677
Forgotten Protocol,185.11666666666667,179,54.427932960893855
Electric Mumbai II,185.055,32,82.6125
Detroit Departure,184.88,51,73.97450980392156
The Verdict of Cairo II,184.705,117,66.70769230769231
Velvet Bangkok II,184.675,48,75.9375
Frozen Protocol III,184.59166666666667,49,64.21632653061225
Glass Anatomy,184.38333333333333,59,59.52542372881356
The Protocol of Jakarta V,184.10833333333335,43,57.33255813953489
The Throne of Lisbon III,184.06833333333333,144,67.275
Mumbai Cipher V,184.02333333333334,105,78.48190476190477
The Mirror of Cairo V,183.84666666666666,48,70.92708333333333
Mumbai Requiem II,183.74666666666667,144,62.756249999999994
The Algorithm of Istanbul III,183.17,166,65.54457831325301
Hamburg Cipher VI,183.03833333333333,107,65.79532710280374
Tender Lagos III,182.96666666666667,130,69.79153846153847
The Throne of Lagos IV,182.92833333333334,32,79.390625
Tender Harvest,182.92666666666668,165,67.18787878787879
Cairo Confession IV,182.81166666666667,105,84.24857142857144
Burning Tokyo II,182.74333333333334,36,59.48888888888889
Hidden Istanbul V,182.73333333333332,156,70.28205128205128
Paper Pact,182.71333333333334,41,72.27073170731707
Marseille Harvest II,182.59666666666666,29,46.641379310344824
Iron Tide,182.59,186,66.93548387096774
Lagos Promise IV,182.51833333333335,121,71.26859504132231
Endless Legacy,182.33,45,65.35555555555555
Hollow Confession II,182.05666666666667,50,43.346000000000004
Eternal Tide,181.87666666666667,147,66.88027210884354
Berlin Expedition III,181.86,47,73.71063829787234
Marseille Affair,181.53,164,75.47560975609755
The Affair of Marseille II,181.185,105,83.5
Hamburg Circuit III,180.74833333333333,146,64.02808219178083
Shattered Lisbon VI,180.59166666666667,145,57.04275862068966
Iron Jakarta,180.44,65,79.7
The Cipher of Sydney,180.37,44,54.665909090909096
Velvet River,180.295,146,60.240410958904114
The Tide of Oslo,180.18833333333333,126,81.71825396825396
The Expedition of Tokyo VI,180.02666666666667,47,73.65744680851064
Oslo Pact,179.79,172,58.07383720930233
Istanbul Requiem VI,179.75333333333333,51,58.739215686274505
Glass Storm,179.57,111,67.87387387387388
Madrid Syndicate VI,179.18166666666667,54,56.55925925925926
Istanbul Tide V,179.17833333333334,56,71.10714285714286
Berlin Throne,179.125,64,66.6421875
Toronto Lighthouse,179.09666666666666,43,47.32790697674418
Scarlet Tide,178.59666666666666,235,60.797446808510635
Bitter Requiem II,178.45,57,64.7701754385965
Silent Hamburg,178.325,51,65.55686274509804
Whispering Lagos II,178.00166666666667,103,72.00776699029126
The Affair of Bogota VII,177.98666666666668,49,53.41836734693877
The Horizon of Madrid III,177.84666666666666,121,71.11818181818181
Crooked Bangkok II,177.41,51,59.45294117647059
The Harvest of Toronto III,177.22,130,76.44692307692308
Phantom Marseille VII,177.18666666666667,89,48.167415730337076
Last Tide,177.1,127,68.5771653543307
Sydney Lighthouse VII,177.02,124,67.94193548387096
Burning Circuit II,176.88833333333332,113,62.20265486725663
The Reckoning of Oslo,176.61833333333334,38,55.32631578947369
The Protocol of Oslo II,176.39833333333334,61,63.79344262295082
Tokyo Pact II,176.16666666666666,40,64.4475
Sacred Tokyo,176.09,112,72.56339285714286
Berlin Shadows II,176.03,45,69.85555555555555
The Mirror of Cairo,176.02333333333334,143,63.12797202797202
Endless Lagos,175.74,58,56.106896551724134
Crimson Bangkok,175.62666666666667,160,58.281875
Brilliant Detroit III,175.39833333333334,134,70.12462686567164
Crooked Lagos III,175.26500000000001,114,83.09736842105264
The Echoes of Madrid V,175.16666666666666,41,55.4780487804878
The Garden of Oslo V,175.12666666666667,58,62.90689655172414
Tender Empire II,175.055,55,66.30727272727273
Seoul Sanctuary III,174.98333333333332,43,62.6
The Storm of Seoul,174.725,41,45.824390243902435
Paper Legacy II,174.69666666666666,162,66.02222222222223
The Heist of Marseille,174.695,51,65.87450980392157
The Algorithm of Cairo III,174.385,164,70.8890243902439
Lisbon Legacy III,174.34666666666666,58,54.65689655172414
Mumbai Throne II,174.25333333333333,53,68.4943396226415
Seoul Paradox II,174.13166666666666,100,82.91799999999999
Jakarta Affair,174.11666666666667,132,74.66590909090908
The Paradox of Hamburg,174.08666666666667,74,65.35
Lisbon Departure,173.97666666666666,56,53.56964285714286
Reckless Bangkok,173.90833333333333,45,49.33555555555555
Marseille Confession III,173.9,38,52.6
The Storm of Bogota VI,173.78833333333333,41,65.71219512195121
Lisbon Harvest,173.45833333333334,95,68.9
Berlin Expedition,173.42666666666668,115,69.07826086956521
Tokyo Legacy,173.39333333333332,99,67.36060606060606
Hidden Verdict,173.14166666666668,50,64.126
The Inheritance of Lisbon IV,172.65,53,65.1566037735849
Tender Circuit,172.63166666666666,66,64.05757575757576
Seoul Tide,172.57999999999998,142,66.90492957746478
Last Naples III,172.49166666666667,107,69.08691588785047
Detroit Reckoning II,172.43333333333334,41,72.51219512195122
Distant Crown,172.355,46,64.24130434782609
Restless Reckoning,172.06333333333333,43,60.02558139534884
Golden Algorithm,171.92666666666668,95,64.62842105263158
The Reckoning of Detroit V,171.85166666666666,177,58.844632768361585
Silent Oslo IV,171.77833333333334,42,53.811904761904756
Eternal Syndicate III,171.63666666666666,176,80.1534090909091
Silent River II,171.525,94,70.62978723404255
The Reckoning of Naples,171.44333333333333,70,62.79857142857142
Lisbon Mirror,171.23166666666665,142,57.87676056338028
The Anatomy of Marseille,171.17166666666665,56,44.948214285714286
Reckless Bangkok II,171.085,128,60.2984375
Seoul Legacy V,170.93833333333333,41,56.336585365853665
Crimson Verdict,170.83666666666667,134,59.76119402985075
Seoul Paradox,170.74,62,65.56935483870969
Last Frequency II,170.67833333333334,193,72.68290155440414
Sacred Reckoning II,170.475,58,63.217241379310344
Forgotten Expedition II,170.385,46,51.6804347826087
The Pact of Mumbai II,170.38166666666666,122,63.966393442622945
Phantom Detroit II,170.35833333333332,83,73.30722891566265
The Crown of Detroit IV,170.15666666666667,35,48.620000000000005
Crimson Hamburg IV,170.07833333333332,35,66.25999999999999
Naples Anatomy II,169.93833333333333,108,80.01481481481481
Sacred Sydney II,169.65333333333334,51,70.77450980392157
The Algorithm of Bangkok II,169.64833333333334,50,77.10600000000001
Electric Toronto,169.585,78,79.54871794871795
Distant Kingdom,169.41,42,63.68333333333333
Madrid Garden II,169.39666666666668,62,61.62580645161291
The Mirror of Marseille III,169.345,43,63.01162790697674
Burning Hamburg II,169.14333333333335,143,67.58741258741259
Marseille Throne II,169.135,38,89.01578947368421
Hollow Inheritance,169.10666666666668,95,67.59789473684211
Wild Lighthouse,169.07666666666668,41,77.32439024390244
Falling Frequency V,168.36833333333334,133,74.46165413533835
Endless Heist,168.34666666666666,107,66.0196261682243
Rising Sydney III,168.33833333333334,39,70.37435897435897
Last Reckoning,168.27666666666667,147,58.21156462585034
The Protocol of Bangkok III,168.11666666666667,130,66.32307692307693
The Promise of Lagos,167.74833333333333,107,76.47102803738318
Cairo Shadows,167.4,49,55.546938775510206
Broken Tokyo III,167.29833333333332,124,66.3532258064516
Neon Ledger,167.27666666666667,43,55.18604651162791
Endless Lagos II,167.08833333333334,138,70.53260869565217
Endless Madrid V,167.01833333333335,119,60.581512605042015
Marseille Mirror V,166.88666666666666,36,63.224999999999994
Istanbul Garden II,166.87666666666667,52,58.34615384615385
Hamburg Storm,166.695,95,70.1842105263158
The Frequency of Berlin,166.50833333333333,97,75.73505154639176
Tender Paradox,166.45833333333334,60,51.373333333333335
The Mirror of Detroit II,166.41333333333333,198,65.48989898989899
Silent Toronto II,166.20833333333334,37,52.64324324324324
Marseille Garden III,166.03666666666666,34,73.98529411764706
The Ledger of Lagos IV,165.84833333333333,159,55.874213836477985
Eternal Istanbul II,165.825,104,84.65961538461539
Iron Horizon II,165.79833333333335,54,62.029629629629625
Frozen Protocol,165.72666666666666,52,83.14230769230768
Seoul Lighthouse III,165.47333333333333,63,59.69047619047619
Toronto Frequency II,165.025,198,73.53939393939393
The Horizon of Berlin IV,164.955,122,65.42295081967214
Madrid Inheritance V,164.83333333333334,40,63.895
Savage Madrid III,164.83333333333334,149,64.44697986577181
Paper Naples,164.82666666666665,44,57.33636363636364
Crooked Naples III,164.58333333333334,38,64.96578947368421
Marseille Anatomy III,164.57,115,75.31652173913044
Silent Cairo,164.46166666666667,44,57.50454545454545
Berlin Kingdom,164.35833333333335,98,72.39081632653061
Hidden Jakarta V,164.31833333333333,42,62.099999999999994
The Sanctuary of Cairo,164.17166666666668,116,66.86810344827586
Toronto Heist III,164.04833333333335,89,78.43483146067416
Burning Oslo III,163.91833333333332,119,78.70840336134454
Sydney Pact,163.7,103,75.6883495145631
Lost Cairo III,163.31666666666666,118,72.21271186440678
Crooked Seoul II,163.305,47,58.89574468085106
Sydney Empire,163.20333333333335,148,61.25878378378378
Neon Detroit II,163.19666666666666,49,63.44081632653061
Forgotten Bogota,163.14166666666668,124,65.78145161290323
Bogota Affair,163.09833333333333,112,63.776785714285715
Bangkok Tide IV,162.81,49,60.6
Hollow Lagos IV,162.525,151,58.7046357615894
Iron Oslo III,162.445,141,72.76099290780141
Paper Lisbon,162.14166666666668,49,56.56530612244899
Shattered Verdict,161.92166666666665,48,43.25
The Frequency of Sydney IV,161.85666666666665,120,67.44416666666667
Wild Marseille,161.78333333333333,60,64.20166666666667
Velvet Istanbul II,161.625,45,54.422222222222224
Toronto Ledger III,161.60333333333332,181,68.6779005524862
Paper Kingdom,161.54166666666666,55,58.74545454545454
Scarlet Requiem II,161.525,47,53.708510638297874
Rising Storm II,161.31333333333333,93,72.78064516129032
Glass Toronto,161.02333333333334,184,55.2695652173913
The Confession of Seoul II,160.83,184,59.59945652173913
Golden Echoes,160.82,38,55.678947368421056
Scarlet Sydney V,160.745,43,65.96511627906976
Iron Detroit II,160.57,111,81.12342342342343
The Inheritance of Toronto II,160.51,43,58.17906976744186
Golden Bogota VII,160.30166666666668,138,61.78188405797101
Golden Sanctuary,160.28166666666667,127,70.11496062992126
Scarlet Jakarta,160.13833333333332,52,57.03846153846154
The Syndicate of Toronto IV,160.00666666666666,116,65.16379310344827
The Cipher of Naples II,159.75333333333333,206,50.0378640776699
Mumbai Protocol,159.70166666666665,49,64.32448979591837
The Verdict of Oslo,159.51666666666665,44,77.69090909090909
Midnight Cipher III,159.46666666666667,106,66.36415094339623
Whispering Tokyo IV,159.28,41,75.68048780487806
Hidden Detroit IV,159.26,70,63.19142857142857
Berlin Mirror II,158.76333333333332,83,46.654216867469884
Forgotten Garden,158.7,113,80.25575221238938
Hamburg Inheritance III,158.46666666666667,59,74.61016949152543
Sacred Oslo IV,158.20333333333332,54,66.08518518518518
Hamburg Sanctuary II,158.115,175,86.05428571428571
Golden Garden III,157.9,106,68.7566037735849
The Storm of Marseille II,157.865,120,80.53999999999999
Tokyo Reckoning,157.75166666666667,108,69.00740740740741
Silent Pact III,157.535,114,59.22192982456141
Hamburg Odyssey II,157.49333333333334,55,63.630909090909086
Forgotten Confession,157.39833333333334,108,62.463888888888896
The Crown of Bogota II,157.38833333333332,100,76.161
Hidden River,157.18166666666667,87,79.12988505747127
Velvet Mumbai,157.11333333333334,75,83.24933333333333
Tokyo Pact,156.92833333333334,146,67.17945205479452
The Requiem of Mumbai III,156.81166666666667,41,63.74390243902439
Rising Toronto II,156.79166666666666,45,50.49333333333333
The Confession of Tokyo III,156.655,48,72.52916666666667
Glass Confession II,156.63,121,59.74462809917355
Midnight Algorithm,156.61,96,75.29583333333333
Whispering Berlin,156.58166666666668,189,66.27671957671957
Iron Heist,156.56166666666667,34,61.39117647058824
The Throne of Seoul II,156.47666666666666,121,80.82396694214877
The Inheritance of Istanbul III,156.43666666666667,54,68.97222222222223
Tender Frequency II,156.255,140,68.34
Bogota Empire II,156.145,51,52.188235294117646
Tokyo Heist II,156.12666666666667,42,63.00952380952381
Paper Seoul V,155.93166666666667,92,77.03804347826087
Hamburg Ledger IV,155.885,169,60.8207100591716
Glass Lisbon II,155.82,68,72.74852941176471
Quiet Madrid II,155.60166666666666,101,70.02772277227723
Detroit Paradox,155.45333333333335,30,56.53333333333333
Reckless Marseille II,155.39666666666668,82,73.82560975609756
Shattered Mirror II,155.335,114,67.01929824561404
The Verdict of Marseille II,155.29166666666666,102,60.898039215686275
Silent Lisbon V,155.09166666666667,82,82.83170731707317
Broken Throne,154.85333333333332,140,82.96571428571428
Berlin Confession IV,154.84666666666666,35,54.4
Detroit Anatomy III,154.74,39,58.63589743589744
The Sanctuary of Tokyo,154.62166666666667,46,80.02608695652174
Broken Marseille III,154.42166666666668,108,69.7388888888889
Sacred Reckoning,154.23,91,74.22637362637363
Cairo Frequency,154.215,173,59.43410404624278
Oslo Affair III,154.12666666666667,38,45.06842105263158
The Syndicate of Seoul V,154.11166666666668,192,55.997395833333336
Iron Shadows II,153.98166666666665,142,71.49295774647888
The Confession of Istanbul,153.91166666666666,88,83.94886363636364
Forgotten Hamburg II,153.76,153,66.26274509803922
Brilliant Madrid,153.63,54,45.157407407407405
The Confession of Berlin IV,153.62833333333333,144,53.79097222222222
Paper River,153.46333333333334,46,81.69782608695652
The Syndicate of Tokyo VI,153.41333333333333,78,61.460256410256406
Broken Confession II,153.29666666666668,71,68.54647887323944
Crimson Hamburg III,153.21166666666667,137,73.73138686131388
Marseille Reckoning IV,153.16833333333332,89,67.93033707865169
Last Marseille VII,153.15666666666667,117,62.41794871794872
Jakarta Legacy,153.15,47,67.88297872340425
Sydney Tide,152.97166666666666,132,63.21212121212121
Naples Heist II,152.75166666666667,41,60.74146341463415
Silent Departure,152.54,109,74.31009174311927
Mumbai Mirror,152.465,71,44.74647887323944
The Echoes of Oslo III,152.43,99,69.98383838383837
Seoul Mirror,152.13833333333332,64,70.25625
Gilded Garden III,152.13,105,79.75619047619047
Silent Storm,151.78,73,71.68767123287671
Reckless Naples III,151.68,51,63.741176470588236
The Garden of Detroit III,151.64333333333335,36,56.15555555555555
The Garden of Cairo V,151.57666666666665,131,70.83587786259542
Last Seoul V,151.41666666666666,45,67.29333333333332
Naples Heist,151.21166666666667,56,62.06785714285714
Scarlet Bangkok III,151.145,42,73.4452380952381
Last Oslo,150.8,71,76.31408450704225
Last Tokyo III,150.78666666666666,108,67.55648148148148
Whispering Tokyo,150.675,106,66.63301886792453
Neon Ledger II,150.58666666666667,136,68.49338235294118
Quiet Madrid,150.58666666666667,140,75.03714285714287
Marseille Algorithm,150.375,127,57.29448818897637
Endless Frequency II,150.23666666666668,52,68.79230769230769
Forgotten Reckoning,150.12166666666667,56,65.64821428571429
The Mirror of Istanbul VII,149.99833333333333,211,60.94075829383886
Crooked Throne,149.77666666666667,92,79.4141304347826
Seoul Confession,149.70499999999998,163,54.022085889570555
The River of Cairo II,149.515,153,47.287581699346404
Hollow Circuit,149.41166666666666,119,69.11764705882354
The Circuit of Marseille IV,149.405,55,61.736363636363635
Savage Cairo V,149.305,167,69.66706586826346
Jakarta Inheritance III,149.235,107,72.14392523364485
The Mirror of Bogota,149.21666666666667,48,66.61458333333333
Mumbai Shadows VII,148.995,134,75.80746268656716
Restless Expedition,148.835,101,65.98415841584158
Detroit Ledger,148.71333333333334,118,57.73050847457627
Bitter Inheritance VI,148.67,137,62.605109489051095
Madrid Inheritance VI,148.62666666666667,120,76.615
Broken Reckoning II,148.54166666666666,137,63.16131386861314
Seoul Anatomy VI,148.54,52,59.51153846153846
Glass Sydney II,148.225,47,50.06382978723404
Bogota Anatomy II,148.16166666666666,110,65.17181818181818
Iron Marseille III,148.105,142,52.14929577464789
Glass Cairo,148.06166666666667,78,78.54871794871795
Burning Sanctuary II,148.05666666666667,107,70.35887850467289
The Echoes of Berlin III,148.04,46,60.34347826086957
The Throne of Cairo III,147.96166666666667,46,58.84782608695652
Mumbai Crown,147.89166666666668,49,67.07142857142857
The Crown of Jakarta,147.82833333333335,52,45.857692307692304
Burning Reckoning,147.71,108,63.61574074074074
Hollow Tokyo III,147.53666666666666,48,56.925000000000004
The Expedition of Madrid,147.52666666666667,198,58.057575757575755
Phantom Tokyo,147.37166666666667,56,69.25357142857142
Restless Ledger,147.355,150,62.696
Jakarta Garden III,147.345,38,66.46842105263158
Restless Shadows,147.31333333333333,94,78.3563829787234
The Heist of Istanbul,147.095,39,45.99487179487179
Paper Marseille,147.02,120,70.02
Hollow Naples VI,146.99833333333333,83,78.71686746987952
The Horizon of Tokyo II,146.89833333333334,33,64.51212121212122
Restless Cipher,146.87166666666667,56,65.57142857142857
Cairo Departure IV,146.76333333333335,55,59.29818181818182
Naples Kingdom,146.68833333333333,50,56.412
Tender Pact II,146.62333333333333,133,67.4954887218045
Madrid Echoes III,146.42833333333334,96,67.79583333333333
Rising Legacy II,146.39166666666665,30,45.39333333333333
The Echoes of Berlin II,146.19,152,68.6953947368421
Sacred Madrid II,146.175,51,62.30980392156863
Detroit Crown III,146.17166666666668,121,78.78677685950414
Silent Syndicate II,146.15,98,58.87040816326531
Istanbul Storm II,145.86333333333334,34,57.96470588235294
Naples Confession II,145.74833333333333,42,63.08571428571428
Eternal Legacy,145.73333333333332,158,62.889240506329116
Crimson Syndicate II,145.68166666666667,163,70.5558282208589
Jakarta Circuit III,145.66833333333332,131,68.78015267175573
Bogota Storm V,145.58166666666668,36,67.40277777777777
The Circuit of Bogota III,145.545,132,62.414393939393946
The Mirror of Sydney,145.475,42,73.6952380952381
Forgotten Istanbul,145.38666666666666,110,81.75545454545455
Glass Jakarta VI,145.22833333333332,36,72.05000000000001
Midnight Odyssey II,145.22,112,57.62678571428571
The Paradox of Madrid,145.08333333333334,117,64.6991452991453
The Syndicate of Seoul,144.86166666666668,80,75.45
Crooked Odyssey II,144.74,126,55.583333333333336
The Confession of Lagos II,144.7,90,74.78333333333333
Savage Heist II,144.655,91,54.496703296703295
The Algorithm of Naples IV,144.57166666666666,95,68.13789473684211
Paper Sydney II,144.515,44,66.57727272727273
Velvet Garden VI,144.26,159,48.17358490566038
Wild Jakarta IV,144.14666666666668,100,67.05
Last Verdict,144.12,50,68.624
Quiet Lighthouse III,143.455,94,67.32659574468084
The Reckoning of Hamburg III,143.43833333333333,111,63.54504504504504
Rising Detroit,143.39666666666668,89,67.60112359550561
Paper Marseille III,143.37333333333333,52,59.934615384615384
The Paradox of Detroit II,143.35333333333332,62,82.08548387096775
Brilliant River,143.34833333333333,120,73.14083333333333
Brilliant Cipher,143.17666666666668,70,67.05857142857144
Gilded Toronto II,143.16,150,52.536
Electric Garden II,142.99,98,71.76020408163265
Frozen Marseille II,142.87333333333333,39,66.0051282051282
Lisbon Garden,142.79833333333335,116,65.95086206896552
Reckless Naples II,142.45833333333334,150,56.418000000000006
The Crown of Seoul IV,142.39333333333335,119,76.37731092436975
Reckless Seoul IV,142.35666666666665,111,71.24954954954954
Istanbul Requiem II,142.20666666666668,86,74.03720930232558
Marseille Tide,142.17166666666668,51,44.59215686274509
Sacred Oslo III,142.16,48,44.87291666666667
Bangkok Lighthouse III,142.03333333333333,117,59.69401709401709
Tender Lisbon V,141.87333333333333,92,85.67608695652174
Toronto Protocol III,141.775,99,79.55858585858586
Distant Lisbon,141.72666666666666,44,70.02272727272727
Lagos Legacy III,141.635,37,61.74594594594594
Forgotten Tide V,141.39166666666668,142,67.1218309859155
Falling Tide II,141.165,54,53.355555555555554
Berlin Departure,140.99833333333333,106,55.81037735849056
Tender Legacy,140.875,89,77.20561797752809
Tender Sanctuary II,140.84833333333333,102,65.75882352941176
Wild Empire,140.705,125,68.22319999999999
Whispering Confession II,140.49166666666667,50,58.534
The Promise of Lisbon II,140.16333333333333,50,59.644
The Harvest of Mumbai III,140.16166666666666,48,60.83541666666667
Midnight Hamburg III,140.14333333333335,44,64.3409090909091
The Lighthouse of Jakarta,140.13833333333332,26,64.16923076923078
Madrid Cipher II,139.995,84,78.73452380952381
Bitter Expedition,139.97666666666666,121,64.8702479338843
Restless Sanctuary,139.96166666666667,94,61.19574468085106
Bogota Odyssey II,139.935,38,61.376315789473686
Lagos Storm IV,139.92,115,62.39304347826087
Whispering Bangkok III,139.705,131,65.2908396946565
The Storm of Naples II,139.49833333333333,126,63.87380952380953
Lost Circuit,139.37166666666667,95,63.78421052631579
Whispering Affair,139.24166666666667,48,58.59166666666667
Lisbon Kingdom V,139.17000000000002,129,61.07209302325582
Bitter Harvest,139.16333333333333,55,57.50909090909091
Midnight Affair III,138.895,141,60.93120567375886
Midnight Empire,138.67166666666665,49,64.31632653061224
Velvet Tide,138.6,45,49.28222222222222
Scarlet Bangkok,138.44666666666666,134,63.9044776119403
The Affair of Toronto V,138.365,152,60.01513157894736
Scarlet Mirror,138.35,40,57.010000000000005
Berlin Inheritance II,138.29666666666665,110,58.474545454545456
Hamburg Confession II,138.20499999999998,99,70.38484848484849
Tokyo Circuit VI,138.15666666666667,42,65.79047619047618
Gilded Sydney II,137.93333333333334,123,63.47642276422764
Gilded Tokyo,137.69333333333333,74,82.0945945945946
The Ledger of Naples,137.65833333333333,40,70.225
The Ledger of Detroit IV,137.625,68,86.74264705882354
Bangkok Expedition,137.59666666666666,36,62.99722222222223
Cairo Harvest,137.48333333333332,115,67.67304347826087
Neon Bogota V,137.46333333333334,81,63.25061728395062
Brilliant Tokyo II,137.345,104,59.13269230769231
Lagos Mirror,137.21,88,77.95454545454545
Restless River II,137.20166666666665,124,75.42903225806452
Sydney Frequency V,137.15,101,67.33465346534653
Lisbon Ledger II,137.13833333333332,39,68.06923076923077
Mumbai Garden,137.01333333333332,84,75.87142857142857
Lagos Confession V,136.98833333333334,71,55.13098591549296
Tender Expedition,136.965,100,72.72
Savage Syndicate,136.92,38,51.00526315789474
Toronto Cipher III,136.72,169,79.56745562130178
Hollow Lisbon,136.695,107,80.68317757009346
Hidden Berlin,136.67166666666668,117,72.25641025641026
Lagos Storm V,136.57666666666665,108,68.97592592592592
The Throne of Marseille II,136.475,96,78.25104166666667
The Mirror of Madrid II,136.375,101,72.33267326732674
Last Heist V,136.28833333333333,48,61.06458333333333
The Frequency of Bogota II,136.175,128,76.89765625
Burning Heist II,136.11,57,66.33333333333333
Paper Berlin III,135.865,107,69.8981308411215
The Paradox of Mumbai,135.71666666666667,118,67.65084745762712
Scarlet Anatomy II,135.64666666666668,124,64.98306451612903
Sacred Affair,135.56333333333333,98,60.583673469387755
Reckless Circuit II,135.46166666666667,74,83.2081081081081
The Promise of Cairo II,135.27833333333334,141,65.41347517730496
Savage Sydney,135.19833333333332,81,78.84938271604939
Distant Empire II,135.19833333333332,142,84.00774647887324
Shattered Madrid,135.15833333333333,50,70.52
Restless Oslo,135.13833333333332,55,66.4090909090909
Forgotten Anatomy III,135.03,39,57.705128205128204
Tokyo Anatomy V,134.85166666666666,38,47.21315789473684
Hamburg Throne II,134.615,110,71.98636363636363
Endless Cairo VI,134.59333333333333,48,50.525
Brilliant Seoul V,134.575,115,78.00608695652174
Restless Expedition II,134.53333333333333,71,80.06338028169014
Endless Mumbai II,134.455,89,74.91123595505618
The Garden of Bogota II,134.26,78,68.85000000000001
Electric Reckoning II,134.23333333333332,55,50.84909090909091
The Throne of Mumbai,134.08333333333334,86,65.41627906976744
The Odyssey of Lisbon II,134.03333333333333,105,62.26857142857143
The Algorithm of Sydney III,133.91166666666666,100,65.322
Velvet Garden IV,133.775,53,56.08867924528302
Rising Requiem II,133.685,107,62.995327102803735
The Garden of Bogota III,133.60833333333332,37,55.559459459459454
The Ledger of Bangkok VI,133.59,74,82.68108108108108
Forgotten Mirror II,133.58833333333334,102,74.84019607843138
Paper Harvest,133.555,125,61.0568
Neon Algorithm,133.53666666666666,201,46.352736318407956
Neon Requiem II,133.28333333333333,72,77.1236111111111
Mumbai Anatomy III,133.22,97,62.906185567010304
Phantom Horizon II,133.12333333333333,102,77.53529411764707
Bangkok Anatomy,133.11166666666668,53,69.76603773584905
Hamburg Cipher II,132.975,48,61.552083333333336
The Anatomy of Seoul IV,132.94333333333333,153,65.16601307189542
Wild Hamburg II,132.64166666666668,129,53.18682170542636
Midnight Bogota IV,132.42333333333335,107,70.72242990654206
Oslo Mirror,132.415,106,74.21037735849056
Cairo Mirror III,132.35666666666665,72,86.17083333333333
The Frequency of Lisbon V,132.33166666666668,72,80.48333333333333
Brilliant River IV,132.145,100,63.43
Hamburg Sanctuary,132.10833333333332,107,69.89158878504672
Tender Pact IV,132.07666666666665,176,56.99431818181818
The Reckoning of Seoul III,132.03,140,53.885714285714286
Lagos Anatomy III,131.98833333333334,115,77.37565217391305
Bogota Garden,131.90166666666667,90,79.93666666666667
The Tide of Naples,131.89166666666665,95,73.71894736842106
The Ledger of Cairo III,131.79833333333335,70,81.28285714285714
The Kingdom of Mumbai III,131.70166666666665,91,70.02857142857144
Hidden Confession,131.69166666666666,44,45.34318181818182
Paper Lighthouse,131.62333333333333,79,74.60379746835443
Iron Odyssey II,131.57666666666665,58,42.53103448275862
The Storm of Marseille III,131.555,60,48.73166666666667
Seoul Expedition,131.47166666666666,78,80.26538461538462
Burning Lisbon II,131.42666666666668,94,60.3531914893617
Phantom River II,131.4,150,74.02866666666667
Falling Lagos,131.24,109,65.08348623853212
Last Inheritance II,131.15666666666667,47,64.6468085106383
Whispering Anatomy,131.14666666666668,79,67.30253164556962
Tokyo Garden II,131.00666666666666,63,63.65396825396825
The Legacy of Detroit III,130.86833333333334,91,73.12197802197802
Midnight Tokyo VII,130.83333333333334,87,77.12413793103448
Jakarta Paradox,130.73499999999999,76,66.59342105263158
The Legacy of Oslo III,130.685,94,71.91595744680852
The Odyssey of Tokyo II,130.67499999999998,61,61.208196721311474
Jakarta Empire,130.465,67,81.1268656716418
Eternal Requiem,130.45833333333334,70,73.09
Burning Lisbon III,130.33166666666668,95,58.38315789473684
Glass Echoes III,130.30833333333334,96,64.12604166666667
Frozen Toronto III,130.28,137,57.63357664233577
The Frequency of Sydney II,130.065,49,63.2
Falling Kingdom,129.845,62,82.1241935483871
Hidden Bangkok,129.835,92,83.0195652173913
Distant Echoes V,129.8,107,54.7214953271028
Eternal Lagos III,129.73333333333332,109,64.91834862385322
Reckless Affair,129.705,77,73.22857142857143
The Empire of Marseille II,129.66,89,68.28876404494382
Hidden Sydney,129.62833333333333,95,81.87052631578948
Midnight Madrid II,129.55833333333334,115,74.28086956521739
Forgotten Storm IV,129.48666666666668,98,61.453061224489794
The Crown of Cairo,129.365,87,71.95057471264367
Whispering Algorithm,129.275,38,67.13684210526316
Marseille Requiem II,129.205,176,56.47159090909091
Hamburg Anatomy IV,128.96166666666667,53,58.4
The Sanctuary of Mumbai VI,128.78833333333333,126,50.26269841269841
Crimson Marseille II,128.69166666666666,152,67.73157894736842
Frozen Bangkok II,128.67666666666668,85,72.08
Berlin Frequency III,128.65333333333334,90,68.61666666666666
The Affair of Jakarta II,128.26,97,68.39587628865979
Burning Jakarta,128.03666666666666,81,84.67654320987654
Detroit Verdict,127.925,89,62.498876404494375
Savage Detroit IV,127.83333333333333,98,76.7326530612245
Rising Affair,127.76,85,77.74
The Heist of Tokyo II,127.505,99,76.50707070707071
Silent Hamburg II,127.43833333333333,71,74.78873239436619
Detroit Echoes II,127.36666666666667,35,70.42857142857143
Midnight Harvest II,127.185,48,67.94166666666666
Tokyo Garden III,127.18333333333334,84,64.8952380952381
Shattered Istanbul VI,127.14833333333333,137,67.91751824817518
Eternal Paradox,127.145,47,78.02978723404256
Reckless Bangkok IV,126.86833333333333,87,82.54367816091954
Endless Madrid II,126.83666666666667,40,49.55
The Protocol of Cairo VI,126.63166666666666,81,66.52962962962962
Velvet Legacy,126.50166666666667,38,44.38947368421052
Frozen Madrid II,126.49166666666667,114,53.25964912280702
Midnight Lighthouse II,126.395,96,72.471875
Endless Mumbai,126.30333333333333,56,60.41428571428571
The Pact of Tokyo IV,126.25,77,78.07662337662337
Hamburg Circuit II,126.21833333333333,77,70.74675324675324
Quiet Lighthouse II,126.18166666666667,51,73.12156862745098
Forgotten Sydney II,125.94833333333334,48,72.89166666666667
The Anatomy of Sydney II,125.87166666666667,85,72.23764705882353
Sydney Requiem II,125.795,72,68.07499999999999
The Tide of Jakarta VI,125.675,87,76.02643678160919
Bogota Frequency II,125.625,89,73.64606741573034
Naples Expedition II,125.60166666666666,112,64.69910714285714
Detroit Frequency IV,125.52166666666666,87,62.73103448275862
Seoul Crown V,125.425,87,72.08505747126436
The Heist of Lisbon,125.27,50,83.514
The Inheritance of Sydney IV,125.07,40,62.33
Crooked Affair,124.91333333333333,47,69.93617021276596
Tender Syndicate IV,124.84333333333333,90,65.53888888888889
Berlin Reckoning,124.80166666666666,85,69.92235294117647
Burning Garden,124.75333333333333,92,83.87173913043478
Golden Horizon II,124.74,107,60.82616822429906
Last Lagos,124.70833333333333,144,68.37152777777777
Oslo Departure III,124.635,75,83.78
Istanbul Circuit III,124.63,94,65.74468085106383
The Expedition of Lagos II,124.52166666666666,71,77.95633802816901
Brilliant Istanbul II,124.39666666666666,80,74.03999999999999
Jakarta Cipher II,124.37,117,60.16324786324787
The Kingdom of Hamburg IV,124.20666666666666,46,75.00869565217391
The Garden of Madrid IV,124.16166666666666,116,64.22155172413792
The Pact of Sydney IV,124.09333333333333,79,70.33037974683545
The River of Hamburg II,124.06833333333333,102,61.84313725490196
Lagos Empire,123.97333333333333,112,64.48214285714286
The Ledger of Detroit II,123.96,64,81.8375
The Affair of Jakarta III,123.895,41,44.426829268292686
Bitter Naples V,123.835,76,74.05657894736842
Last Toronto,123.82,89,66.77640449438202
Bitter Sydney VI,123.765,38,56.81052631578948
The Crown of Seoul III,123.74833333333333,115,54.25826086956521
Lagos Legacy IV,123.71000000000001,44,58.57727272727273
Wild Berlin IV,123.60833333333333,63,80.08095238095238
Eternal Ledger,123.55166666666666,86,67.87093023255814
Lagos Harvest II,123.425,97,63.62474226804124
The Reckoning of Bangkok III,123.41666666666666,86,71.16162790697673
Shattered Protocol,123.35833333333333,47,48.9063829787234
The Throne of Tokyo II,123.35166666666666,99,71.88080808080808
The Promise of Bogota IV,123.34666666666666,80,71.1575
The Odyssey of Sydney II,123.28,104,79.91538461538462
The Echoes of Marseille II,123.25666666666667,81,64.75555555555556
Golden Ledger III,123.20333333333333,59,69.6
Distant Promise III,123.19833333333334,123,58.35040650406504
Brilliant Sydney VII,123.06166666666667,203,71.33349753694581
Seoul Sanctuary IV,123.03666666666666,105,75.6
Whispering Naples,122.975,111,75.53513513513514
Iron Lisbon,122.75333333333333,79,62.574683544303795
Savage Hamburg II,122.68833333333333,39,65.54102564102564
Endless Shadows,122.58166666666666,51,55.6764705882353
Mumbai Legacy,122.56833333333333,72,85.1263888888889
Wild Storm IV,122.55666666666667,113,60.82477876106194
The Horizon of Toronto II,122.515,124,70.56854838709677
Endless Cairo III,122.15333333333334,47,61.88510638297872
The Algorithm of Lagos,122.08166666666666,60,80.31666666666666
Brilliant River III,122.05,127,60.69133858267717
The Cipher of Jakarta,122.04166666666667,56,52.728571428571435
Crimson Lighthouse II,121.89833333333333,54,55.733333333333334
Oslo Odyssey III,121.775,85,72.84823529411766
Bogota Protocol V,121.67333333333333,63,72.42539682539683
Crooked Hamburg,121.565,38,45.694736842105264
Last Heist IV,121.50833333333334,99,60.86060606060606
Scarlet Empire,121.43666666666667,69,74.36521739130434
The Anatomy of Bogota IV,121.14666666666666,42,44.72857142857143
Midnight Sydney II,121.14333333333333,166,44.68253012048193
Crooked Algorithm,121.08,59,69.96271186440678
Detroit River II,121.025,76,74.64342105263158
Jakarta Kingdom,120.99,115,78.9095652173913
Silent Mumbai II,120.905,73,81.45753424657534
Hidden Throne II,120.79666666666667,45,47.931111111111115
Berlin Affair VI,120.70666666666666,74,72.49324324324324
The Harvest of Seoul II,120.67,52,39.54807692307692
Sacred Kingdom II,120.63,89,77.44494382022472
The River of Jakarta,120.58833333333334,71,64.49859154929577
The Expedition of Bangkok III,120.56833333333333,67,87.07611940298509
Detroit Mirror III,120.54333333333334,54,67.64259259259259
The Lighthouse of Marseille IV,120.52833333333334,132,63.70075757575758
Lisbon Pact,120.49166666666666,51,53.69019607843137
The River of Bogota,120.48,153,67.49803921568628
Velvet Reckoning II,120.345,89,75.82584269662921
Sacred Lagos III,120.12666666666667,89,63.268539325842696
Detroit Reckoning III,120.10666666666667,83,74.84819277108433
The Anatomy of Jakarta III,119.97833333333334,72,76.32638888888889
Eternal Echoes II,119.96833333333333,40,62.4825
Seoul Crown,119.80333333333333,87,73.11609195402299
The Tide of Naples II,119.54833333333333,97,71.79381443298969
Sacred Promise IV,119.395,74,84.17837837837837
Eternal Hamburg IV,119.19500000000001,88,63.4875
Frozen Bangkok III,119.12166666666667,147,62.33401360544218
Tender Syndicate V,119.02333333333334,74,74.8162162162162
Last Bangkok III,118.91,43,63.81395348837209
Last Throne,118.88166666666666,109,59.49174311926606
The Lighthouse of Bangkok IV,118.86,42,73.18571428571428
The Echoes of Lagos II,118.615,33,70.47878787878788
Berlin Horizon,118.56333333333333,118,67.73813559322035
The Garden of Seoul II,118.47666666666666,133,62.88345864661654
Bogota Paradox,118.38666666666667,89,66.51123595505618
Broken Marseille,118.16333333333333,84,67.525
Crimson Berlin IV,118.155,86,72.32093023255814
The Circuit of Cairo V,118.11166666666666,48,43.947916666666664
Tender Sydney II,118.095,110,70.79272727272728
Detroit Shadows III,118.08,143,61.167132867132864
Naples Reckoning II,117.97166666666666,51,60.88039215686275
The Garden of Berlin II,117.69333333333333,69,80.57971014492753
Silent Jakarta III,117.66666666666667,49,48.026530612244905
Hollow Pact IV,117.61,53,61.63962264150943
Lagos Verdict II,117.60166666666666,94,66.43191489361702
Restless Echoes,117.47666666666667,78,66.93717948717949
The Anatomy of Marseille II,117.32333333333334,122,62.03934426229508
Electric Mumbai III,117.28333333333333,78,72.76025641025642
Shattered Frequency,117.245,63,73.46349206349205
Brilliant Pact II,117.22833333333334,121,66.05371900826447
Iron Bangkok II,117.12666666666667,91,59.86043956043956
Golden Sydney II,117.11833333333333,51,44.73725490196078
Falling Marseille,117.11333333333333,68,63.4014705882353
Brilliant Departure II,117.11,68,67.09558823529412
Istanbul Throne V,117.05833333333334,107,66.97943925233645
Quiet Frequency,117.01333333333334,48,53.18958333333333
Toronto Circuit II,117.00833333333334,109,67.80183486238532
The Confession of Bangkok,116.995,87,58.04252873563218
Glass Lighthouse,116.88,109,50.257798165137615
Berlin Promise II,116.80166666666668,67,78.06119402985075
Mumbai Echoes,116.77166666666666,86,78.33953488372093
Quiet Tokyo III,116.75333333333333,42,80.18095238095238
The Odyssey of Bangkok II,116.74166666666666,80,73.57124999999999
Madrid Syndicate,116.72500000000001,66,79.78939393939395
Burning Legacy,116.655,72,76.53888888888889
Naples Legacy V,116.62333333333333,92,64.46195652173913
Sacred Mumbai,116.44333333333333,97,73.49278350515465
Phantom Cairo II,116.39833333333334,109,72.80642201834863
Restless Circuit III,116.23,40,42.7275
The Promise of Detroit,116.18833333333333,193,56.432124352331606
Velvet Affair,116.025,81,69.31234567901235
Scarlet Expedition II,115.99166666666666,88,74.61136363636363
Bangkok River II,115.955,96,67.72916666666667
Forgotten Syndicate,115.815,117,57.10512820512821
The Syndicate of Marseille IV,115.785,110,62.53545454545454
Marseille Kingdom III,115.77833333333334,88,52.98863636363637
Crooked Lagos,115.625,103,62.94757281553398
The Legacy of Oslo IV,115.60666666666667,112,62.559821428571425
Distant Hamburg,115.43833333333333,102,72.23823529411764
Hamburg Tide V,115.41333333333334,91,60.879120879120876
Velvet Jakarta II,115.40333333333334,100,72.125
Silent Lisbon VI,115.26333333333334,72,84.2513888888889
Sacred Promise II,115.24166666666667,49,54.06530612244897
Jakarta Sanctuary III,115.19,58,79.44827586206897
The Throne of Istanbul IV,115.16,82,81.03048780487805
Hollow River III,115.15,72,80.63749999999999
Lost Pact,115.01833333333333,108,60.288888888888884
Naples Affair II,114.995,76,69.29605263157895
Paper Verdict II,114.90833333333333,100,68.266
The Anatomy of Berlin IV,114.86666666666666,103,53.1
Marseille Lighthouse II,114.86333333333333,74,75.10810810810811
The Algorithm of Lagos V,114.74333333333334,80,62.811249999999994
The Paradox of Bangkok III,114.71833333333333,84,71.88214285714287
Sydney Reckoning II,114.555,98,65.5530612244898
Restless Berlin,114.43666666666667,85,66.75764705882352
Silent Mirror II,114.35666666666667,92,84.75869565217391
Eternal Toronto III,114.30833333333334,48,54.74166666666667
Seoul Syndicate,114.27666666666667,91,65.52197802197803
The Anatomy of Cairo,114.25166666666667,67,73.08507462686566
Lisbon Algorithm,114.21666666666667,88,70.79318181818182
The Promise of Naples IV,113.93833333333333,57,83.86140350877194
Bitter Tokyo,113.91166666666666,68,65.27058823529411
Midnight Garden,113.89333333333333,133,71.36390977443608
Jakarta Ledger V,113.89333333333333,72,70.83194444444445
Gilded Marseille,113.865,99,69.70505050505051
Mumbai Departure IV,113.84,86,68.46627906976745
The Promise of Lagos V,113.79166666666667,77,78.46623376623376
The Paradox of Naples,113.78666666666666,97,67.02577319587628
The Protocol of Lisbon,113.76333333333334,50,51.711999999999996
Cairo Affair II,113.72,127,56.548031496063
Glass Naples II,113.69666666666667,113,51.16017699115044
Paper Detroit III,113.59666666666666,65,84.56307692307693
Last Expedition,113.59166666666667,60,79.98333333333333
Silent Detroit IV,113.585,86,73.37558139534885
The Empire of Naples II,113.55666666666667,147,48.2843537414966
The Affair of Toronto II,113.55333333333333,42,50.06666666666667
Jakarta Storm IV,113.48,60,77.72833333333332
Bangkok Tide VII,113.265,101,60.61782178217821
Bitter Sydney III,113.24666666666667,98,55.46122448979592
Seoul Paradox VII,113.22166666666666,102,50.74411764705882
Restless Lagos,113.19166666666666,42,54.63333333333333
Electric Heist,113.10833333333333,77,69.94935064935065
Tender Crown,112.975,134,67.44850746268656
The Harvest of Sydney III,112.65666666666667,136,62.122058823529414
Cairo Legacy III,112.62666666666667,52,63.388461538461534
The Pact of Sydney II,112.555,82,70.99024390243902
Scarlet Naples,112.43166666666667,145,73.84620689655173
Berlin Shadows V,112.39166666666667,82,66.86463414634146
The Promise of Tokyo III,112.38666666666667,100,62.443000000000005
Mumbai Circuit VI,112.29833333333333,33,69.45151515151515
Quiet Mumbai,112.21666666666667,93,61.3505376344086
Bitter Madrid IV,112.19333333333333,85,66.54588235294118
Gilded Hamburg VII,112.14166666666667,89,70.65393258426965
Frozen Horizon IV,111.965,125,68.036
Glass Odyssey III,111.94833333333334,58,73.76034482758621
Lost Toronto IV,111.94,76,58.13421052631579
Detroit Confession,111.64,86,70.17790697674418
Sacred Throne,111.59333333333333,80,74.06625
Sacred Mumbai II,111.52833333333334,122,57.7327868852459
Lagos Crown III,111.45,86,69.43372093023255
The Protocol of Jakarta II,111.3,106,50.80849056603773
Oslo Garden II,111.27333333333333,107,65.0018691588785
Distant Hamburg IV,111.2,49,57.21224489795919
Paper Sanctuary II,111.17333333333333,58,76.67068965517241
Hamburg Ledger VII,111.17166666666667,78,67.33717948717948
The Cipher of Berlin IV,111.015,37,64.28918918918919
Paper Expedition II,110.97833333333334,86,60.48837209302326
Shattered Berlin,110.89833333333333,106,68.23301886792453
Falling Lisbon II,110.87833333333333,41,61.4609756097561
Bangkok Odyssey V,110.86333333333333,63,71.34444444444445
The Verdict of Lagos VII,110.82833333333333,86,77.32209302325582
The Lighthouse of Berlin II,110.82666666666667,68,80.1514705882353
Rising Oslo III,110.79833333333333,72,72.13611111111112
Velvet Algorithm,110.775,106,60.883018867924534
Velvet Lagos IV,110.74333333333334,67,67.46716417910449
The Legacy of Tokyo II,110.74166666666667,86,77.26162790697674
Quiet Lagos II,110.61333333333333,121,62.32314049586777
The Confession of Lisbon,110.56833333333333,97,56.06082474226804
Broken Oslo,110.51,77,71.76103896103896
Bitter Madrid VI,110.42666666666666,89,72.28426966292135
Midnight Inheritance III,110.335,121,62.88677685950413
Detroit Pact II,110.21833333333333,81,77.75925925925925
Oslo Promise,110.08333333333333,69,77.8231884057971
Scarlet Frequency,110.06333333333333,93,64.55483870967743
Hidden Paradox,110.03166666666667,63,79.39047619047619
Whispering Harvest,109.995,52,86.33461538461538
The Throne of Seoul III,109.96,106,65.51603773584905
Marseille Throne VI,109.95833333333333,96,66.721875
The Cipher of Istanbul II,109.94833333333334,83,64.61927710843374
The Inheritance of Marseille,109.92833333333333,112,57.17232142857143
Bogota Promise III,109.88666666666667,105,64.07428571428572
Whispering Marseille II,109.88666666666667,71,67.29295774647888
Bitter Seoul IV,109.88,36,58.138888888888886
Madrid Paradox IV,109.71333333333334,65,70.33538461538461
Lisbon Mirror II,109.70333333333333,26,53.857692307692304
Mumbai Cipher,109.69833333333334,61,82.3639344262295
Burning Toronto II,109.61333333333333,101,81.3930693069307
The Anatomy of Lagos,109.52166666666666,66,82.27878787878787
Velvet Requiem,109.42,90,72.22444444444444
Quiet Odyssey,109.26,79,60.13164556962025
Bitter Garden,109.23666666666666,106,62.45566037735849
The Empire of Mumbai II,109.19833333333334,98,58.65102040816327
Iron Berlin,109.14666666666666,54,63.82592592592592
Midnight Syndicate,109.11666666666667,37,52.03783783783784
The Odyssey of Oslo III,109.09666666666666,60,77.36999999999999
Shattered Legacy III,109.06666666666666,78,73.59487179487179
Hidden Jakarta III,108.99833333333333,72,70.9625
Tender Verdict II,108.99,60,81.945
The Horizon of Jakarta,108.94500000000001,71,73.06478873239438
Brilliant Madrid III,108.925,71,74.83239436619719
Lost Sanctuary,108.815,106,62.85660377358491
Whispering Garden III,108.78,75,56.51199999999999
The Pact of Lisbon II,108.68166666666667,75,71.85733333333333
Cairo Algorithm,108.67666666666666,51,83.02549019607844
The Horizon of Seoul VI,108.65,55,78.5018181818182
Bitter Verdict,108.57166666666667,48,62.82916666666667
The Confession of Berlin II,108.31666666666666,106,73.86509433962264
Bangkok Echoes,108.30499999999999,77,71.51558441558441
The Lighthouse of Bangkok II,108.27166666666666,103,65.02718446601942
Madrid Confession II,108.25833333333334,86,71.2546511627907
Electric Oslo,108.24333333333334,98,59.71122448979592
Restless Legacy,108.14333333333333,81,59.78024691358024
Crimson Oslo,108.13,82,79.11951219512196
Burning Lisbon V,108.075,122,53.15163934426229
Oslo Mirror II,108.06666666666666,80,79.46000000000001
Electric Throne III,108.02,121,63.014049586776856
The Affair of Cairo II,107.97166666666666,54,62.49074074074074
The Heist of Mumbai,107.96666666666667,83,65.03734939759036
Golden Tokyo V,107.96166666666667,65,67.32923076923076
Marseille Echoes,107.92999999999999,89,79.95730337078652
The Echoes of Tokyo II,107.91666666666667,105,55.05619047619047
Shattered Empire II,107.915,66,83.84848484848484
Savage Promise,107.88166666666666,68,70.50882352941177
Crimson Hamburg,107.795,67,68.95223880597015
Shattered Detroit III,107.72166666666666,47,44.07446808510638
Mumbai Lighthouse IV,107.68166666666667,66,75.30454545454546
Lisbon Kingdom III,107.68166666666667,74,62.36081081081081
The Reckoning of Toronto III,107.63,84,58.23928571428572
The Inheritance of Tokyo,107.62166666666667,82,72.91585365853659
The Shadows of Naples III,107.51833333333333,69,82.02028985507246
Endless Sanctuary,107.49166666666667,73,76.82191780821918
The Garden of Jakarta II,107.46666666666667,46,58.40217391304348
The Empire of Tokyo III,107.46666666666667,59,68.73220338983052
Eternal Hamburg,107.35166666666667,105,50.69904761904762
Bogota Protocol,107.34833333333333,82,72.0609756097561
The Expedition of Hamburg,107.34666666666666,89,72.3685393258427
Gilded Cairo,107.33500000000001,69,69.13913043478261
The Algorithm of Berlin VII,107.245,111,47.44684684684685
The Algorithm of Bangkok,107.125,109,77.58899082568809
Crooked Garden,106.99,70,66.45142857142858
Phantom Heist,106.90333333333334,94,55.473404255319146
Wild Berlin,106.825,78,66.80512820512821
Detroit Frequency V,106.80833333333334,78,72.07307692307693
Rising Oslo,106.75,81,67.57777777777778
The Frequency of Istanbul III,106.70833333333333,68,69.22647058823529
The River of Tokyo II,106.64,72,78.64583333333333
Falling Crown,106.57333333333334,82,72.2060975609756
Frozen Garden,106.55,67,61.167164179104475
Cairo Mirror,106.53,72,67.25833333333334
Paper Verdict,106.455,79,67.94303797468355
The Pact of Tokyo VI,106.41666666666667,91,56.137362637362635
Iron Marseille,106.38166666666666,70,71.23857142857143
Crimson Madrid II,106.36,41,67.37560975609756
Brilliant Toronto,106.21666666666667,78,69.83205128205128
The Anatomy of Bogota II,106.05166666666666,82,66.32560975609756
The Sanctuary of Lagos II,106.04833333333333,93,73.56989247311827
Hidden Promise,106.045,77,73.77012987012988
Lagos Expedition IV,106.01333333333334,32,59.165625
Hollow Pact,105.815,83,69.5433734939759
The Departure of Istanbul,105.665,83,69.444578313253
Quiet Oslo III,105.54166666666667,67,64.73432835820896
Sydney Shadows III,105.54,48,74.53958333333334
Iron Lagos,105.505,76,71.18684210526315
Electric Seoul III,105.36,45,46.826666666666675
The Anatomy of Jakarta IV,105.35,72,70.80277777777778
Istanbul Odyssey,105.27333333333333,80,58.0625
Sydney Empire VI,105.25833333333334,75,86.82533333333333
The Protocol of Seoul II,105.25166666666667,69,61.83768115942029
The Algorithm of Lagos IV,105.20666666666666,51,57.29607843137255
The Reckoning of Detroit II,105.16,46,43.54130434782609
Scarlet Madrid II,105.15833333333333,88,65.78181818181818
Detroit Odyssey II,105.01,76,67.94473684210527
Detroit Confession III,104.995,84,64.65238095238095
Marseille Reckoning,104.99166666666667,116,63.141379310344824
The Cipher of Istanbul IV,104.93666666666667,60,71.38666666666667
Reckless Sydney III,104.91166666666666,100,70.72800000000001
Broken Sydney,104.84,72,79.42500000000001
Whispering Throne II,104.81833333333333,64,72.778125
Lagos Pact,104.80666666666667,71,65.13098591549296
Istanbul Promise,104.77166666666666,82,66.65609756097561
Silent Lighthouse II,104.76833333333333,54,72.75925925925925
Frozen Throne II,104.75833333333334,77,68.59740259740259
The Crown of Mumbai II,104.67666666666666,80,67.66749999999999
Silent Detroit,104.55166666666666,76,59.38552631578948
Rising Tide V,104.49666666666667,116,55.7198275862069
Forgotten Bangkok II,104.49666666666667,76,66.53421052631579
Frozen Lisbon III,104.48,79,64.51392405063292
Oslo Affair IV,104.42999999999999,39,58.42820512820512
The Syndicate of Tokyo VII,104.39666666666666,65,63.39846153846153
Mumbai River II,104.3,71,66.27746478873239
Glass Bangkok,104.11833333333334,90,61.97111111111111
Scarlet Mirror II,104.11333333333333,77,65.95714285714286
Lost Seoul II,104.01833333333333,84,52.69166666666667
Hamburg Mirror,104.00666666666666,99,63.034343434343434
Electric Anatomy,103.985,121,56.66280991735537
Cairo Confession,103.87,94,75.34148936170213
Gilded Ledger II,103.83833333333334,54,67.08703703703704
Shattered Pact II,103.81166666666667,115,55.270434782608696
The Lighthouse of Hamburg III,103.76333333333334,42,60.50238095238095
Frozen Reckoning,103.68166666666667,92,68.29891304347827
Toronto Ledger,103.67833333333333,78,75.23589743589743
Sacred Echoes,103.625,75,69.076
Iron Storm II,103.59833333333333,82,62.64512195121951
The Cipher of Mumbai,103.58666666666667,54,75.72962962962963
Frozen Harvest,103.57833333333333,97,71.99278350515465
Hidden Departure,103.53833333333333,70,77.17142857142858
The Throne of Istanbul II,103.525,64,69.321875
Marseille Kingdom V,103.46166666666667,66,83.97878787878788
Paper Odyssey III,103.42333333333333,46,51.09782608695652
Quiet Horizon III,103.345,93,67.35268817204302
Lost Ledger,103.29833333333333,47,66.6
Istanbul Odyssey IV,103.21666666666667,67,67.46716417910449
Iron Verdict III,103.20333333333333,54,73.51296296296296
Hamburg Legacy,103.18166666666667,80,67.885
Berlin Empire,103.18,58,77.34310344827585
Marseille Paradox III,103.165,77,71.14025974025974
Savage Shadows,103.16,64,67.628125
Crooked Madrid IV,103.15833333333333,92,60.07282608695652
Berlin Affair,103.11166666666666,82,65.0390243902439
Hidden Sydney II,103.08666666666666,107,54.02056074766355
Naples Tide V,103.055,112,50.644642857142856
Endless Shadows II,102.98666666666666,39,63.37435897435897
The Storm of Bangkok,102.92333333333333,94,54.3
Savage Jakarta III,102.9,76,73.18157894736842
Jakarta Garden,102.89666666666666,45,72.20666666666668
Glass Naples III,102.895,81,63.52098765432098
Distant Oslo III,102.81833333333333,92,77.07173913043479
Eternal Lagos II,102.77333333333334,65,80.39384615384616
Crooked Departure,102.72,86,73.12558139534885
Crimson Syndicate III,102.71833333333333,79,56.94430379746836
Tender Echoes,102.71666666666667,76,68.14736842105263
The Empire of Madrid V,102.71,68,72.49264705882354
Reckless Frequency II,102.48833333333333,88,55.46022727272727
Bogota Storm III,102.45,60,68.29833333333333
Falling Seoul III,102.435,56,85.07142857142857
Tokyo Paradox III,102.375,64,68.0625
The Requiem of Hamburg IV,102.315,55,83.92727272727272
Bogota River III,102.26333333333334,85,59.16470588235294
Silent Verdict,102.23166666666667,76,65.61842105263158
Detroit Empire,102.205,59,76.98983050847457
Marseille Ledger V,102.19,99,68.81212121212121
Iron Tokyo,102.18166666666667,72,69.79861111111111
Madrid Crown IV,102.115,77,59.83766233766234
Golden Ledger IV,102.10166666666666,78,64.37179487179488
Paper Lagos III,102.07833333333333,72,76.62916666666666
Tender Marseille II,102.07833333333333,91,72.36703296703297
Shattered Sanctuary,102.07666666666667,58,78.79827586206896
The Cipher of Hamburg III,102.01666666666667,51,88.24901960784314
Glass Tide,102.00166666666667,49,55.755102040816325
The Tide of Toronto III,101.86,83,57.06987951807229
Jakarta Odyssey VI,101.84,63,82.1920634920635
The Frequency of Jakarta II,101.79666666666667,63,72.89682539682539
Lost Harvest,101.78333333333333,109,58.97889908256881
Crooked Verdict,101.715,113,56.26017699115044
Bangkok Sanctuary II,101.65666666666667,49,62.86734693877551
Iron Empire,101.64333333333333,67,62.76865671641791
The Ledger of Toronto III,101.63833333333334,105,63.82380952380952
The Inheritance of Hamburg,101.57000000000001,60,76.36999999999999
The Affair of Marseille,101.57,56,85.01964285714287
Savage Confession III,101.53666666666666,87,68.65517241379311
Rising Echoes II,101.52166666666666,65,65.98461538461538
Whispering Garden,101.485,63,76.71111111111111
Brilliant Affair II,101.39166666666667,46,58.77608695652174
Detroit Paradox III,101.38166666666667,64,72.54375
Seoul Paradox VI,101.34833333333333,93,54.938709677419354
Hidden Horizon II,101.23166666666667,74,82.90270270270271
Midnight Ledger II,101.175,53,54.5433962264151
The Reckoning of Lisbon III,101.10166666666666,84,63.346428571428575
Quiet Cipher,101.04833333333333,57,76.52105263157894
The Algorithm of Lisbon III,101.02166666666666,70,74.64857142857143
Oslo Empire,101.0,61,82.78852459016395
The Echoes of Lisbon IV,100.96,90,56.09888888888889
Crimson Detroit V,100.94333333333333,76,78.90789473684211
The Harvest of Cairo IV,100.935,101,63.78712871287129
Endless Departure,100.83666666666667,64,78.1234375
The Requiem of Bogota,100.83166666666666,93,72.2741935483871
Marseille Kingdom IV,100.76833333333333,71,69.23098591549295
Seoul Lighthouse II,100.75166666666667,79,60.73291139240506
Jakarta Confession,100.73166666666667,67,68.34029850746269
Naples Kingdom III,100.67833333333333,95,73.08947368421053
Scarlet Storm II,100.66666666666667,63,69.98095238095239
Cairo Departure II,100.57666666666667,66,77.47727272727273
Falling Promise III,100.56,97,61.58762886597938
The Kingdom of Hamburg II,100.54,105,58.03238095238095
Distant Marseille III,100.50666666666666,57,74.51403508771931
The Storm of Istanbul,100.47666666666667,45,54.02444444444444
Hidden Promise II,100.4,62,73.60161290322581
Burning Marseille,100.31333333333333,92,71.10978260869565
Bitter Toronto,100.28333333333333,61,78.91311475409836
Neon Promise II,100.23333333333333,56,79.55535714285715
Endless Kingdom IV,100.145,86,67.18023255813954
The Heist of Berlin,100.13333333333334,73,61.419178082191785
Falling Detroit II,100.115,98,60.683673469387756
Toronto Verdict III,100.05,84,67.41785714285714
The Protocol of Jakarta III,100.05,70,80.14857142857143
The Protocol of Cairo VII,100.02833333333334,63,63.50476190476191
The Sanctuary of Toronto II,100.01,81,64.98271604938272
The Requiem of Bogota V,99.95,59,80.67118644067797
The Heist of Hamburg V,99.88333333333334,49,78.90816326530613
Wild Inheritance II,99.705,54,69.24814814814815
The Lighthouse of Detroit,99.70166666666667,68,65.16323529411765
Wild Ledger,99.67833333333333,65,74.20615384615384
Tokyo River IV,99.65833333333333,85,74.05529411764705
Bitter Hamburg IV,99.63166666666666,63,76.5142857142857
Cairo Pact,99.61666666666666,82,75.13414634146342
Brilliant Garden II,99.60666666666667,68,58.98676470588235
Frozen Lisbon II,99.59666666666666,46,65.60652173913044
Eternal Mirror II,99.58666666666667,67,70.78059701492538
The Promise of Marseille,99.52166666666666,79,62.46582278481013
The Tide of Detroit VI,99.515,54,81.9074074074074
The Kingdom of Detroit II,99.49,53,77.66981132075472
Whispering Marseille,99.44,79,65.67721518987342
The Promise of Sydney II,99.26166666666667,88,62.08522727272727
Glass Paradox,99.215,48,83.22083333333333
Last Inheritance,99.17,49,58.665306122448975
Istanbul Paradox II,99.08666666666667,62,74.33064516129032
Crimson Lisbon II,98.98166666666667,67,73.26268656716418
Shattered Storm,98.84,76,63.43552631578948
Eternal Madrid,98.78666666666666,67,65.53731343283582
Frozen Algorithm II,98.77666666666667,71,70.74225352112676
The Verdict of Istanbul,98.61,104,60.521153846153844
Bogota Ledger III,98.58666666666667,104,72.9125
Glass Berlin II,98.575,50,78.85600000000001
Velvet Detroit,98.55666666666667,85,54.78
The Kingdom of Jakarta V,98.39666666666666,131,58.53358778625954
Silent Circuit III,98.34666666666666,81,65.03950617283951
Quiet Seoul II,98.33666666666667,69,74.34202898550726
Phantom Toronto IV,98.32666666666667,95,66.77578947368421
Golden Cairo IV,98.21166666666667,74,62.21756756756757
Iron Storm,98.19666666666667,40,43.07
Shattered Lisbon III,98.19,76,80.74736842105263
The Inheritance of Seoul II,98.18333333333334,56,84.15892857142856
The Empire of Jakarta II,98.17166666666667,64,71.9125
The Syndicate of Marseille III,98.15666666666667,60,64.15833333333333
Silent Pact IV,98.11666666666666,68,55.13676470588236
Istanbul Horizon,98.075,70,65.67428571428572
Hidden Sydney V,98.05333333333333,74,77.95405405405405
Lost Berlin,97.96333333333334,106,62.305660377358485
Shattered Cipher,97.90333333333334,80,58.74249999999999
Whispering Heist II,97.895,55,60.68
The Inheritance of Sydney II,97.87333333333333,85,65.8
The Ledger of Cairo IV,97.85,60,69.89333333333335
Phantom Harvest II,97.77,69,69.1159420289855
Crooked River II,97.70666666666666,127,57.70708661417323
Savage Storm,97.68833333333333,44,72.39545454545454
Eternal Odyssey II,97.66333333333333,29,70.1655172413793
Toronto Promise IV,97.595,79,57.90506329113924
Sacred Detroit III,97.43833333333333,64,66.6734375
Hidden Berlin II,97.42,93,66.86344086021505
Seoul Reckoning,97.39833333333333,110,52.088181818181816
Paper Circuit,97.39666666666666,99,60.23434343434343
Tokyo Empire V,97.37166666666667,31,61.58709677419355
Savage Heist,97.35666666666667,70,66.75571428571428
Rising Circuit,97.32333333333334,88,67.70795454545454
Berlin Confession II,97.285,59,70.16779661016949
Berlin Heist III,97.28333333333333,72,76.47777777777777
Tokyo Frequency II,97.25666666666666,77,68.8961038961039
Eternal Jakarta II,97.24666666666667,63,66.62698412698413
Forgotten Mumbai II,97.24166666666666,62,70.2258064516129
Wild Lagos,97.20833333333333,62,71.26935483870967
The Crown of Lagos II,97.18666666666667,52,78.96923076923076
The Syndicate of Naples,97.12666666666667,55,72.57636363636364
Crooked Protocol V,97.12666666666667,92,83.34565217391305
The Garden of Oslo II,97.12166666666667,106,61.76037735849057
The Pact of Sydney VI,97.00666666666666,95,72.08
Lost Lighthouse,96.98166666666667,80,66.73125
Jakarta Echoes II,96.95833333333333,67,80.38955223880598
Scarlet Oslo,96.87833333333333,78,68.37307692307692
The Horizon of Toronto,96.82833333333333,76,62.66184210526316
Midnight Storm II,96.76,70,63.8
Lost Shadows,96.75166666666667,118,45.97796610169491
Naples Storm II,96.74,72,65.00555555555555
Seoul Kingdom,96.70333333333333,96,59.259375
Eternal Inheritance,96.685,68,74.83382352941176
Silent Bogota IV,96.58166666666666,79,69.20379746835444
The Ledger of Istanbul V,96.46166666666666,93,67.64731182795698
The Sanctuary of Bangkok III,96.39166666666667,76,76.86447368421052
Iron Sydney III,96.36666666666667,52,72.67115384615384
The Ledger of Bangkok,96.365,95,64.74
Falling Expedition,96.30666666666667,104,55.56153846153846
Hamburg Requiem,95.92,95,72.99052631578948
Burning Harvest II,95.91833333333334,51,76.76862745098039
Velvet Circuit,95.86,64,76.1625
Last Algorithm,95.845,64,64.6359375
Frozen Crown III,95.845,75,64.44133333333333
Last Storm II,95.845,66,73.8409090909091
The Cipher of Marseille III,95.76166666666667,109,55.49082568807339
Madrid Protocol,95.665,107,58.95700934579439
Velvet Sanctuary,95.66333333333333,64,74.7375
The Kingdom of Tokyo II,95.65333333333334,64,68.9796875
Lost Paradox II,95.6,46,51.95434782608696
Paper Garden III,95.58,38,69.8736842105263
Berlin Promise,95.525,52,72.51153846153846
Oslo Inheritance,95.40333333333334,90,56.28222222222222
The Heist of Bogota V,95.33333333333333,57,74.33859649122807
Scarlet Marseille II,95.31333333333333,65,61.09384615384615
Scarlet Odyssey II,95.29666666666667,115,70.02260869565218
Forgotten Lagos II,95.255,88,73.79545454545455
Distant Reckoning,95.235,38,62.65263157894737
The Departure of Lagos II,95.17666666666666,65,66.55846153846154
The Storm of Mumbai III,95.13166666666666,69,71.31449275362318
The Affair of Berlin III,95.06,65,64.51846153846154
Broken Odyssey II,95.05,69,65.08260869565217
Phantom Verdict II,95.03166666666667,50,77.57600000000001
Glass Empire III,95.00666666666666,67,69.16417910447761
The Confession of Mumbai IV,94.90833333333333,94,57.148936170212764
Silent Promise,94.88833333333334,59,59.19830508474576
The Protocol of Lisbon IV,94.845,94,51.30744680851063
The Heist of Lisbon VI,94.83500000000001,68,67.48088235294118
Iron Crown,94.80166666666666,87,66.71379310344828
Paper Tokyo II,94.795,59,79.02203389830508
The Circuit of Naples VI,94.77666666666667,71,66.74647887323944
Lisbon Crown,94.72833333333334,109,75.57614678899083
Falling Toronto III,94.72666666666666,66,54.84848484848485
Forgotten Syndicate III,94.665,61,72.17540983606557
Whispering Mumbai III,94.63833333333334,102,62.55392156862745
The River of Mumbai IV,94.635,47,47.94042553191489
Madrid Affair II,94.56333333333333,63,61.26349206349206
Velvet Oslo III,94.53,79,78.03924050632912
Broken Naples,94.52333333333334,64,62.415625
Glass Frequency,94.46833333333333,99,58.42525252525253
The Kingdom of Detroit,94.37666666666667,76,48.69342105263158
The Algorithm of Detroit II,94.36833333333334,42,56.17380952380953
Hamburg Ledger V,94.32833333333333,79,52.288607594936714
Hollow Echoes,94.315,57,79.42456140350878
Crooked Algorithm II,94.265,52,61.80384615384616
Istanbul Kingdom,94.05833333333334,62,77.80322580645162
The Harvest of Lisbon II,93.905,33,48.78787878787879
Velvet Confession,93.89833333333333,87,76.18620689655172
Hamburg Verdict,93.89666666666666,54,71.45555555555555
Electric Algorithm V,93.84,81,50.3716049382716
Quiet Confession II,93.83833333333334,68,59.99852941176471
Lagos Confession VI,93.81833333333333,84,77.92619047619048
Velvet Garden II,93.78666666666666,94,62.36595744680851
Cairo Cipher II,93.73666666666666,61,74.9655737704918
Bogota River IV,93.665,70,68.62857142857143
The Promise of Cairo III,93.58666666666667,73,80.97397260273974
Hidden Requiem II,93.49,116,58.25948275862069
Sydney Requiem,93.47333333333333,101,64.56831683168316
The Paradox of Tokyo II,93.45166666666667,57,78.69473684210527
Lagos Tide II,93.44333333333333,65,70.70153846153846
The Heist of Bogota,93.405,52,48.55
Scarlet Promise,93.38,92,52.959782608695654
Falling Bogota II,93.26166666666667,62,72.20322580645161
The Requiem of Tokyo,93.21666666666667,73,70.93835616438356
The Harvest of Toronto II,93.17166666666667,74,77.88513513513513
Seoul Inheritance III,93.13,59,74.57627118644068
Tender Echoes II,93.125,39,58.48461538461539
The Storm of Toronto IV,93.10333333333334,52,80.77115384615385
Madrid Syndicate V,93.10166666666666,89,67.49438202247191
Crimson Tide II,93.065,65,74.05538461538463
Whispering Berlin II,93.05833333333334,67,73.09552238805969
The Storm of Lisbon III,92.965,63,62.79365079365079
Endless Sanctuary II,92.94,67,64.51940298507463
Oslo Throne,92.78833333333333,58,73.82931034482759
Tokyo Echoes II,92.705,50,46.343999999999994
The Affair of Hamburg II,92.66,75,71.27066666666667
Sydney Lighthouse V,92.61333333333333,79,60.639240506329116
Last Tokyo VI,92.59,67,65.80895522388059
Sacred Berlin II,92.58833333333334,56,69.86607142857143
Berlin Storm II,92.55666666666667,62,55.9741935483871
Glass Seoul III,92.54666666666667,89,58.859550561797754
Marseille Storm,92.545,65,84.58615384615385
Lagos Inheritance,92.52666666666667,78,76.52564102564102
The Mirror of Detroit V,92.515,63,61.18412698412698
Hamburg Tide IV,92.465,67,67.31194029850745
Oslo Heist III,92.45666666666666,65,72.32153846153845
The Crown of Sydney IV,92.31833333333333,116,74.61206896551724
Golden Bogota,92.27833333333334,65,66.03384615384616
Mumbai Verdict,92.27,55,71.89636363636365
The Garden of Lagos,92.26166666666667,75,64.17733333333334
Last Anatomy II,92.25666666666666,119,62.00924369747899
Berlin Affair VII,92.22166666666666,109,64.78440366972477
Last Crown,92.19333333333333,79,57.39620253164557
The Kingdom of Berlin III,92.165,72,80.0
Lisbon Echoes II,92.13833333333334,53,84.80943396226414
Lagos Verdict III,92.09833333333333,60,70.315
The Inheritance of Bangkok II,92.09666666666666,43,59.490697674418605
The Empire of Istanbul II,92.07833333333333,63,63.095238095238095
Hamburg Affair II,92.04166666666667,81,67.50617283950618
The Departure of Hamburg,91.92833333333334,55,73.2
Frozen Naples II,91.92333333333333,56,68.39464285714286
Oslo Echoes,91.91833333333334,89,55.328089887640445
Tender Harvest III,91.83,63,63.834920634920636
Neon Bogota III,91.825,48,76.0125
Paper Jakarta,91.82166666666667,87,74.50804597701149
The Promise of Jakarta II,91.78833333333333,72,66.51805555555556
Paper Hamburg II,91.76333333333334,55,71.50727272727273
Brilliant Promise III,91.67666666666666,85,59.919999999999995
Frozen Jakarta,91.63833333333334,65,66.08769230769231
The Inheritance of Lisbon,91.6,57,79.04385964912281
Brilliant Marseille,91.59333333333333,53,79.1566037735849
Brilliant Seoul VI,91.46833333333333,61,65.6639344262295
The Expedition of Bangkok II,91.39666666666666,68,61.56617647058823
Crimson Berlin VI,91.39666666666666,39,39.06666666666666
Sydney Ledger V,91.38,67,77.20597014925373
The Horizon of Lagos,91.37166666666667,67,75.06865671641792
The Crown of Sydney III,91.355,96,58.262499999999996
Toronto Anatomy IV,91.33500000000001,76,81.01842105263158
Silent Oslo,91.33166666666666,71,66.53802816901408
The Echoes of Bangkok,91.25,75,64.596
Broken Tokyo II,91.21166666666667,59,81.35932203389831
The Paradox of Naples IV,91.19500000000001,75,81.976
The Affair of Tokyo II,91.18,83,58.33373493975903
The Crown of Lagos,91.05333333333333,68,66.95588235294117
Crimson Promise II,91.05,58,65.87758620689655
Neon Promise,91.02,60,82.75
Bogota Horizon,90.91833333333334,65,60.818461538461534
Jakarta Horizon II,90.87666666666667,62,77.14032258064516
Mumbai Empire,90.8,71,75.96760563380282
Bogota Frequency,90.77333333333333,55,62.28
Golden Bogota III,90.76666666666667,81,62.26172839506172
Hidden Mumbai,90.76,86,58.63023255813953
Cairo Reckoning,90.715,84,58.90714285714286
The Affair of Naples IV,90.70333333333333,100,64.788
Tokyo Anatomy III,90.66,63,79.2095238095238
Bitter Odyssey,90.655,69,80.43478260869566
Hamburg Crown,90.54833333333333,75,64.104
The Paradox of Berlin,90.545,60,70.74
Reckless Toronto III,90.53166666666667,63,79.83015873015873
Toronto Crown II,90.515,50,86.206
Rising Mumbai III,90.50333333333333,86,65.76860465116279
Tokyo Empire IV,90.49333333333334,61,71.20819672131147
Neon Anatomy II,90.48,92,60.823913043478264
Lisbon Reckoning II,90.47333333333333,41,78.80975609756098
Toronto Confession II,90.47333333333333,61,76.71639344262294
Hamburg Cipher III,90.45833333333333,111,64.33693693693694
Hamburg Syndicate II,90.44,58,67.79137931034482
Hidden Cipher,90.43666666666667,86,65.72093023255815
The Requiem of Jakarta II,90.435,69,66.64927536231885
Frozen Ledger II,90.42333333333333,65,69.55538461538463
Golden Cairo V,90.39333333333333,47,69.0936170212766
Jakarta Promise III,90.36833333333334,47,88.7468085106383
Frozen Horizon,90.34166666666667,125,52.2504
The Storm of Seoul II,90.10333333333334,72,83.42361111111111
Sydney Garden III,90.075,67,68.35820895522389
Eternal Naples III,90.04,51,67.90392156862745
Toronto Shadows III,90.02666666666667,57,79.64035087719299
Distant Pact,89.98166666666667,61,69.14426229508197
Sydney Reckoning III,89.97166666666666,74,75.98918918918919
Cairo Paradox III,89.96166666666667,73,63.19178082191781
Crimson Detroit VI,89.94333333333333,78,60.68717948717949
Crimson Lighthouse,89.925,82,62.06707317073171
Shattered Cairo II,89.895,61,69.08196721311475
Lagos Garden,89.84166666666667,58,70.40689655172413
Hamburg Echoes,89.82666666666667,51,71.40196078431373
Broken Sydney III,89.805,85,73.7129411764706
Endless Bangkok III,89.78166666666667,66,79.23636363636365
The Confession of Toronto III,89.75,53,65.13773584905661
Bitter Mumbai II,89.74,81,65.82098765432099
The Inheritance of Detroit,89.72333333333333,62,70.59516129032258
The Echoes of Lisbon III,89.69666666666666,67,61.31194029850746
Forgotten Detroit,89.62333333333333,78,53.85641025641026
Oslo Pact III,89.60833333333333,49,71.2530612244898
Shattered Odyssey,89.54833333333333,81,58.699999999999996
Electric Algorithm IV,89.54833333333333,69,65.98840579710145
Crooked Cairo,89.52666666666667,58,72.92586206896551
Mumbai Algorithm,89.5,72,78.51388888888889
The Crown of Marseille,89.43666666666667,62,69.8016129032258
Seoul Crown III,89.40833333333333,67,69.61492537313433
Eternal Tide II,89.36333333333333,73,62.773972602739725
Hidden Naples,89.30666666666667,65,68.68923076923078
Rising Bogota II,89.28666666666666,52,73.58653846153847
Bitter Kingdom,89.25666666666666,50,82.39399999999999
The Circuit of Lagos VI,89.25,68,67.30441176470588
Crooked River,89.24666666666667,72,65.81805555555555
Hidden Expedition,89.22,66,74.41060606060607
Phantom Istanbul,89.21833333333333,73,55.136986301369866
Shattered Tokyo III,89.15,50,85.588
Endless Ledger,89.135,74,82.12297297297297
The Confession of Hamburg IV,89.07,108,44.986111111111114
Phantom Istanbul II,89.06166666666667,60,70.68333333333334
Crooked Kingdom,89.05166666666666,82,57.66585365853659
Midnight Jakarta IV,88.99166666666666,51,74.25098039215686
The Reckoning of Tokyo III,88.95833333333333,69,74.3768115942029
Hollow Lisbon II,88.905,67,80.42238805970149
The Empire of Lisbon,88.85666666666667,58,84.33448275862068
The Expedition of Cairo,88.84666666666666,79,61.34303797468355
Bitter Istanbul V,88.80666666666667,78,62.680769230769236
Phantom Lighthouse,88.76333333333334,95,70.06947368421054
Oslo Storm III,88.76,79,61.84177215189873
Silent Mirror,88.725,54,75.25
Whispering Detroit,88.715,77,67.78441558441558
Phantom Throne,88.66,85,64.51058823529411
The Heist of Hamburg III,88.59166666666667,97,66.83092783505155
The Kingdom of Sydney,88.59,82,54.02073170731707
The Echoes of Jakarta II,88.59,52,72.48076923076923
Last Confession,88.59,52,79.24038461538461
Glass Cairo III,88.57666666666667,88,58.63068181818182
Naples Protocol,88.55666666666667,66,63.88939393939393
Toronto Departure VI,88.50333333333333,66,60.48939393939394
Wild Detroit IV,88.50166666666667,74,71.04729729729729
The Harvest of Istanbul,88.49166666666666,51,83.28235294117647
Hidden Detroit,88.475,62,69.05000000000001
The Protocol of Istanbul II,88.45166666666667,63,75.89523809523808
Naples Syndicate VI,88.44,72,68.88055555555555
Quiet Hamburg II,88.35333333333334,52,69.34423076923078
Crimson Anatomy,88.30833333333334,64,74.5921875
Tokyo Throne,88.28166666666667,79,68.41265822784811
Detroit Shadows,88.27333333333333,96,49.259375
Golden Tokyo II,88.24333333333334,73,62.530136986301365
Whispering Inheritance IV,88.235,82,61.49268292682926
Glass Marseille,88.23166666666667,77,67.41298701298702
Reckless Tokyo,88.12166666666667,47,70.30425531914894
Bogota Lighthouse IV,88.1,74,64.9391891891892
The Tide of Lisbon,88.065,38,42.91315789473684
The Mirror of Lisbon,88.055,77,64.12337662337663
Reckless Promise,88.02166666666666,63,67.06507936507937
The Protocol of Detroit,87.985,57,67.6
Restless Marseille II,87.96333333333334,60,81.45166666666667
The Anatomy of Bogota III,87.95666666666666,43,65.98837209302326
Falling Sydney III,87.90833333333333,59,70.39491525423729
Last Syndicate,87.9,67,72.8865671641791
Forgotten Anatomy II,87.82666666666667,77,68.43636363636364
Sacred Horizon,87.80833333333334,68,73.78088235294118
Savage Berlin II,87.8,41,82.89756097560976
The Circuit of Jakarta II,87.79166666666667,66,72.54848484848485
Neon Marseille,87.75166666666667,52,70.79807692307692
Frozen Detroit II,87.73,54,69.12962962962963
Marseille Circuit,87.70666666666666,58,64.80689655172414
The Legacy of Jakarta,87.70666666666666,83,60.968674698795176
Rising Tokyo,87.66833333333334,60,61.305
Bitter Legacy,87.64,73,60.534246575342465
Restless Empire,87.62333333333333,66,69.26363636363635
Hidden Marseille,87.59833333333333,66,61.25454545454546
Falling River III,87.585,62,61.4241935483871
The Throne of Tokyo,87.5,74,73.14054054054054
The Storm of Detroit III,87.48333333333333,70,61.97142857142857
Silent Marseille IV,87.48166666666667,92,64.84565217391305
Velvet Istanbul IV,87.47,76,57.06578947368421
Iron Jakarta IV,87.46166666666667,56,73.21249999999999
Electric Protocol II,87.37833333333333,71,64.76901408450705
The Mirror of Oslo V,87.35,33,69.65454545454546
The Odyssey of Detroit II,87.31166666666667,73,53.95616438356165
Whispering Seoul V,87.305,77,80.98181818181818
Sacred Mumbai III,87.26666666666667,58,74.6103448275862
Hamburg Syndicate,87.25833333333333,56,69.77857142857142
Scarlet River III,87.25,77,57.131168831168836
Istanbul Ledger,87.24,57,67.03684210526316
The River of Marseille II,87.22833333333334,73,68.28356164383561
Endless Detroit II,87.17666666666666,56,71.85
Berlin Garden,87.17333333333333,80,61.105
The Anatomy of Mumbai III,87.16833333333334,62,80.34032258064516
The River of Seoul V,87.16166666666666,69,73.58985507246376
Hollow Sanctuary,87.11833333333334,62,72.05483870967741
Reckless Toronto II,87.1,82,56.90487804878049
The Anatomy of Bangkok,87.09666666666666,67,64.99402985074627
Whispering Storm II,87.08,71,72.85774647887324
Bogota Expedition,87.07333333333334,65,68.7046153846154
The Throne of Bogota II,87.07,52,63.18269230769231
Paper Seoul II,87.02,53,61.94905660377359
Neon Paradox III,86.93333333333334,89,54.26516853932585
Brilliant Requiem II,86.905,66,61.72575757575758
Marseille Paradox,86.79,67,68.77761194029851
Phantom Kingdom V,86.78333333333333,56,81.55714285714285
Lost Berlin IV,86.77333333333333,76,72.11052631578947
Glass Horizon,86.755,65,76.25538461538463
Wild Storm,86.75166666666667,63,67.72063492063492
The Empire of Lagos IV,86.72666666666666,76,55.211842105263166
Istanbul Ledger II,86.71166666666667,55,79.49272727272728
The Expedition of Sydney III,86.71,62,76.28870967741935
Phantom Marseille,86.66,58,48.19655172413793
Jakarta Algorithm IV,86.60166666666667,71,81.3225352112676
Hamburg Reckoning,86.56833333333333,56,64.86428571428571
The Expedition of Berlin,86.56166666666667,84,65.77261904761905
Savage Hamburg,86.50666666666666,65,84.05692307692307
The Lighthouse of Lagos,86.475,62,79.70322580645161
Naples Lighthouse III,86.465,69,76.71304347826087
Glass Jakarta IV,86.44,61,73.29344262295082
Savage Detroit V,86.40333333333334,60,64.97
Electric Tide IV,86.40166666666667,39,63.90769230769231
Restless Confession III,86.37333333333333,81,69.55061728395061
Wild Anatomy II,86.33,50,59.548
The Expedition of Lisbon II,86.31,59,64.06101694915255
Brilliant Paradox,86.3,79,63.0253164556962
Lagos Pact II,86.27666666666667,59,72.51186440677965
Detroit Heist V,86.245,58,68.63103448275862
The Garden of Mumbai,86.195,74,58.23918918918919
Toronto Circuit III,86.17166666666667,76,72.3671052631579
Madrid Tide II,86.16333333333333,65,67.40307692307692
Quiet Ledger II,86.14166666666667,60,79.75833333333334
Quiet Bogota,86.14166666666667,53,57.70377358490566
The Circuit of Tokyo,86.12166666666667,55,71.71818181818182
Bitter Crown III,86.105,77,59.910389610389615
Phantom Inheritance II,86.09833333333333,66,59.74545454545454
Falling Seoul,86.08666666666667,67,65.89402985074626
The Empire of Tokyo II,86.06333333333333,74,65.83243243243244
The Frequency of Istanbul II,86.00166666666667,74,67.70270270270271
Crooked Heist,85.93166666666667,90,61.60333333333334
Shattered Madrid II,85.91833333333334,60,71.00833333333334
The Inheritance of Sydney III,85.87833333333333,67,71.20746268656715
Lagos Circuit,85.84333333333333,54,68.12777777777778
Berlin River,85.83833333333334,58,68.3103448275862
The Promise of Berlin,85.83333333333333,61,60.7344262295082
Restless Protocol,85.7,72,68.66388888888889
Istanbul Verdict III,85.635,86,60.96976744186046
The Tide of Detroit II,85.62833333333333,48,79.3
The Anatomy of Detroit,85.62,66,72.74090909090908
Phantom Tokyo V,85.6,53,77.52075471698114
Bitter Ledger,85.58333333333333,76,62.55657894736842
Broken Empire,85.56333333333333,106,48.43207547169811
Sacred Legacy,85.55,46,73.40869565217392
Iron Detroit,85.47,51,76.18823529411765
Crooked Lagos V,85.46666666666667,69,73.58260869565217
The Inheritance of Bangkok III,85.46166666666667,73,57.57397260273972
Electric River II,85.44166666666666,93,54.578494623655914
Midnight Protocol,85.39833333333334,52,60.08076923076923
Falling Promise,85.37666666666667,64,68.99375
Wild Cipher,85.37166666666667,53,67.11698113207547
Velvet Sydney II,85.34666666666666,46,78.39565217391304
Lost Hamburg III,85.33666666666667,59,74.17118644067797
Hamburg Cipher V,85.30833333333334,55,73.86
Hollow Sanctuary V,85.21333333333334,51,64.26274509803922
Eternal Lagos VI,85.18166666666667,60,64.53
Savage Lagos,85.17833333333333,60,63.55833333333333
The Ledger of Bangkok III,85.16666666666666,44,82.95454545454545
The Algorithm of Marseille IV,85.14,78,67.52307692307693
Oslo Lighthouse,85.13833333333334,64,56.6125
Gilded Toronto III,85.13166666666666,53,74.14150943396227
The Kingdom of Marseille III,85.07666666666667,95,64.73684210526316
Velvet Seoul,85.06,110,61.04909090909091
Neon Naples II,85.06,68,72.86176470588236
The Syndicate of Seoul II,84.95166666666667,65,63.23692307692307
Iron Toronto,84.94833333333334,61,73.29344262295082
Lisbon Heist IV,84.93166666666667,77,65.52077922077923
Reckless Shadows,84.91166666666666,103,68.70291262135922
Frozen Lighthouse II,84.91,71,73.98169014084507
Velvet Oslo IV,84.905,54,66.91111111111111
Scarlet Seoul,84.86666666666666,78,66.62179487179488
Bangkok Sanctuary III,84.83666666666667,66,74.15454545454546
Falling Circuit,84.82333333333334,65,68.67999999999999
The Algorithm of Tokyo II,84.76,80,57.7925
Lost Hamburg IV,84.73666666666666,53,85.64528301886791
The Confession of Marseille II,84.735,75,64.56400000000001
The Lighthouse of Mumbai II,84.735,62,79.61612903225806
Midnight Syndicate IV,84.64,49,84.95306122448979
Scarlet Affair,84.63666666666667,86,76.68720930232558
Savage Berlin III,84.63166666666666,44,77.4590909090909
Falling Bangkok,84.63166666666666,79,57.392405063291136
Oslo Reckoning,84.62833333333333,70,60.95571428571428
Jakarta Reckoning,84.595,69,68.11739130434783
Detroit Ledger III,84.58,66,57.38484848484848
Scarlet Lisbon,84.525,68,57.81470588235294
Endless Circuit V,84.525,51,67.19019607843137
Lost Kingdom II,84.49333333333333,51,79.52156862745097
Toronto Tide III,84.49166666666666,63,68.78253968253969
The Legacy of Lisbon,84.46,64,72.6421875
Falling Legacy,84.43,65,66.6076923076923
Paper Paradox,84.38666666666667,50,83.686
Iron River,84.36333333333333,82,65.67439024390244
Rising Cipher II,84.35166666666666,84,71.73095238095237
Jakarta Affair III,84.33,64,66.4328125
Tender Jakarta III,84.33,79,64.0481012658228
Forgotten Inheritance II,84.32666666666667,56,64.53571428571429
Cairo Heist II,84.31333333333333,92,82.06847826086957
Lagos Kingdom III,84.27,64,63.2015625
Hamburg Storm III,84.25666666666666,64,66.3765625
Neon Bogota II,84.20666666666666,73,87.60958904109589
Tender Tide III,84.17,66,61.21666666666667
Distant Bogota,84.17,71,65.86901408450704
Hollow Berlin V,84.075,68,59.351470588235294
The Promise of Mumbai,84.05499999999999,61,64.59508196721312
Golden Confession II,84.00833333333334,48,78.95416666666667
The Crown of Bogota,83.965,110,44.03454545454546
The Heist of Berlin II,83.92833333333333,82,72.24512195121952
Distant Verdict,83.85833333333333,69,72.19565217391305
Phantom Kingdom II,83.84166666666667,54,62.52222222222222
Toronto Confession,83.83166666666666,73,71.02054794520548
Lisbon Cipher III,83.82,61,80.82786885245902
Mumbai Reckoning II,83.79833333333333,65,72.29384615384616
The Pact of Mumbai III,83.79333333333334,58,71.64999999999999
Silent Mirror III,83.78166666666667,133,56.40676691729323
The Sanctuary of Seoul V,83.76833333333333,52,79.22884615384615
Crooked Tokyo III,83.76666666666667,81,54.91728395061729
Crooked Mirror III,83.75166666666667,74,62.304054054054056
The Shadows of Cairo,83.71666666666667,58,67.65862068965517
Scarlet Mumbai IV,83.70833333333333,54,65.03703703703704
The River of Mumbai,83.70833333333333,66,57.21969696969697
The Sanctuary of Marseille,83.665,64,64.2953125
Bangkok Frequency,83.66333333333333,72,52.03611111111111
Reckless Empire,83.65833333333333,43,44.89767441860465
The Verdict of Lisbon III,83.64666666666666,55,75.4109090909091
Midnight Naples II,83.64166666666667,51,69.30588235294117
Bogota Horizon III,83.62166666666667,55,54.3
Broken Berlin II,83.61166666666666,52,69.91923076923078
The Legacy of Sydney II,83.61166666666666,68,67.06470588235294
Savage Throne,83.51,94,75.07234042553192
The Frequency of Lagos,83.50333333333333,55,77.85454545454546
Lisbon Protocol II,83.48666666666666,77,58.077922077922075
Restless Garden,83.47833333333334,63,69.73650793650793
Quiet Istanbul III,83.47833333333334,58,61.248275862068965
The Anatomy of Bangkok II,83.47833333333334,55,73.43818181818182
Detroit Requiem,83.46,105,62.75238095238095
Golden Shadows II,83.45,58,67.97758620689655
Distant Hamburg III,83.42,70,65.00571428571428
The Pact of Seoul III,83.41666666666667,66,75.09242424242424
Marseille Kingdom II,83.405,51,85.32352941176471
The Garden of Oslo III,83.39666666666666,69,61.97826086956522
Bangkok Garden III,83.37833333333333,53,66.94339622641509
Last Departure,83.34833333333333,51,65.81176470588235
Toronto Inheritance VI,83.34,54,61.329629629629636
The Pact of Toronto,83.30833333333334,47,75.42765957446808
Marseille Shadows III,83.3,67,62.6820895522388
Shattered Kingdom II,83.29666666666667,50,68.0
The Mirror of Mumbai II,83.24833333333333,89,60.344943820224714
Burning Verdict II,83.2,100,74.509
Savage Sanctuary II,83.155,71,63.31126760563381
The Confession of Detroit III,83.12833333333333,43,59.47906976744186
Berlin Heist II,83.1,72,64.11944444444445
Phantom Circuit,83.08,56,69.54642857142856
Electric Lisbon III,83.07833333333333,54,64.10000000000001
Last Toronto III,83.07000000000001,80,78.86125
Berlin Horizon II,83.065,61,77.07377049180327
Frozen Jakarta II,83.04166666666667,56,62.651785714285715
Hamburg Algorithm V,83.01166666666667,46,72.67173913043479
Glass Cairo IV,82.99333333333334,128,55.5765625
Wild Harvest,82.97833333333334,60,70.325
Bitter Pact II,82.95666666666666,118,60.255084745762716
Oslo Circuit III,82.94666666666667,95,72.75473684210526
Crooked Storm,82.93166666666667,47,72.51914893617021
The Empire of Bogota II,82.88333333333333,66,64.39848484848486
Velvet Bogota IV,82.875,52,60.52884615384615
Electric Requiem III,82.80833333333334,60,70.78333333333333
Cairo Shadows IV,82.80833333333334,57,67.5701754385965
Tender Syndicate III,82.80666666666667,56,70.97678571428571
Sydney Departure II,82.79666666666667,55,74.6490909090909
Scarlet Tokyo II,82.76833333333333,63,79.61904761904762
Madrid Departure,82.725,76,59.36447368421052
Paper Anatomy,82.72166666666666,42,52.519047619047626
Silent Tokyo,82.71833333333333,86,54.96511627906977
Detroit Circuit III,82.70666666666666,53,69.86792452830188
Wild Istanbul II,82.68833333333333,48,82.03958333333334
Bitter Oslo II,82.685,53,68.82075471698113
Seoul Confession II,82.64833333333333,51,63.970588235294116
Tokyo Promise,82.63666666666667,57,86.98596491228069
Glass Istanbul,82.62666666666667,63,71.53174603174604
Paper Istanbul,82.615,42,54.38571428571428
Silent Pact II,82.59166666666667,83,51.02048192771084
Paper Bangkok,82.56833333333333,50,77.416
Frozen Heist,82.55166666666666,41,59.50487804878048
Istanbul Heist,82.53,65,60.95076923076923
Burning Marseille II,82.51666666666667,52,59.50576923076923
Istanbul Requiem V,82.51,72,57.775000000000006
Frozen Toronto,82.49666666666667,73,55.57808219178082
Bitter Lisbon III,82.47,57,72.34561403508772
Burning Kingdom,82.45833333333333,55,82.52909090909091
The Paradox of Detroit,82.44833333333334,70,64.24428571428572
Distant Requiem III,82.415,51,75.17058823529412
Tokyo Protocol II,82.41166666666666,68,65.50735294117646
The Sanctuary of Cairo II,82.40666666666667,55,79.55818181818181
Glass Berlin III,82.4,60,73.58166666666666
Sydney Protocol II,82.39833333333334,46,73.6086956521739
Last Istanbul II,82.36666666666666,51,73.4078431372549
The Horizon of Lisbon IV,82.365,62,66.98548387096774
Sydney Sanctuary II,82.295,50,75.388
Madrid River III,82.28333333333333,63,64.23492063492064
Scarlet Cairo V,82.28,96,82.940625
Bogota Expedition II,82.27166666666666,76,69.83815789473684
Silent Shadows,82.23333333333333,76,66.24342105263158
Savage Anatomy,82.21666666666667,94,56.42553191489362
Mumbai Odyssey IV,82.215,65,57.495384615384616
Quiet Sydney II,82.215,60,60.901666666666664
Tokyo Confession,82.20333333333333,48,72.88125000000001
Scarlet Legacy,82.19166666666666,91,58.89450549450549
Silent Lisbon II,82.16,63,73.13650793650794
Naples Tide,82.14833333333334,48,64.17916666666666
Whispering Paradox,82.14833333333334,68,62.48676470588236
The Confession of Hamburg III,82.13833333333334,61,73.45573770491804
The Throne of Jakarta III,82.11166666666666,50,74.652
Istanbul Inheritance II,82.11,54,68.59444444444445
The Reckoning of Jakarta,82.07833333333333,58,68.47241379310346
The Sanctuary of Lisbon II,82.06833333333333,67,70.67164179104478
Tokyo Garden V,82.045,51,67.49803921568628
Lagos Garden VI,82.02333333333334,42,81.36666666666667
The Paradox of Seoul II,82.02166666666666,66,57.36515151515152
Forgotten Bangkok III,82.02,73,70.96164383561644
Broken Sydney V,81.975,83,69.70602409638555
Crooked Jakarta IV,81.945,54,63.23703703703704
Crooked Protocol III,81.93666666666667,61,75.32131147540984
Lost Naples IV,81.92166666666667,69,66.57246376811594
Sacred Oslo,81.88,83,58.0289156626506
Neon Hamburg II,81.87,80,62.661249999999995
The Protocol of Mumbai IV,81.82833333333333,53,80.55094339622642
Reckless Bogota II,81.82666666666667,62,76.14838709677419
The Sanctuary of Naples II,81.82,48,76.33125
Bogota Kingdom,81.815,57,68.34736842105264
Frozen Hamburg II,81.78,74,72.86351351351351
Velvet Frequency,81.74666666666667,60,69.28500000000001
Hollow Mumbai III,81.72,49,69.49183673469388
The Verdict of Toronto III,81.62833333333333,62,65.28709677419356
Crooked Legacy,81.62333333333333,75,67.31466666666667
Bangkok Pact II,81.62166666666667,66,55.36666666666667
Hollow Lisbon IV,81.56,61,77.13934426229508
Shattered Confession II,81.44833333333334,54,83.03148148148148
The Promise of Bangkok,81.435,46,69.88478260869564
Savage Storm II,81.42166666666667,60,72.7
The Legacy of Detroit,81.41166666666666,58,69.59310344827587
Wild Tide,81.4,46,71.25869565217391
Berlin Syndicate,81.36166666666666,79,67.16835443037975
The Kingdom of Lagos II,81.34166666666667,53,65.30754716981133
Naples Affair IV,81.30499999999999,61,62.48032786885246
Shattered Oslo III,81.30166666666666,65,61.00615384615385
The Horizon of Berlin,81.29666666666667,75,62.535999999999994
Toronto Requiem IV,81.265,45,77.95555555555555
Mumbai Odyssey,81.23666666666666,109,62.977064220183486
Sacred Mirror,81.20833333333333,78,58.93205128205128
The Paradox of Sydney,81.16833333333334,74,70.00945945945946
Tender Verdict,81.12,99,76.80707070707071
The Throne of Bangkok III,81.1,82,56.51341463414634
Cairo Heist III,81.08833333333334,59,69.2949152542373
Glass Lagos III,81.08666666666667,62,66.50483870967743
Frozen Bogota VI,81.07666666666667,63,61.28095238095238
Wild Sanctuary,81.05,59,63.90169491525423
The Frequency of Istanbul IV,81.035,58,72.25689655172413
Marseille Mirror IV,81.01666666666667,66,68.8348484848485
Iron Istanbul VII,80.92833333333333,94,50.84893617021277
Phantom Harvest III,80.91666666666667,48,74.36666666666666
Reckless Detroit,80.85,46,77.5391304347826
Sacred Sanctuary,80.85,64,68.896875
Iron Sydney IV,80.82833333333333,66,72.03787878787878
The Affair of Bangkok VI,80.82666666666667,65,66.61076923076922
The Shadows of Mumbai II,80.82333333333334,78,63.43846153846154
Whispering Seoul VI,80.8,55,66.28545454545454
The Verdict of Lisbon,80.74166666666666,61,60.17704918032787
Seoul Empire V,80.675,56,61.30714285714286
Reckless Naples,80.60166666666667,55,77.12181818181818
Electric Horizon II,80.59833333333333,62,66.66451612903225
Tender Lisbon II,80.59333333333333,75,65.128
Madrid Reckoning IV,80.59166666666667,74,52.6972972972973
Seoul Cipher,80.58833333333334,78,61.37692307692307
Velvet Promise,80.56666666666666,62,78.75322580645161
The Reckoning of Bogota II,80.51833333333333,68,74.78235294117647
Last Cipher,80.515,67,63.81194029850746
Neon Tokyo IV,80.50666666666666,57,66.7298245614035
Bitter Istanbul,80.50666666666666,82,69.29512195121951
Tender Bangkok,80.50333333333333,62,80.31774193548387
Restless Berlin III,80.50166666666667,60,64.92166666666667
The Syndicate of Seoul IV,80.48666666666666,61,73.98852459016393
Istanbul Verdict,80.48166666666667,62,60.377419354838715
Rising Departure II,80.48,75,56.97866666666666
Brilliant Bogota II,80.475,76,66.87105263157895
The Affair of Lagos,80.45833333333333,52,65.38076923076923
The Lighthouse of Istanbul,80.44666666666667,50,79.77600000000001
Reckless Toronto IV,80.43333333333334,62,60.343548387096774
Cairo Pact II,80.42666666666666,51,70.60588235294118
Lisbon Verdict II,80.395,43,66.77674418604651
Falling Hamburg,80.375,49,74.0
Bangkok Departure III,80.37333333333333,58,72.93275862068967
The Legacy of Istanbul V,80.34333333333333,80,56.8575
The Expedition of Tokyo V,80.32833333333333,59,68.64745762711865
Golden Berlin II,80.31333333333333,53,64.48113207547169
The Circuit of Sydney II,80.29166666666667,56,57.362500000000004
Restless Echoes II,80.26166666666667,54,74.31111111111112
The Promise of Hamburg,80.23833333333333,50,72.94
Jakarta Departure,80.16166666666666,65,71.15076923076923
Mumbai Circuit,80.08166666666666,53,71.38301886792453
Neon Shadows IV,80.07833333333333,61,65.6344262295082
The Sanctuary of Istanbul II,80.065,63,64.61904761904762
Cairo Cipher,80.03833333333333,55,73.37636363636364
Distant Echoes,80.01833333333333,63,64.58253968253968
Silent Lisbon VII,80.00833333333333,81,49.81111111111111
Paper Tokyo III,80.00666666666666,74,61.78108108108108
Whispering Heist,79.985,63,77.73492063492064
Burning Mumbai,79.97666666666666,73,77.33424657534246
Toronto Inheritance III,79.96333333333334,60,70.14666666666668
Eternal Mirror V,79.95166666666667,55,79.29636363636364
Wild Sanctuary II,79.94166666666666,57,65.74561403508773
Tender Echoes V,79.93333333333334,59,62.52881355932203
Silent Crown II,79.90333333333334,63,55.54920634920635
Lost Cipher,79.87,61,66.01311475409837
Hamburg Cipher,79.835,77,79.75194805194805
The Shadows of Lagos II,79.76833333333333,41,52.58536585365854
The Syndicate of Tokyo IV,79.72333333333333,48,75.5
Detroit Garden V,79.70333333333333,54,69.73703703703704
Oslo Circuit VI,79.69166666666666,58,65.94655172413793
Lost Ledger II,79.685,53,86.73396226415093
Seoul Tide III,79.66333333333333,56,68.28035714285714
Frozen Storm II,79.65333333333334,49,65.46530612244898
Brilliant Tokyo III,79.65333333333334,49,75.60408163265306
The Legacy of Mumbai II,79.63833333333334,44,76.48409090909091
Frozen Bangkok,79.61833333333334,60,80.42166666666667
The Echoes of Lagos,79.61333333333333,86,66.12558139534885
The Ledger of Cairo,79.56666666666666,75,58.39333333333333
Mumbai Departure III,79.56333333333333,45,64.68888888888888
The Lighthouse of Lisbon II,79.55333333333334,62,70.63225806451612
Falling Madrid II,79.55,76,69.78026315789474
The Verdict of Seoul,79.55,54,64.9962962962963
The Heist of Toronto,79.48,66,53.92424242424242
Hollow Sanctuary II,79.47,57,66.9298245614035
Hollow Tide III,79.45666666666666,45,71.58666666666667
Lisbon Anatomy III,79.45166666666667,74,57.0027027027027
The Departure of Lisbon,79.42,40,77.8625
Golden Jakarta,79.40166666666667,53,80.25660377358491
Rising Crown,79.395,59,78.39152542372882
Jakarta Inheritance IV,79.39166666666667,52,51.75192307692308
Hidden Algorithm,79.38,66,62.20454545454545
Iron Sydney,79.375,56,63.458928571428565
Jakarta Heist,79.37333333333333,77,61.84935064935065
Hamburg Frequency III,79.35666666666667,83,60.3855421686747
The Syndicate of Tokyo V,79.25833333333334,83,57.295180722891565
The Promise of Istanbul IV,79.23833333333333,60,66.03833333333334
The Verdict of Bangkok IV,79.23166666666667,117,44.167521367521374
Distant Naples,79.22333333333333,59,67.7135593220339
Electric Sydney III,79.16499999999999,116,62.98879310344827
The Circuit of Hamburg,79.15333333333334,75,69.58133333333333
Seoul Harvest VII,79.15,51,83.14509803921568
Bitter Requiem,79.14333333333333,71,66.88169014084508
Golden Cipher II,79.14166666666667,48,72.73333333333333
Hollow Departure II,79.13666666666667,51,68.97254901960784
The Mirror of Istanbul III,79.13333333333333,65,71.62153846153845
Gilded Berlin,79.13166666666667,61,73.43278688524589
Berlin Frequency IV,79.11,55,42.10545454545455
Neon Lighthouse II,79.07166666666667,54,74.45925925925927
Restless Lighthouse II,79.065,54,59.77222222222222
Falling Echoes IV,79.04166666666667,55,70.68909090909091
Hamburg Circuit IV,79.03833333333333,60,69.32833333333333
The Legacy of Berlin V,79.02166666666666,112,57.99196428571429
Velvet Echoes II,79.01666666666667,59,56.19491525423729
Shattered Marseille V,78.99333333333334,54,73.74814814814815
The Sanctuary of Bogota II,78.91333333333334,55,69.41636363636364
Marseille Reckoning II,78.90333333333334,48,69.45833333333333
Last Berlin,78.86333333333333,49,74.8530612244898
The Tide of Lisbon IV,78.82333333333334,61,58.28688524590164
Sacred Detroit,78.805,54,82.60555555555555
Naples Echoes III,78.77666666666667,58,74.08448275862068
Bitter Syndicate II,78.76333333333334,45,70.48222222222222
Eternal Circuit,78.71666666666667,64,67.7078125
Midnight Istanbul,78.71666666666667,49,84.54489795918367
Glass Promise II,78.70666666666666,49,65.12448979591836
Lagos Harvest,78.685,68,58.34264705882353
The Affair of Istanbul,78.68166666666667,58,79.0206896551724
Sydney Algorithm,78.675,58,67.26724137931035
Quiet Oslo IV,78.65666666666667,55,70.91272727272727
Scarlet Expedition,78.64333333333333,75,63.548
The Departure of Lagos,78.58833333333334,45,74.32000000000001
Crimson Marseille III,78.57833333333333,68,61.36029411764706
The Echoes of Seoul II,78.565,85,66.80705882352942
Bogota Shadows IV,78.56166666666667,49,68.71836734693878
Bitter Seoul,78.54833333333333,55,68.00727272727273
Gilded Requiem III,78.535,64,57.521875
The Affair of Berlin,78.53166666666667,80,68.485
Hidden Anatomy,78.51666666666667,47,67.72765957446808
Marseille Horizon,78.50166666666667,52,59.198076923076925
Midnight Toronto,78.49833333333333,72,61.13194444444444
Lagos Confession VII,78.44666666666667,97,62.20927835051547
Shattered Sydney III,78.41666666666667,63,65.51746031746032
Neon Bogota IV,78.39166666666667,73,67.81643835616438
Hidden Affair,78.39166666666667,47,70.47659574468085
Frozen Odyssey,78.37666666666667,55,62.869090909090914
Seoul Shadows IV,78.36333333333333,61,60.21475409836066
Brilliant Hamburg III,78.355,67,70.8686567164179
Crooked Berlin III,78.34166666666667,45,76.8
Berlin Legacy II,78.28833333333333,53,79.13207547169812
Crimson Kingdom,78.20666666666666,72,74.90972222222223
Hollow Berlin IV,78.18833333333333,57,70.33333333333333
Broken Naples III,78.165,66,71.77878787878787
Lost Marseille II,78.14166666666667,49,68.83469387755102
Marseille Syndicate IV,78.09166666666667,89,59.157303370786515
Burning Verdict IV,78.045,55,69.22363636363637
Falling Tokyo,78.04166666666667,82,67.17804878048781
The Echoes of Sydney,78.02,52,78.9673076923077
Hollow River II,78.01166666666667,69,71.41014492753624
Phantom Marseille IV,78.00833333333334,49,66.80408163265307
The Horizon of Cairo,77.97833333333334,64,62.478125
Hamburg Horizon III,77.97333333333333,53,62.592452830188684
Silent Lisbon,77.97,49,66.7673469387755
Istanbul Syndicate,77.95,89,61.10449438202247
Sacred Paradox III,77.90666666666667,52,71.91730769230769
The Expedition of Detroit,77.905,57,59.41929824561404
Paper Mirror,77.88166666666666,59,67.12033898305084
The Odyssey of Mumbai,77.88,75,64.9
The Reckoning of Bangkok II,77.875,49,71.15510204081633
Endless Lagos III,77.86166666666666,59,64.37288135593221
Crimson Sanctuary,77.86166666666666,50,80.54
The Circuit of Jakarta V,77.845,63,66.19365079365079
Endless Circuit,77.83666666666667,69,59.900000000000006
The Sanctuary of Sydney,77.83333333333333,55,68.47636363636363
Crimson Protocol,77.83166666666666,57,65.55438596491229
Brilliant Pact IV,77.815,61,75.04262295081968
Last Toronto IV,77.77333333333334,60,54.766666666666666
Tokyo Expedition III,77.76833333333333,54,78.54814814814816
The Anatomy of Madrid II,77.73833333333333,62,64.3
The Lighthouse of Jakarta IV,77.73333333333333,56,80.07857142857142
The Syndicate of Istanbul II,77.71,69,72.65217391304348
Cairo Kingdom III,77.70833333333333,57,78.65789473684211
The Echoes of Detroit,77.67833333333333,46,68.91304347826087
Iron Istanbul IV,77.64666666666666,59,65.80508474576271
Jakarta Storm,77.64166666666667,59,75.92372881355932
Midnight Tide,77.625,60,66.91333333333334
Quiet Odyssey II,77.615,61,72.70327868852459
Scarlet Bogota,77.61166666666666,67,57.919402985074626
Velvet Harvest,77.60333333333334,63,68.43174603174603
The Circuit of Bangkok III,77.595,84,55.983333333333334
Last Heist,77.56833333333333,62,65.85
Brilliant Lighthouse II,77.53666666666666,51,74.16470588235295
Naples Departure,77.51333333333334,61,74.02295081967212
Last Bogota,77.46666666666667,44,68.59545454545454
The Expedition of Tokyo VII,77.45333333333333,68,66.35441176470589
Glass Garden II,77.43833333333333,49,56.436734693877554
Bogota Affair IV,77.43666666666667,58,59.77758620689655
Broken Paradox,77.435,65,64.97846153846154
Toronto Garden,77.41,53,73.02830188679245
The Crown of Seoul II,77.405,72,72.48055555555555
Gilded Mumbai IV,77.35,53,63.91320754716981
The Expedition of Marseille III,77.34,69,65.92753623188406
Tender Oslo,77.29333333333334,66,49.831818181818186
The Verdict of Berlin III,77.25,42,53.83571428571428
Burning Lagos,77.18333333333334,35,56.54
Rising Verdict,77.16333333333334,65,74.19846153846153
Crooked Marseille II,77.15833333333333,49,60.953061224489794
Crooked Toronto,77.15666666666667,47,52.95319148936171
Falling Cairo,77.13,50,77.782
Crooked Tide II,77.105,56,73.76071428571429
Cairo Legacy,77.08166666666666,59,77.60677966101696
The Mirror of Lagos III,77.04833333333333,44,48.64545454545455
Paper Bogota III,77.03,56,73.03392857142858
The Affair of Sydney III,77.02833333333334,52,80.79615384615384
Hollow Protocol,77.00333333333333,59,62.14745762711864
Berlin Legacy,76.99333333333334,46,55.178260869565214
Gilded Reckoning II,76.985,57,63.31754385964912
Reckless Hamburg III,76.96833333333333,64,60.6453125
Hollow Madrid,76.95666666666666,50,66.434
Sydney Echoes II,76.94333333333333,55,74.95636363636365
Restless Departure,76.905,56,69.81964285714285
Tokyo Syndicate III,76.855,56,76.95357142857142
Silent Tide,76.83,54,75.53333333333333
Frozen Madrid IV,76.82833333333333,91,73.41758241758242
Scarlet Odyssey,76.825,68,53.79852941176471
Endless Frequency IV,76.82166666666667,43,85.75813953488372
Rising Shadows II,76.81166666666667,51,72.87843137254902
Jakarta Frequency,76.80666666666667,39,54.705128205128204
Sydney Inheritance II,76.78166666666667,66,77.55757575757576
Bangkok Tide,76.765,59,60.9864406779661
Hamburg Circuit V,76.74833333333333,57,75.49473684210525
The Sanctuary of Lisbon V,76.67333333333333,53,63.820754716981135
Cairo Kingdom,76.67,54,84.35370370370372
Crooked Seoul IV,76.66666666666667,55,73.35636363636364
Glass Toronto II,76.65166666666667,49,71.64897959183673
Quiet Detroit,76.64666666666666,75,66.64933333333333
Golden Reckoning III,76.64333333333333,78,64.79102564102564
Istanbul Storm,76.575,69,68.64347826086956
The Heist of Lisbon IV,76.565,54,81.80925925925925
Tokyo Circuit IV,76.55166666666666,56,56.567857142857136
Golden Crown,76.54666666666667,45,61.48666666666667
Tokyo Harvest,76.475,53,57.7188679245283
The Throne of Cairo II,76.47166666666666,84,52.02023809523809
Jakarta Inheritance II,76.40833333333333,48,64.53333333333333
Quiet Toronto III,76.385,46,83.7304347826087
Phantom Cairo,76.37666666666667,65,58.27076923076923
The Protocol of Lisbon V,76.37333333333333,61,62.59180327868852
Bangkok Verdict II,76.36833333333334,48,69.68333333333334
Shattered Sydney V,76.34333333333333,59,84.38305084745764
The Tide of Jakarta,76.33166666666666,70,60.03142857142857
Tokyo Ledger II,76.30833333333334,45,73.19777777777777
The Odyssey of Sydney III,76.29,60,71.3
The Garden of Cairo II,76.28999999999999,57,71.70175438596492
Sydney Mirror II,76.26666666666667,67,62.65970149253731
Savage Berlin,76.21333333333334,89,59.05505617977528
Tokyo Cipher II,76.21166666666666,61,59.96885245901639
Lost Bangkok,76.19666666666667,54,71.75
The Affair of Bangkok IV,76.165,50,64.366
The Legacy of Cairo,76.15833333333333,44,83.07727272727273
The Circuit of Madrid III,76.15166666666667,72,59.30555555555556
Cairo Crown II,76.12166666666667,68,59.44705882352941
Quiet Lighthouse IV,76.11333333333333,56,64.72142857142858
Gilded Ledger,76.11333333333333,63,82.37619047619047
Tender Harvest V,76.09333333333333,43,73.73953488372094
The Expedition of Istanbul IV,76.02,57,68.98421052631579
Paper Lighthouse II,76.01833333333333,62,75.06935483870969
Tender Cairo,76.0,69,54.61594202898551
Burning Marseille IV,75.97333333333333,62,68.71612903225805
Berlin Crown II,75.95333333333333,46,51.595652173913045
The Requiem of Oslo,75.94666666666667,56,76.04464285714286
Berlin Echoes IV,75.93833333333333,60,69.02833333333334
Tender Tide IV,75.93333333333334,58,62.34655172413793
Seoul Verdict II,75.91666666666667,59,60.32372881355932
Tokyo Anatomy IV,75.90833333333333,57,60.53333333333333
Berlin Sanctuary III,75.84833333333333,57,84.0421052631579
Sacred Expedition,75.805,66,85.07121212121211
Berlin Expedition II,75.79333333333334,67,69.2597014925373
Restless Toronto,75.72166666666666,72,57.88472222222222
Phantom Circuit III,75.70166666666667,56,79.51785714285714
Tokyo Reckoning II,75.67833333333333,66,61.42878787878788
Naples Requiem III,75.66666666666667,61,73.69180327868852
The River of Istanbul III,75.65166666666667,38,79.11052631578947
Rising Toronto,75.62833333333333,63,61.03968253968254
Forgotten Inheritance III,75.62166666666667,63,58.07460317460317
Electric Bangkok II,75.61166666666666,56,69.83392857142857
Forgotten Mumbai IV,75.595,49,76.50408163265305
Mumbai Empire III,75.59333333333333,60,65.72666666666666
Whispering Inheritance III,75.57833333333333,56,69.80714285714285
Tender Cipher,75.57666666666667,79,63.77088607594936
Midnight Bogota V,75.54666666666667,68,51.275
Frozen Harvest II,75.5,52,68.0576923076923
Hamburg Horizon II,75.485,38,62.078947368421055
The Frequency of Sydney III,75.48,64,56.1578125
Reckless Sydney II,75.46666666666667,52,56.18653846153846
Hidden Echoes,75.46666666666667,44,62.75
Tokyo Syndicate IV,75.46000000000001,49,81.05714285714286
Lisbon Protocol V,75.45166666666667,51,72.16078431372549
Eternal Storm IV,75.40166666666667,56,74.11607142857143
Paper Tide,75.39,55,65.79636363636364
Sacred Seoul V,75.28666666666666,55,74.66363636363636
Bitter Cairo III,75.24833333333333,68,57.24264705882353
Neon Odyssey III,75.245,64,67.83125
Lagos Expedition II,75.22666666666667,82,58.55975609756097
Falling Mumbai III,75.21166666666667,62,59.17903225806452
Lagos Confession III,75.19166666666666,61,69.76393442622951
The Tide of Seoul II,75.16,54,69.0111111111111
Electric Jakarta,75.15333333333334,77,51.362337662337666
The Departure of Bogota,75.13166666666666,61,65.4032786885246
Oslo Departure V,75.125,60,70.20333333333333
The Inheritance of Mumbai II,75.10833333333333,66,67.60606060606061
Bitter Empire III,75.10666666666667,47,82.65744680851064
Neon Lagos III,75.10333333333334,65,54.58615384615384
Berlin Ledger,75.075,63,69.41587301587302
Mumbai Shadows VI,75.07166666666667,58,69.96896551724137
Crimson Madrid,75.07166666666667,65,72.18307692307691
Burning Shadows,75.065,59,77.89661016949152
Lagos River,75.06,46,79.59565217391305
Frozen Cairo III,75.03833333333333,47,60.251063829787235
Brilliant Sydney II,74.99333333333334,57,68.0421052631579
Distant Sydney,74.95333333333333,56,70.44642857142857
Crooked Shadows IV,74.94166666666666,56,58.60892857142857
Endless Horizon,74.91,48,58.518750000000004
Midnight Mirror,74.9,58,70.43448275862069
The Legacy of Oslo II,74.89333333333333,45,73.42444444444445
Seoul Departure,74.88166666666666,55,63.332727272727276
Golden Lagos II,74.875,64,62.6703125
Crooked Confession,74.86666666666666,51,85.52549019607844
The Legacy of Cairo III,74.85666666666667,58,67.34137931034483
Silent Marseille III,74.84,47,68.73617021276596
Tokyo Cipher VI,74.83,99,73.16060606060606
Madrid Verdict,74.78666666666666,67,62.58507462686567
The Ledger of Tokyo II,74.785,50,66.97
Sydney Departure,74.78166666666667,59,76.04915254237288
The Legacy of Hamburg,74.75833333333334,41,61.80487804878049
Bitter Jakarta III,74.74166666666666,68,61.63382352941177
Restless Empire II,74.7,90,70.13444444444445
Mumbai Storm,74.68833333333333,56,65.59107142857142
Madrid Sanctuary IV,74.68666666666667,75,60.348000000000006
The Anatomy of Madrid,74.67666666666666,92,71.61739130434783
The Shadows of Istanbul II,74.65833333333333,69,72.13478260869566
The Throne of Tokyo III,74.64666666666666,57,74.1298245614035
Marseille River,74.64,68,51.85588235294117
Frozen Lagos II,74.63,50,65.848
Reckless Confession,74.60833333333333,43,53.10930232558139
Crimson Detroit III,74.6,55,56.91090909090909
The Throne of Toronto III,74.59333333333333,50,74.598
Silent Bangkok,74.58666666666667,65,69.54615384615384
Marseille Frequency V,74.57666666666667,40,49.9375
Velvet Anatomy,74.53833333333334,55,69.50181818181818
Marseille River II,74.52166666666666,56,59.58571428571429
Quiet Expedition,74.48833333333333,53,68.56415094339623
Brilliant Confession III,74.48,51,66.88823529411765
Falling Toronto IV,74.475,49,65.14285714285714
Crimson Affair,74.46000000000001,52,61.37692307692308
Burning Naples IV,74.455,61,74.72459016393442
Hollow Berlin,74.44333333333333,57,71.89122807017544
Paper Detroit II,74.43666666666667,58,64.17241379310344
Phantom Algorithm,74.42999999999999,68,70.61764705882354
Naples Cipher III,74.40833333333333,63,71.58571428571427
Velvet Circuit II,74.38666666666667,48,72.075
The Confession of Sydney,74.375,57,69.27894736842106
Lost Circuit III,74.36833333333334,52,74.61538461538461
Gilded Inheritance,74.36333333333333,58,79.30689655172414
Endless Jakarta,74.35333333333334,43,75.16046511627907
Whispering Throne,74.35333333333334,64,72.6203125
Distant Requiem II,74.345,61,83.09016393442623
Forgotten Garden III,74.32333333333334,52,59.965384615384615
The Pact of Naples II,74.30333333333333,64,60.0515625
Iron Cairo,74.25,43,68.60697674418604
Scarlet Hamburg III,74.24833333333333,62,71.14032258064516
Neon Jakarta,74.24,57,71.68245614035088
Bangkok Odyssey II,74.20666666666666,45,71.70666666666668
The Anatomy of Jakarta II,74.17,63,80.26984126984127
Falling Empire II,74.15166666666667,54,67.53888888888889
The Tide of Tokyo,74.14166666666667,44,73.26363636363637
Istanbul Algorithm,74.12166666666667,45,75.44
The Garden of Bangkok IV,74.1,46,78.59130434782608
Endless Cairo VII,74.09666666666666,51,75.15294117647059
Hamburg Kingdom V,74.06666666666666,77,70.38831168831169
Paper Algorithm II,74.06666666666666,57,80.37368421052632
Tender Harvest IV,74.04666666666667,123,51.60243902439025
Gilded Storm,74.03833333333334,53,74.84150943396226
Lagos Promise III,74.03833333333333,70,70.5
The Garden of Tokyo II,74.0,49,64.2530612244898
The Throne of Istanbul III,73.93166666666667,83,60.05421686746988
Hidden Tokyo II,73.87666666666667,50,64.242
Reckless Tokyo II,73.87333333333333,57,72.00701754385965
Bitter Bogota III,73.85666666666667,43,61.33953488372093
Bitter Bogota IV,73.855,64,64.1109375
Hollow Madrid III,73.83833333333334,47,58.18510638297872
Jakarta Storm II,73.815,46,75.8108695652174
The Ledger of Berlin II,73.73833333333333,50,66.042
Lagos Odyssey IV,73.73166666666667,61,70.40491803278688
Brilliant Cairo II,73.73,61,64.1672131147541
Marseille Heist V,73.72666666666666,51,74.14313725490196
Wild Oslo,73.70666666666666,72,73.12777777777778
The Legacy of Oslo,73.68166666666667,68,67.02941176470588
Iron Mirror,73.67833333333333,44,73.3340909090909
Restless Tokyo II,73.67666666666666,52,58.63269230769231
The Reckoning of Detroit VI,73.67666666666666,44,80.38409090909092
Restless Echoes III,73.67666666666666,59,73.45932203389832
Broken Affair IV,73.67333333333333,72,56.84583333333333
Crimson Marseille IV,73.665,54,58.46851851851852
Hamburg Kingdom III,73.66333333333333,52,64.88461538461539
Savage Ledger,73.64666666666666,48,61.36875
Hollow Madrid II,73.6,62,74.1983870967742
Toronto Protocol,73.58333333333333,52,71.94807692307693
Brilliant Sydney,73.58,51,67.10392156862746
Oslo Anatomy,73.57833333333333,56,64.09821428571429
Mumbai Kingdom IV,73.56,62,72.64354838709677
Sydney Circuit,73.545,48,72.96458333333334
Falling Throne IV,73.54166666666667,52,74.43846153846154
Oslo Tide II,73.5,48,77.85833333333333
Hamburg Pact III,73.46333333333334,58,67.85689655172413
Restless Bangkok,73.46,76,59.78684210526316
Bangkok Frequency III,73.42333333333333,59,62.744067796610175
The Heist of Mumbai III,73.41166666666666,57,63.86140350877193
The Storm of Marseille IV,73.36666666666666,95,70.20526315789473
Sacred Empire,73.365,56,88.31607142857142
Distant Berlin II,73.355,55,63.514545454545456
Madrid Reckoning III,73.33333333333333,50,74.582
Hollow Lagos V,73.33333333333333,61,68.04098360655738
Oslo Throne IV,73.33166666666666,51,64.87450980392157
The Garden of Mumbai II,73.32166666666666,66,60.5969696969697
Crooked Seoul,73.315,82,60.9609756097561
Hamburg Ledger III,73.31333333333333,51,65.84313725490196
The Throne of Marseille,73.31166666666667,57,60.285964912280704
Silent Throne II,73.31166666666667,50,54.652
Eternal Confession,73.31166666666667,45,82.84666666666666
The Garden of Bogota V,73.27666666666667,74,63.88513513513514
Whispering Madrid II,73.26666666666667,46,79.63695652173914
Shattered Legacy IV,73.23,57,53.536842105263155
The Throne of Mumbai II,73.22333333333333,62,64.42258064516129
Tokyo Lighthouse II,73.21333333333334,50,75.09
Berlin Crown IV,73.20666666666666,47,65.35106382978724
Crimson Cairo,73.205,59,75.19661016949154
Istanbul Mirror,73.20333333333333,50,62.742
Wild Garden,73.19833333333334,57,68.19122807017544
The Odyssey of Jakarta,73.17833333333333,54,71.31851851851852
Rising Oslo IV,73.175,57,77.80701754385964
Endless Oslo,73.17,47,70.75106382978724
Shattered Pact III,73.16833333333334,64,63.525
Golden Echoes III,73.165,59,59.045762711864406
Crooked Sanctuary IV,73.14833333333334,77,69.51038961038961
Mumbai Confession III,73.13,59,61.46949152542373
Bogota Affair V,73.12,55,51.46
Sacred Requiem,73.085,44,64.71818181818182
Broken Tide,73.07166666666667,57,62.02982456140351
The Storm of Bogota III,73.06833333333333,47,78.38723404255319
Tender Seoul II,73.06666666666666,57,62.02456140350878
The Frequency of Detroit,73.05666666666667,49,62.55918367346939
Hollow Sydney III,73.025,52,67.95192307692308
The Syndicate of Berlin,73.01833333333333,78,54.01282051282051
The Affair of Naples V,73.01666666666667,82,55.079268292682926
Iron Cairo II,72.99,51,66.56274509803922
The Echoes of Naples II,72.97666666666667,51,66.54901960784314
The Pact of Istanbul III,72.97,57,68.58070175438597
Berlin Legacy III,72.965,53,63.5377358490566
Seoul Inheritance II,72.95833333333333,58,63.432758620689654
The Promise of Detroit III,72.95333333333333,52,64.25192307692308
Istanbul Throne VI,72.95333333333333,57,72.45087719298245
Seoul Mirror IV,72.95,49,72.04285714285714
Phantom Affair,72.945,42,66.79761904761905
Marseille Confession,72.93333333333334,48,71.22291666666666
Gilded Echoes II,72.93,35,75.77714285714285
The Garden of Tokyo,72.875,66,60.77424242424242
Phantom Kingdom VII,72.87166666666667,50,68.312
Brilliant River V,72.87,71,56.498591549295774
Crooked Anatomy,72.86833333333334,54,58.670370370370364
Naples Expedition,72.85,54,77.83333333333333
Golden Affair,72.83666666666667,56,76.50535714285715
Marseille Throne V,72.80666666666667,70,65.69428571428573
Reckless Lagos,72.73,48,78.375
Falling Odyssey,72.69333333333333,71,63.98169014084507
Seoul Crown II,72.63666666666667,82,77.02926829268293
Velvet Cipher,72.61166666666666,57,79.62105263157895
Sydney Frequency VI,72.59833333333333,53,55.152830188679246
Madrid Lighthouse,72.59166666666667,77,60.820779220779215
Lisbon Horizon,72.58,49,74.6795918367347
Tender Marseille III,72.56,41,72.23170731707317
Iron Sydney II,72.55166666666666,83,67.24096385542168
Sacred Sydney,72.52166666666666,60,67.77333333333334
The Syndicate of Tokyo II,72.51333333333334,37,64.95945945945945
Rising Seoul III,72.50333333333333,74,55.45675675675676
Bogota Echoes,72.445,63,65.7063492063492
Sacred Verdict II,72.43333333333334,45,78.52222222222223
Tender Mumbai VII,72.43166666666667,63,68.2984126984127
Hollow Reckoning,72.42999999999999,87,48.97586206896551
Mumbai Expedition IV,72.41,37,80.98378378378379
Hidden Reckoning III,72.4,68,59.70294117647059
Wild Legacy,72.39166666666667,49,73.87142857142857
Golden Garden II,72.38333333333334,59,64.0135593220339
Neon Lagos,72.36,78,74.21666666666667
The Cipher of Sydney II,72.355,59,72.13898305084746
The Verdict of Berlin VII,72.30666666666667,52,77.97884615384615
The Frequency of Oslo,72.295,52,52.4673076923077
The Promise of Bangkok III,72.28666666666666,46,73.66956521739131
Detroit Kingdom III,72.28166666666667,63,70.96190476190476
Midnight Lighthouse III,72.28,60,66.31666666666666
Mumbai Reckoning IV,72.26333333333334,48,72.26666666666667
The Echoes of Bogota,72.26333333333334,53,67.05471698113207
The Inheritance of Madrid IV,72.25166666666667,55,71.65272727272728
Hidden Mirror,72.25166666666667,57,85.44561403508771
The Verdict of Istanbul II,72.25166666666667,55,71.00727272727273
Lisbon Empire II,72.19333333333333,59,61.18305084745763
Falling Lighthouse,72.185,61,80.69344262295083
Jakarta Heist II,72.17,65,63.447692307692314
Berlin Echoes III,72.13,61,67.57377049180327
Hollow Sanctuary IV,72.08833333333334,52,68.18076923076923
Paper Bogota,72.085,50,75.876
The Syndicate of Hamburg,72.085,62,68.38709677419355
The Legacy of Lagos,72.08,43,70.32790697674419
Crooked Marseille,72.07833333333333,46,83.94782608695652
The Storm of Sydney III,72.06666666666666,60,73.54166666666667
Toronto River II,72.04,51,71.22549019607843
The Echoes of Hamburg III,72.02833333333334,58,76.82241379310345
Brilliant Seoul III,72.015,66,58.983333333333334
Detroit Kingdom II,71.98333333333333,58,62.05172413793103
Distant Throne III,71.98333333333333,55,75.5
Glass Hamburg VI,71.95166666666667,74,64.81891891891892
Bogota Ledger,71.94666666666667,63,66.52222222222221
Neon Detroit,71.93333333333334,78,80.19615384615385
Quiet Oslo V,71.91,76,77.76842105263158
Tokyo Harvest VI,71.895,47,65.55106382978724
The Garden of Seoul,71.88,59,74.59322033898304
Brilliant Shadows,71.85833333333333,49,66.67142857142858
Naples Sanctuary,71.85166666666666,95,58.17894736842105
The Requiem of Madrid,71.82666666666667,66,83.70909090909092
Bogota Promise II,71.815,79,63.42025316455696
Wild Madrid,71.77666666666667,55,80.72363636363637
Naples Mirror III,71.775,51,69.7843137254902
The Promise of Detroit IV,71.76833333333333,61,65.3655737704918
Paper Sydney III,71.755,66,62.122727272727275
The Circuit of Berlin,71.74333333333334,47,84.02978723404256
Marseille Kingdom,71.70166666666667,65,60.72615384615384
The Lighthouse of Sydney II,71.69,75,77.50533333333333
Burning Jakarta II,71.68666666666667,48,76.58541666666666
Madrid Odyssey,71.68666666666667,43,73.0046511627907
Sydney Horizon II,71.67833333333333,64,63.9890625
Glass Garden,71.66833333333334,67,66.85522388059702
Golden Ledger II,71.655,51,59.356862745098034
Endless Cipher,71.65333333333334,39,67.61794871794872
The Sanctuary of Mumbai III,71.65166666666667,49,69.63265306122449
Detroit Promise VI,71.64833333333333,55,67.97272727272727
The Empire of Toronto,71.63,58,64.99310344827586
Marseille Inheritance III,71.625,76,62.13947368421053
Lagos Reckoning II,71.58666666666667,50,73.428
The Reckoning of Bangkok,71.575,49,80.40816326530613
Seoul Harvest II,71.56,54,79.51111111111112
The Odyssey of Bogota V,71.55333333333333,46,83.3195652173913
Quiet Sydney III,71.54166666666667,59,64.96271186440678
Bogota Algorithm,71.54,65,58.96923076923077
Burning River,71.52833333333334,49,72.99795918367347
Lisbon Frequency II,71.52833333333334,54,67.3425925925926
Cairo Protocol,71.47,55,76.44363636363636
Neon Horizon II,71.44833333333334,69,57.53188405797101
Wild Empire II,71.44666666666667,41,81.6829268292683
Crimson Circuit,71.445,68,64.33235294117648
Golden Legacy,71.40666666666667,52,60.13653846153846
The Verdict of Cairo III,71.38833333333334,47,69.56808510638298
Hollow Expedition II,71.37833333333333,67,65.90298507462687
Toronto Syndicate,71.365,60,87.025
Glass Istanbul V,71.29166666666667,56,67.59821428571429
Sydney Echoes III,71.29166666666667,46,73.80217391304348
Tokyo Circuit VII,71.27666666666667,47,75.20212765957447
Iron Istanbul II,71.23,68,68.30735294117646
Marseille Cipher,71.22833333333334,44,73.02954545454546
Golden Mirror,71.22,53,76.79056603773586
Golden Pact,71.21166666666667,50,80.632
Hamburg Protocol III,71.18833333333333,56,61.517857142857146
Tender Empire,71.17166666666667,55,62.11272727272727
Hidden Horizon III,71.16333333333333,64,62.925
Sydney Lighthouse III,71.12833333333333,51,65.37450980392157
Mumbai Anatomy,71.11,50,61.39
The Circuit of Tokyo III,71.09833333333333,46,62.65869565217392
Frozen Berlin II,71.08333333333333,59,74.51864406779661
Brilliant Mirror,71.06,51,65.30392156862744
The Expedition of Jakarta II,71.04833333333333,55,69.19818181818182
Electric Promise II,71.02666666666667,54,80.52037037037037
Crooked Cairo III,71.02666666666667,58,54.82931034482758
The Cipher of Berlin,70.96666666666667,58,65.55344827586207
Reckless Mirror IV,70.965,55,62.43090909090909
The Throne of Lisbon,70.935,75,59.73199999999999
Seoul Empire IV,70.93333333333334,39,57.43333333333334
Bangkok Horizon II,70.92833333333333,65,65.4723076923077
Hamburg Paradox,70.925,64,67.84375
Last Affair,70.92333333333333,52,73.72115384615384
Rising Lisbon,70.88333333333333,56,60.75892857142857
The Pact of Detroit III,70.87,51,60.864705882352936
Tokyo Ledger III,70.86833333333334,50,78.024
Tokyo Promise V,70.83333333333333,65,62.863076923076925
Frozen Tokyo III,70.81833333333333,70,67.45142857142858
The Legacy of Berlin II,70.81833333333333,68,57.858823529411765
Marseille Throne III,70.80166666666666,55,75.72181818181818
The Promise of Naples II,70.8,49,76.73061224489797
Burning Bangkok II,70.77,52,85.06153846153846
Crooked Detroit II,70.75166666666667,25,56.604
Tender Madrid II,70.75,78,59.15769230769231
Distant Cairo II,70.735,56,66.48571428571428
The Paradox of Mumbai IV,70.7,48,71.86041666666667
Golden Protocol II,70.69,76,52.1578947368421
Cairo Harvest III,70.68,40,78.5325
Velvet Paradox III,70.67666666666666,57,65.26140350877193
The Promise of Berlin II,70.67,37,76.39729729729729
Gilded Storm II,70.66333333333334,107,49.53644859813084
Sydney Storm,70.655,91,63.816483516483515
The Affair of Toronto III,70.64333333333333,64,61.9
Bogota Affair III,70.63333333333334,58,58.92758620689656
Paper Sydney,70.60166666666667,50,71.192
Hamburg Expedition,70.59166666666667,52,63.62884615384615
Jakarta Tide II,70.56333333333333,54,67.58703703703704
The River of Sydney,70.55166666666666,56,72.6875
The Promise of Detroit VI,70.54333333333334,43,72.38139534883722
The Kingdom of Hamburg III,70.53,68,57.09411764705882
Whispering Pact,70.525,62,65.62741935483871
Distant Mumbai,70.50333333333333,50,70.50399999999999
Eternal Mumbai IV,70.50166666666667,62,63.769354838709674
Toronto Pact III,70.5,58,66.3
Iron Garden,70.495,57,53.76842105263158
The Departure of Berlin II,70.49166666666667,44,68.6590909090909
Seoul Frequency,70.49166666666666,80,74.47125
The Algorithm of Sydney,70.46833333333333,61,58.74262295081967
Phantom Empire,70.43666666666667,60,71.86833333333334
Whispering River,70.4,50,52.466
The Harvest of Bogota,70.39833333333333,56,49.301785714285714
Bogota Throne IV,70.395,63,74.4968253968254
Bitter Expedition II,70.38666666666667,39,81.41794871794872
Rising Protocol,70.38,52,65.48846153846154
Golden Toronto VII,70.37166666666667,120,50.26583333333333
The Reckoning of Bogota VII,70.36666666666666,39,78.44871794871794
Hamburg Odyssey VI,70.32833333333333,49,62.857142857142854
The Shadows of Madrid III,70.29666666666667,52,64.375
Seoul Confession III,70.295,46,63.2304347826087
Electric Lagos III,70.28,82,58.428048780487806
The Horizon of Bangkok,70.23833333333333,70,60.80714285714286
Frozen Oslo V,70.23333333333333,59,59.03220338983051
Glass Empire IV,70.225,55,64.3709090909091
Phantom Madrid II,70.22166666666666,77,70.15714285714286
The Lighthouse of Seoul IV,70.21333333333334,67,56.13880597014926
Bogota Throne III,70.185,72,57.90972222222222
Last Odyssey,70.14833333333333,48,65.93541666666667
Falling Berlin II,70.135,53,67.85660377358491
Distant Berlin III,70.08666666666667,55,61.663636363636364
The Heist of Lisbon III,70.07166666666667,53,84.38490566037736
Toronto Kingdom,70.06833333333333,55,54.98727272727273
Forgotten Sanctuary II,70.05833333333334,62,57.95
The Requiem of Toronto III,70.04,64,63.14375
Brilliant Syndicate II,70.025,48,61.645833333333336
Hamburg Lighthouse VII,70.01166666666667,68,59.40588235294118
Phantom Mumbai,70.01166666666667,58,65.25
Brilliant Departure,70.00166666666667,56,70.10535714285714
The Throne of Bangkok,69.99833333333333,108,56.36296296296296
Burning Bogota II,69.98666666666666,60,63.625
Midnight Departure,69.98166666666667,46,79.3695652173913
Marseille Heist II,69.94666666666667,64,65.575
The Crown of Berlin II,69.94166666666666,85,70.53411764705882
Marseille Lighthouse III,69.91666666666667,48,67.22291666666666
The Ledger of Istanbul III,69.915,50,62.61600000000001
Hollow Naples V,69.90833333333333,47,58.329787234042556
Hamburg Lighthouse II,69.90333333333334,54,75.40370370370371
Sydney Storm II,69.89833333333333,64,72.8203125
Savage Tokyo III,69.895,49,79.97551020408163
The Empire of Jakarta III,69.89166666666667,60,63.54333333333333
Bitter Jakarta II,69.81666666666666,49,70.06938775510204
Lagos Requiem II,69.78,42,76.68333333333332
Sydney Empire III,69.77666666666667,68,55.97205882352941
Crimson Garden,69.74833333333333,42,79.07619047619048
Broken Frequency,69.73833333333333,62,58.17741935483871
Savage Departure,69.73666666666666,73,69.88767123287671
The Odyssey of Berlin III,69.72333333333333,54,66.78333333333333
Lagos Lighthouse III,69.72166666666666,63,66.4015873015873
Rising Madrid III,69.71000000000001,54,67.94444444444444
The Mirror of Cairo III,69.69666666666667,56,62.74285714285714
Bitter Lisbon IV,69.69,53,82.18679245283018
The Odyssey of Berlin II,69.675,51,70.66470588235295
Bitter Circuit II,69.64833333333333,70,67.0657142857143
The Horizon of Detroit,69.64333333333333,61,58.05245901639344
Falling Shadows,69.60666666666667,74,60.03918918918919
Crimson Sydney III,69.59833333333333,57,67.84210526315789
The Harvest of Madrid V,69.595,60,54.80166666666666
Toronto Legacy II,69.585,45,56.57111111111111
Gilded Echoes,69.585,57,69.75964912280702
The Confession of Naples II,69.54166666666667,44,61.975
The Departure of Detroit IV,69.53,48,70.65208333333334
Golden Lighthouse,69.505,56,69.59642857142858
Scarlet Madrid IV,69.50333333333333,47,73.93829787234043
The Empire of Marseille III,69.48833333333333,47,66.6936170212766
Eternal Mumbai VII,69.47666666666667,52,70.325
Broken Oslo III,69.46833333333333,44,72.87272727272727
The Syndicate of Cairo V,69.46166666666666,46,74.87173913043478
The Reckoning of Hamburg,69.45,60,63.70666666666667
The Departure of Tokyo III,69.43,37,75.04594594594595
Electric Pact,69.41333333333333,59,60.83898305084746
Savage Verdict,69.405,69,55.87101449275362
Neon Odyssey IV,69.39333333333333,54,60.71666666666666
Gilded Pact,69.37666666666667,56,80.80357142857143
The Heist of Detroit III,69.36333333333333,57,61.35964912280702
Hollow Syndicate,69.28833333333333,86,75.52906976744185
Wild Tokyo III,69.27,56,57.982142857142854
Quiet Jakarta II,69.26833333333333,71,54.20422535211268
The Inheritance of Bogota,69.26,46,65.46521739130435
The Reckoning of Bangkok IV,69.21666666666667,60,74.42
Madrid Echoes II,69.195,57,72.83684210526316
The Pact of Jakarta III,69.18833333333333,48,75.85833333333333
Bitter Marseille,69.18666666666667,90,61.50222222222222
The Ledger of Jakarta II,69.18166666666667,59,57.19661016949152
The River of Toronto,69.18,57,57.791228070175436
Tender Algorithm,69.17833333333333,70,58.71285714285714
Bangkok Requiem III,69.175,50,75.452
The Harvest of Bogota II,69.15,37,76.28648648648648
The Pact of Sydney,69.15,40,85.00750000000001
Hollow Cairo II,69.14833333333334,55,69.84181818181818
Broken Lighthouse III,69.12,57,62.729824561403504
The Kingdom of Sydney II,69.11333333333333,45,63.120000000000005
The Garden of Bogota IV,69.06833333333333,47,65.32127659574468
Whispering Storm III,69.03166666666667,61,77.1622950819672
Paper Throne III,69.02333333333334,59,54.84237288135593
The Horizon of Tokyo III,69.02,76,74.6421052631579
Lisbon Algorithm IV,69.01666666666667,87,47.12758620689656
Tender Pact III,68.99833333333333,44,79.06136363636364
The Reckoning of Detroit VII,68.98666666666666,42,70.91190476190476
The Promise of Detroit VII,68.97666666666667,59,68.75593220338983
Sydney Paradox,68.96666666666667,69,61.19565217391305
Reckless Storm,68.92833333333333,61,75.32786885245902
Golden Kingdom II,68.92166666666667,54,70.2537037037037
Bangkok Odyssey III,68.91666666666667,70,72.04
The Algorithm of Bogota III,68.905,60,71.77666666666667
The Empire of Berlin VI,68.88,60,59.89833333333333
Burning Verdict,68.87666666666667,59,72.96271186440678
Mumbai Promise II,68.87166666666667,61,70.55901639344263
Toronto Horizon IV,68.86333333333333,56,71.62857142857142
Cairo Storm II,68.86166666666666,84,61.483333333333334
Toronto Heist V,68.82833333333333,44,73.32272727272726
Brilliant Lisbon,68.79333333333334,55,57.28727272727273
The River of Marseille,68.78166666666667,59,52.20169491525424
The Reckoning of Seoul II,68.78,53,74.87169811320754
Neon Garden III,68.77833333333334,43,53.604651162790695
Hidden Jakarta IV,68.74833333333333,60,67.4
Mumbai Cipher III,68.745,56,58.92142857142857
The River of Madrid II,68.715,43,73.17906976744186
The Legacy of Istanbul,68.715,57,60.27368421052631
Eternal Inheritance II,68.67333333333333,46,64.44130434782609
Iron Bangkok,68.65833333333333,56,63.957142857142856
Toronto Circuit,68.65666666666667,53,70.66603773584906
Jakarta Requiem III,68.60000000000001,55,57.56545454545454
Tender Mumbai II,68.585,49,77.75510204081633
Reckless Jakarta III,68.52166666666666,52,61.276923076923076
Burning Shadows II,68.51,55,69.20727272727272
The Departure of Tokyo,68.47833333333334,39,72.64358974358974
Endless Tokyo III,68.45,54,63.37407407407407
Shattered Throne II,68.435,43,72.33488372093024
The Kingdom of Cairo II,68.42166666666667,46,76.2804347826087
Falling Detroit IV,68.42,50,60.812
Sydney Frequency III,68.38666666666667,62,63.02258064516129
Neon Circuit II,68.38166666666666,55,76.91636363636363
Endless Kingdom II,68.37833333333333,57,69.88070175438597
Crooked Anatomy III,68.355,40,81.375
The Frequency of Tokyo II,68.32166666666667,61,62.22786885245902
The Protocol of Lisbon III,68.32,53,64.45094339622642
Mumbai Sanctuary II,68.31333333333333,49,52.285714285714285
Whispering Naples VI,68.31333333333333,56,56.746428571428574
Whispering Sanctuary,68.29833333333333,48,73.60208333333334
Restless Promise IV,68.29666666666667,51,69.8686274509804
Tender Pact,68.29333333333334,55,58.654545454545456
Crooked Oslo,68.28333333333333,52,82.07499999999999
Wild Reckoning II,68.23333333333333,53,71.52264150943395
Distant Lagos II,68.23,60,60.91166666666666
Lagos Throne II,68.22166666666666,69,63.78550724637681
Lagos Cipher,68.19833333333334,52,60.52307692307692
Shattered Tide,68.19333333333333,42,70.5904761904762
Toronto Lighthouse II,68.19,53,68.30754716981133
The Throne of Mumbai IV,68.185,45,75.75333333333333
Jakarta Confession II,68.16666666666667,60,72.51333333333334
Golden Reckoning,68.08166666666666,51,77.02156862745097
Wild Promise,68.07166666666667,48,69.18541666666667
Istanbul Requiem VII,68.04166666666667,60,54.434999999999995
Rising Frequency,68.01833333333333,54,61.44814814814814
Burning Horizon,68.00833333333334,65,60.95846153846154
The Reckoning of Oslo II,67.97666666666667,70,46.98571428571429
Jakarta Empire II,67.93333333333334,75,44.916
The Mirror of Seoul II,67.89,51,57.46666666666667
Lagos Echoes,67.87833333333333,50,63.636
Crimson Empire,67.845,49,58.51428571428571
Midnight Bangkok V,67.81833333333333,99,52.025252525252526
Whispering Berlin III,67.78833333333333,53,63.424528301886795
Lost Seoul,67.77833333333334,57,59.449122807017545
Cairo Odyssey II,67.77166666666666,58,57.467241379310344
Midnight Sanctuary,67.76833333333333,48,79.91041666666666
Tokyo Anatomy II,67.76333333333334,67,63.21492537313432
Wild Marseille VI,67.75833333333333,51,64.2843137254902
The Cipher of Naples,67.75333333333333,60,71.32
The Harvest of Madrid,67.745,53,54.009433962264154
The Affair of Hamburg IV,67.715,64,55.6890625
The Throne of Lagos V,67.70166666666667,55,56.81454545454546
Shattered Istanbul V,67.69333333333333,45,66.35555555555555
Wild Inheritance IV,67.68666666666667,60,57.85
The Shadows of Madrid VI,67.66166666666666,51,68.02745098039216
Madrid Frequency,67.66166666666666,80,68.575
Glass Madrid II,67.63833333333334,70,63.71571428571429
The Pact of Tokyo V,67.63333333333333,43,66.45348837209302
The Empire of Madrid III,67.62666666666667,62,72.71935483870968
Glass Mumbai II,67.61333333333333,53,55.866037735849055
Restless Affair,67.545,48,77.45833333333333
The Frequency of Seoul,67.54166666666667,59,66.05084745762711
Hamburg Verdict II,67.51833333333333,76,62.715789473684204
Phantom Marseille III,67.48666666666666,64,56.4953125
Sacred Promise III,67.485,49,57.78775510204081
The Protocol of Cairo II,67.44166666666666,42,71.89761904761905
Naples Verdict II,67.43833333333333,55,81.74727272727273
The Expedition of Sydney V,67.40666666666667,48,73.90416666666667
Madrid Paradox III,67.38333333333334,45,68.06222222222223
The Frequency of Berlin IV,67.36333333333333,70,74.99142857142857
Distant Bogota IV,67.325,49,72.31020408163265
Istanbul Anatomy III,67.32,46,73.77608695652174
Restless Harvest,67.29333333333334,41,69.35365853658537
The Requiem of Mumbai IV,67.27666666666667,60,59.01166666666666
Glass Throne II,67.25833333333334,69,62.88695652173913
Jakarta Harvest,67.25833333333334,65,64.00615384615384
Madrid Odyssey V,67.24333333333334,49,60.54081632653061
The Pact of Seoul VI,67.20833333333333,58,57.46551724137931
The Affair of Sydney VI,67.2,53,65.58301886792454
Jakarta Algorithm III,67.18833333333333,45,71.10222222222222
Burning Bangkok III,67.17333333333333,44,68.86590909090908
The Reckoning of Tokyo,67.16833333333334,63,58.68571428571428
The Ledger of Bogota,67.155,50,62.476000000000006
Bitter Naples III,67.14,39,71.23333333333333
Hidden Circuit,67.13833333333334,49,81.40408163265306
Bitter Algorithm,67.13666666666667,55,61.027272727272724
Gilded Horizon,67.125,34,80.03823529411765
Detroit Ledger II,67.11166666666666,42,73.18333333333332
Lost Throne,67.10833333333333,54,63.73148148148148
Toronto Departure IV,67.10166666666667,44,83.95
Madrid Expedition III,67.095,67,74.1820895522388
Hollow Cipher II,67.07833333333333,48,67.60416666666667
Paper Confession V,67.07333333333334,39,61.42564102564102
Bitter Storm,67.05666666666667,63,70.17301587301587
Endless Mumbai V,67.045,42,62.19523809523809
Frozen Marseille V,67.01166666666667,45,68.73555555555555
The Garden of Hamburg,67.00833333333334,60,54.041666666666664
Distant Frequency,67.005,45,77.02
Savage Sydney III,67.00333333333333,56,56.073214285714286
Brilliant River II,67.0,51,67.37450980392157
Forgotten Naples V,66.94333333333333,51,75.72156862745098
The Expedition of Detroit III,66.93833333333333,56,71.0125
Bogota Shadows II,66.93666666666667,61,65.18688524590164
Whispering Madrid,66.88,46,70.92608695652174
Golden Affair II,66.865,49,66.0326530612245
Velvet Cairo III,66.85666666666667,66,64.6530303030303
The Affair of Marseille IV,66.85166666666666,59,65.37288135593221
Toronto Verdict,66.84,58,69.1448275862069
Hamburg Promise,66.84,61,59.77049180327869
Shattered Oslo II,66.825,60,62.45166666666667
The Reckoning of Sydney II,66.81,54,66.27407407407408
Phantom Syndicate,66.8,41,84.27073170731707
Seoul Affair II,66.79333333333334,59,71.5
Hidden Protocol,66.74166666666666,47,66.04468085106383
Sacred Cairo II,66.74,57,75.54035087719299
Velvet Jakarta,66.74,47,61.742553191489364
The Syndicate of Madrid V,66.73333333333333,50,69.028
Bogota Odyssey III,66.71166666666667,83,55.43493975903615
Last Marseille II,66.69500000000001,54,67.98703703703704
Bangkok Mirror III,66.67666666666666,79,54.446835443037976
The Confession of Detroit VI,66.64833333333334,62,55.59516129032258
The Shadows of Madrid,66.63,51,61.72352941176471
Crooked Protocol II,66.61,45,69.93555555555555
The Lighthouse of Marseille II,66.57666666666667,45,73.36666666666666
Wild Bangkok IV,66.56333333333333,46,59.0695652173913
The Garden of Lisbon II,66.56,54,61.120370370370374
Forgotten Tokyo,66.54166666666667,61,60.036065573770486
The Shadows of Istanbul III,66.535,43,68.76976744186047
The Reckoning of Berlin III,66.525,74,69.16216216216216
Phantom Bogota,66.52333333333333,40,69.2875
Paper Berlin,66.51333333333334,63,43.08412698412699
Quiet Tide II,66.49666666666667,86,45.47906976744186
The Requiem of Marseille II,66.49166666666666,49,74.70204081632653
Endless Verdict III,66.48833333333333,47,79.32978723404256
Crooked Detroit V,66.44666666666667,61,59.40819672131148
Last Empire,66.43666666666667,54,60.01111111111111
Oslo Crown II,66.43333333333334,56,56.041071428571435
The Syndicate of Jakarta,66.42833333333333,50,71.83
Scarlet Mumbai,66.42833333333333,51,76.62352941176471
The Harvest of Berlin,66.42166666666667,52,74.40576923076922
Savage Expedition II,66.415,50,47.16
Istanbul Syndicate II,66.39333333333333,63,58.54920634920635
Endless Cairo V,66.36666666666666,48,65.33333333333333
Berlin Cipher II,66.365,51,78.87254901960785
The Throne of Hamburg,66.35666666666667,49,60.64489795918367
Jakarta Lighthouse IV,66.34,58,66.62413793103448
Naples Echoes,66.33666666666667,57,59.68421052631579
The Throne of Mumbai VI,66.33,61,70.15409836065574
The Empire of Madrid IV,66.30333333333333,75,63.906666666666666
Endless Mumbai III,66.27666666666667,60,61.93666666666666
Distant Promise II,66.27333333333334,44,70.05227272727274
Broken Syndicate,66.26333333333334,53,69.4566037735849
Falling Throne,66.255,62,58.288709677419355
Crimson Expedition II,66.24,53,65.20754716981132
Falling Affair II,66.23166666666667,70,66.00714285714285
Lagos Garden IV,66.215,50,59.744
Velvet Jakarta V,66.21333333333334,48,64.67291666666667
Frozen Garden II,66.155,66,67.57272727272728
Forgotten Berlin V,66.14333333333333,56,64.42142857142856
The Inheritance of Mumbai,66.115,65,68.57076923076923
Falling Affair,66.10166666666667,64,43.0359375
Shattered Echoes,66.095,68,75.74558823529412
Mumbai Kingdom III,66.05833333333334,53,59.83207547169811
Istanbul Verdict II,65.98333333333333,70,60.17285714285715
The Echoes of Lisbon,65.97666666666667,50,64.368
Glass Crown II,65.97666666666667,57,56.46140350877193
Rising Marseille,65.86833333333334,66,57.57727272727273
Bitter Empire,65.85666666666667,43,74.70930232558139
Frozen Shadows,65.85166666666667,77,51.83766233766234
Berlin Expedition IV,65.83,71,67.01549295774649
Tender Tide,65.78333333333333,39,76.66666666666667
The Departure of Bangkok V,65.78,60,62.05333333333333
Shattered Algorithm II,65.76166666666667,38,72.60526315789474
The Throne of Oslo,65.75333333333333,58,67.34655172413792
Last Lisbon III,65.75166666666667,38,66.5578947368421
Forgotten Sanctuary,65.74333333333334,55,71.01818181818182
Endless Expedition IV,65.74333333333334,50,73.05199999999999
Golden Requiem II,65.73166666666667,56,75.7375
Detroit Paradox V,65.72166666666666,47,65.04255319148936
Lagos Paradox III,65.70666666666666,59,78.59661016949153
Istanbul Shadows,65.68,52,69.5173076923077
Wild Horizon,65.675,42,77.52380952380952
Crooked Seoul III,65.675,55,74.63818181818182
Jakarta Garden II,65.65666666666667,41,68.63170731707318
Scarlet Toronto,65.62666666666667,53,70.7490566037736
The Sanctuary of Tokyo III,65.61333333333333,83,63.23253012048193
The Protocol of Detroit III,65.60666666666667,53,75.01132075471698
Frozen Kingdom,65.60666666666667,46,60.26521739130435
Jakarta River,65.59833333333333,53,59.888679245283015
Distant Detroit III,65.58666666666667,57,55.67719298245614
Lost Circuit II,65.56,61,67.18032786885246
Glass Reckoning,65.55,45,61.54222222222222
Quiet Paradox,65.545,42,72.58333333333333
The Pact of Berlin II,65.54,49,65.78163265306122
Cairo Departure,65.53999999999999,53,54.15471698113207
Falling Cairo III,65.505,65,59.86615384615384
Glass Hamburg V,65.49166666666666,50,53.104
Neon Garden II,65.49166666666666,49,63.142857142857146
Bangkok Ledger II,65.48833333333333,49,53.45510204081633
Tokyo Ledger V,65.43333333333334,61,77.53606557377049
Seoul Protocol IV,65.4,51,62.05294117647058
Seoul Empire III,65.38,49,62.05918367346939
The Kingdom of Lagos,65.365,115,59.823478260869564
Golden Anatomy II,65.33833333333334,49,58.40816326530612
Whispering Marseille III,65.325,50,71.258
Savage Mirror,65.325,45,68.58666666666667
The Lighthouse of Marseille V,65.29,48,70.35208333333334
Neon River II,65.27666666666667,43,63.6953488372093
Lost Sydney II,65.22833333333334,52,67.19807692307693
The Algorithm of Istanbul IV,65.22,45,60.80888888888889
Detroit Storm III,65.21666666666667,44,73.49090909090908
Scarlet Circuit,65.20833333333333,53,72.36981132075472
Frozen Tokyo V,65.18833333333333,45,66.35333333333334
Reckless Anatomy III,65.18833333333333,51,67.8686274509804
Last Requiem,65.12666666666667,53,66.4245283018868
Paper Toronto,65.125,52,59.63269230769231
The Frequency of Berlin III,65.125,52,69.57115384615385
Sydney Crown II,65.12,61,74.48032786885246
Madrid Expedition,65.11333333333333,62,49.61774193548387
The Pact of Lagos III,65.11166666666666,62,64.95645161290322
Lagos River III,65.1,56,49.81785714285714
Hollow Bogota II,65.075,51,52.43921568627451
The Harvest of Seoul,65.07166666666667,42,73.19047619047619
Eternal Seoul IV,65.06166666666667,60,58.61833333333333
Crimson Departure II,65.04,67,62.63134328358209
Bangkok Lighthouse,65.03,55,57.68181818181818
Forgotten Berlin II,65.02833333333334,55,63.90363636363636
Brilliant Confession,65.02833333333334,60,78.35
The Pact of Seoul II,65.025,54,71.53888888888889
Phantom Tokyo II,65.01833333333333,75,54.178666666666665
Last Ledger,65.015,67,68.49850746268656
Frozen Affair II,65.01166666666667,44,61.565909090909095
Whispering Seoul III,65.005,53,71.44528301886793
Paper Lisbon III,64.995,61,51.98360655737705
Savage Marseille,64.99333333333334,57,52.62982456140351
Sacred Bogota V,64.99166666666666,61,59.18688524590164
The Mirror of Berlin,64.97,55,77.04181818181819
The Departure of Bangkok VI,64.94333333333333,50,54.122
Paper Odyssey,64.915,57,62.11929824561404
The Reckoning of Mumbai II,64.86666666666666,42,64.8
Jakarta Promise,64.85833333333333,65,51.613846153846154
Bitter Bogota V,64.845,54,55.42777777777778
Savage Cairo II,64.83333333333333,48,63.324999999999996
Savage Expedition,64.80666666666667,66,68.49545454545455
The Algorithm of Berlin V,64.80333333333333,56,60.37678571428571
Whispering Hamburg II,64.8,55,62.01090909090909
Distant Jakarta II,64.775,42,79.77142857142857
Seoul Anatomy V,64.775,50,70.676
The Kingdom of Lisbon II,64.765,62,52.24032258064516
The Sanctuary of Detroit III,64.755,54,66.62777777777778
Rising Departure,64.75,51,62.437254901960785
Lost Promise III,64.745,58,72.81206896551724
Hollow Lagos VI,64.73333333333333,62,56.44193548387097
Scarlet Affair II,64.72,56,67.98214285714286
Jakarta Throne II,64.71833333333333,51,69.2156862745098
Naples Syndicate,64.71666666666667,61,69.94918032786885
Savage Cairo III,64.70833333333333,51,56.39411764705882
Tender Bogota V,64.70333333333333,56,61.894642857142856
Shattered Reckoning,64.69833333333334,82,62.28536585365853
The Legacy of Lagos VII,64.675,47,73.06170212765957
Detroit Requiem II,64.65833333333333,50,61.1
Madrid Empire VI,64.63333333333334,74,60.23918918918919
Endless Verdict II,64.63,54,66.49259259259259
Broken Legacy II,64.62166666666667,51,71.05686274509804
Oslo Legacy II,64.62,51,67.27843137254902
Wild Berlin III,64.61833333333334,65,62.784615384615385
Falling Jakarta II,64.61666666666666,59,81.13220338983051
The Ledger of Oslo,64.61666666666666,48,56.88333333333333
The Lighthouse of Bangkok V,64.61,44,68.83636363636364
Quiet Seoul,64.535,54,77.10370370370372
Velvet Tokyo II,64.535,84,52.97857142857143
Velvet Requiem III,64.53,59,73.72881355932203
Paper Lisbon IV,64.515,64,57.05625
Seoul Lighthouse,64.51333333333334,69,63.03188405797101
Rising Marseille II,64.5,45,78.90444444444444
The Promise of Madrid,64.49666666666667,51,75.1313725490196
The Mirror of Jakarta III,64.495,80,49.36125
Wild Expedition II,64.49333333333334,47,74.85106382978724
The Verdict of Bangkok III,64.47833333333334,61,55.636065573770495
Bangkok River,64.455,53,63.99811320754717
Burning Seoul II,64.435,38,71.13947368421053
The Frequency of Tokyo III,64.42333333333333,55,60.59090909090909
Lagos Heist IV,64.42333333333333,55,63.31636363636364
The Confession of Istanbul III,64.42,44,73.21136363636364
Paper Protocol III,64.38333333333334,52,66.92307692307692
Toronto Ledger II,64.36666666666666,56,55.16428571428571
The Circuit of Jakarta III,64.36,59,50.344067796610176
Neon River IV,64.355,49,59.25102040816327
The Horizon of Naples II,64.31,46,71.08478260869565
Glass Throne III,64.30166666666666,52,85.27307692307691
The Departure of Marseille,64.3,56,66.89464285714286
The Syndicate of Detroit II,64.29833333333333,56,74.88035714285715
Glass Bogota,64.28,52,78.9076923076923
Bitter Inheritance II,64.27166666666666,51,59.07450980392157
Toronto Garden II,64.26,83,82.94337349397591
Seoul Legacy IV,64.25833333333333,66,64.9090909090909
Sydney Shadows II,64.24833333333333,48,55.76666666666667
Crimson Algorithm III,64.23833333333333,64,55.7640625
The Heist of Bogota II,64.22333333333333,54,75.1148148148148
Broken Inheritance II,64.21666666666667,55,62.00545454545455
Broken Berlin IV,64.18666666666667,48,66.31666666666666
Hamburg Shadows III,64.18166666666667,91,50.98351648351648
Crimson Garden II,64.17166666666667,62,54.00483870967742
Hollow Hamburg,64.16666666666667,45,74.39111111111112
Restless Jakarta II,64.165,48,74.26458333333333
Glass Mumbai,64.15666666666667,36,75.29166666666667
The Expedition of Lisbon,64.135,60,61.080000000000005
Bitter Berlin,64.115,64,80.1375
The Crown of Lisbon II,64.09333333333333,58,75.33793103448276
Hidden Heist V,64.06166666666667,54,74.14999999999999
Neon Cairo III,64.02333333333333,46,59.64782608695653
Crooked Sanctuary II,64.01333333333334,48,72.08958333333334
Sydney Verdict,63.983333333333334,46,60.47608695652174
Midnight Lisbon,63.983333333333334,71,60.75352112676056
The Legacy of Lagos IV,63.97666666666667,58,64.25172413793103
Bangkok Reckoning,63.910000000000004,54,58.68518518518518
The Storm of Naples,63.89833333333333,49,61.12040816326531
Sydney Garden,63.89,32,74.40625
Gilded Sydney,63.885,44,72.59318181818182
The Departure of Oslo,63.873333333333335,66,59.86363636363637
The Affair of Seoul II,63.861666666666665,37,75.04054054054055
Scarlet Legacy III,63.85166666666667,59,59.03220338983051
Neon Verdict,63.85,56,61.63928571428572
Whispering Tokyo VI,63.848333333333336,82,51.90365853658537
Gilded Mumbai,63.833333333333336,45,85.11111111111111
Shattered Lisbon IV,63.818333333333335,48,71.22500000000001
Electric Berlin III,63.80833333333334,55,59.00545454545455
Shattered Legacy,63.795,84,50.06904761904762
Midnight Tokyo VI,63.79333333333334,54,58.59074074074074
Whispering Harvest II,63.79,39,67.68461538461538
The Tide of Detroit III,63.78666666666667,58,57.87758620689655
Silent River,63.769999999999996,80,59.786249999999995
Jakarta Protocol V,63.76833333333334,45,69.1288888888889
Naples Inheritance IV,63.73,47,72.63829787234043
The Circuit of Berlin III,63.72666666666667,60,52.24166666666667
Tender Requiem II,63.71333333333333,49,66.67755102040816
The Heist of Hamburg,63.693333333333335,53,68.66981132075472
Endless Sydney V,63.68666666666667,50,59.698
Toronto Inheritance,63.68,43,77.94651162790697
Paper Bogota II,63.67666666666666,53,57.216981132075475
Naples Kingdom IV,63.65833333333333,80,65.40875
The Affair of Hamburg V,63.638333333333335,66,73.22575757575757
Wild Marseille VII,63.63333333333333,50,70.048
Restless Ledger II,63.623333333333335,48,64.15208333333334
The Echoes of Detroit II,63.62166666666666,50,62.076
Detroit Affair,63.62,56,52.832142857142856
Burning Departure,63.61333333333333,57,70.49824561403508
Hollow Detroit,63.59166666666667,60,68.375
Sacred Anatomy,63.531666666666666,54,64.75740740740741
The Requiem of Seoul III,63.526666666666664,51,62.27647058823529
Cairo Echoes,63.519999999999996,53,52.87735849056604
Savage Sanctuary,63.505,56,63.6
Frozen Mumbai,63.5,63,58.15396825396825
Hamburg Lighthouse IV,63.458333333333336,42,69.20952380952382
The Legacy of Marseille II,63.446666666666665,53,63.56603773584906
Electric Shadows II,63.435,55,60.69636363636364
Seoul Promise,63.42166666666667,58,58.58793103448276
Toronto Departure V,63.41833333333334,56,75.49821428571428
The Affair of Madrid,63.391666666666666,80,66.96625
Hidden Naples II,63.38333333333333,64,51.221875
Detroit Promise II,63.376666666666665,43,71.31395348837209
Lost Lisbon II,63.36,75,66.69466666666668
Detroit Frequency,63.345,50,69.10600000000001
The Legacy of Lisbon II,63.343333333333334,54,61.19444444444444
Cairo Ledger,63.34166666666667,48,72.64999999999999
Marseille Ledger IV,63.32,49,66.27755102040817
Madrid Pact II,63.29,55,56.13454545454545
Tender Berlin,63.27,51,60.03137254901961
Neon Bangkok,63.225,85,63.756470588235295
Naples Pact,63.22,67,65.07462686567165
Bitter Lagos,63.211666666666666,76,51.45131578947368
The Cipher of Marseille VI,63.211666666666666,63,76.2047619047619
Broken Istanbul III,63.205,59,60.644067796610166
Bitter Crown II,63.196666666666665,63,52.804761904761904
Madrid Crown II,63.19,46,59.72608695652174
The Requiem of Bogota III,63.17166666666667,40,70.185
Whispering Expedition II,63.15166666666667,56,59.357142857142854
Oslo Tide IV,63.123333333333335,45,65.24666666666667
Frozen Tokyo II,63.11666666666667,59,64.83220338983051
Istanbul Echoes III,63.11166666666667,44,67.77499999999999
Shattered Throne,63.093333333333334,56,65.00178571428572
Bangkok Mirror,63.075,52,69.97884615384615
The Cipher of Lagos,63.071666666666665,46,76.87826086956522
Cairo Crown III,63.068333333333335,50,53.298
Falling Sanctuary,63.053333333333335,66,58.486363636363635
Eternal Ledger II,63.05166666666667,56,63.137499999999996
The Mirror of Marseille IV,63.045,46,60.46739130434783
Lagos Anatomy,63.01,56,69.59285714285714
The Syndicate of Toronto II,62.99333333333333,47,68.15531914893617
Seoul Verdict IV,62.99333333333333,54,54.257407407407406
Bangkok Syndicate VII,62.98166666666667,50,67.486
Oslo Lighthouse III,62.931666666666665,53,62.494339622641505
Madrid Sanctuary,62.931666666666665,58,70.76206896551724
Neon Echoes,62.901666666666664,65,63.120000000000005
The Inheritance of Seoul,62.87833333333333,62,71.58870967741936
Oslo Odyssey II,62.87166666666667,46,66.13913043478261
Mumbai Harvest,62.86333333333334,49,61.08775510204082
The Inheritance of Lisbon III,62.83833333333333,61,67.18524590163935
Madrid Heist II,62.82833333333333,49,67.48163265306123
The Tide of Lisbon V,62.825,60,56.595000000000006
Falling Frequency IV,62.805,44,64.875
Savage Bangkok III,62.80166666666667,47,59.38297872340426
Berlin Sanctuary IV,62.78666666666667,61,77.19016393442624
Silent Istanbul,62.78,44,79.26818181818182
Bogota Expedition III,62.77333333333333,44,67.93863636363636
The Departure of Marseille II,62.74,50,61.211999999999996
Oslo Verdict IV,62.733333333333334,51,57.219607843137254
The Heist of Naples,62.730000000000004,53,71.72830188679245
The Reckoning of Mumbai IV,62.70166666666667,46,77.15217391304348
The Sanctuary of Lisbon IV,62.7,38,71.7421052631579
Oslo Crown,62.69833333333333,47,63.51914893617022
Eternal Mirror IV,62.696666666666665,44,59.78409090909091
Hidden Echoes II,62.69166666666666,55,61.61818181818182
Jakarta Syndicate II,62.681666666666665,59,64.3864406779661
Phantom Tokyo III,62.68,89,68.15617977528089
Bitter Verdict II,62.666666666666664,38,80.44736842105263
The Tide of Bogota,62.65,43,71.07906976744187
The Odyssey of Marseille III,62.63,73,47.221917808219175
The Storm of Jakarta II,62.611666666666665,42,67.25714285714287
Naples Legacy,62.57,45,75.16222222222223
Crooked Jakarta III,62.568333333333335,61,69.94426229508197
Broken Tokyo IV,62.568333333333335,55,71.86363636363636
Tender Madrid,62.555,52,40.09615384615385
Brilliant Inheritance,62.538333333333334,62,56.55806451612903
The Cipher of Detroit II,62.52166666666667,58,58.79482758620689
Whispering Inheritance II,62.50833333333333,48,78.93124999999999
Silent Horizon,62.50666666666667,56,51.13214285714286
Electric Marseille II,62.49166666666667,54,78.90925925925927
Tokyo Tide II,62.49,69,61.75507246376812
Toronto Heist VII,62.48833333333333,61,52.53114754098361
Endless Tokyo IV,62.468333333333334,55,59.265454545454546
The Garden of Oslo,62.46333333333333,49,56.23673469387755
The Inheritance of Bogota II,62.449999999999996,60,61.830000000000005
Tokyo Crown VI,62.43666666666667,59,76.48983050847457
The Anatomy of Seoul II,62.40833333333333,39,80.01282051282051
Sydney Tide II,62.391666666666666,58,62.665517241379305
The Odyssey of Tokyo IV,62.35166666666667,48,61.85833333333333
Paper Legacy,62.343333333333334,76,72.37105263157895
Phantom Bangkok,62.33833333333333,45,69.26888888888888
The Expedition of Bogota,62.31666666666667,48,60.84791666666666
The Lighthouse of Naples,62.30833333333333,49,77.85102040816327
The Expedition of Seoul,62.29833333333333,65,59.283076923076926
The Expedition of Istanbul,62.29,51,69.12745098039215
Toronto Storm II,62.285000000000004,54,64.06851851851852
The Verdict of Naples,62.27666666666667,49,74.76530612244898
The Frequency of Detroit IV,62.255,56,58.010714285714286
Naples Crown VI,62.23833333333334,52,59.849999999999994
The Frequency of Istanbul V,62.21666666666667,51,75.45098039215686
Jakarta Ledger II,62.211666666666666,41,63.66585365853659
Hamburg Departure,62.20666666666667,54,64.0037037037037
Velvet Pact II,62.18833333333333,59,72.69661016949154
Hamburg Inheritance II,62.17666666666667,54,63.38148148148148
Hidden River V,62.175,60,62.79666666666667
Wild River II,62.17,53,67.02264150943395
Paper Confession,62.135,77,53.80259740259741
The Promise of Naples III,62.13,51,58.94901960784314
The Confession of Lagos,62.126666666666665,55,52.943636363636365
Falling Crown IV,62.108333333333334,51,54.529411764705884
Reckless Ledger V,62.105000000000004,41,70.47073170731707
Bogota Heist II,62.10166666666667,51,60.38039215686275
Mumbai Shadows V,62.095,51,58.91764705882353
Whispering Kingdom,62.075,51,62.41960784313726
The Paradox of Lagos II,62.06666666666666,40,77.58250000000001
Endless Frequency III,62.056666666666665,56,58.324999999999996
Marseille Heist,62.056666666666665,73,67.113698630137
Crimson Crown,62.055,73,67.1109589041096
Mumbai Anatomy IV,62.053333333333335,43,60.54651162790697
The Circuit of Bogota II,62.02333333333333,57,48.72105263157894
Bitter Sydney V,61.961666666666666,55,58.77090909090909
Glass Seoul,61.961666666666666,60,60.748333333333335
Restless Sydney,61.931666666666665,50,72.862
Hollow Verdict,61.925000000000004,56,68.39464285714286
Tokyo Garden IV,61.925,57,59.8
Whispering Frequency,61.90833333333333,44,69.2
Restless Seoul,61.89,55,54.01090909090909
Burning Hamburg,61.875,40,68.745
Quiet Tide,61.858333333333334,57,68.53684210526316
Distant River,61.85666666666667,35,76.83428571428571
The Promise of Bogota,61.825,69,50.2463768115942
The Storm of Berlin III,61.805,43,66.84883720930233
Brilliant Cairo V,61.803333333333335,51,77.35882352941177
Bangkok Heist,61.785,39,75.43589743589743
The Empire of Oslo II,61.76166666666667,64,48.653125
Whispering Naples II,61.72666666666667,45,79.13555555555556
Berlin Affair IV,61.721666666666664,60,48.98833333333334
Frozen Algorithm,61.71666666666667,69,59.63333333333333
Velvet Bogota III,61.70166666666667,58,46.93448275862069
Brilliant Seoul IV,61.696666666666665,66,68.4121212121212
Toronto Shadows,61.69,53,62.909433962264146
Endless Departure II,61.68333333333334,43,54.47674418604651
Falling Departure,61.678333333333335,57,70.57368421052631
Iron Syndicate,61.678333333333335,50,61.676
Glass Lagos,61.675,55,59.018181818181816
Velvet Ledger,61.663333333333334,62,76.49838709677418
Eternal Seoul,61.66,49,74.02244897959183
The Pact of Bangkok,61.66,46,50.9
Quiet Istanbul II,61.64,58,60.720689655172414
Frozen Berlin,61.635,49,74.73061224489797
Bitter Naples II,61.52666666666667,47,68.88936170212766
Broken Seoul,61.49166666666667,50,59.996
The Horizon of Seoul IV,61.48833333333334,64,71.1734375
Shattered Storm III,61.485,51,75.34901960784315
Tender Berlin III,61.48166666666667,48,75.34583333333333
Bangkok Reckoning II,61.47666666666667,50,51.242
The Ledger of Hamburg,61.446666666666665,54,72.6351851851852
Frozen Berlin III,61.39833333333333,42,85.1547619047619
Toronto Echoes,61.388333333333335,35,62.64
Lisbon Expedition,61.38666666666666,57,62.74035087719298
Lost Berlin III,61.36666666666667,62,61.86451612903225
Velvet Garden III,61.333333333333336,58,71.29827586206896
Lost River,61.33166666666666,43,62.016279069767435
Last Algorithm II,61.33,53,68.0811320754717
Shattered Mumbai,61.321666666666665,45,58.4
Cairo Kingdom II,61.303333333333335,50,60.29600000000001
Bangkok Storm II,61.288333333333334,51,60.096078431372554
The Kingdom of Toronto II,61.28666666666667,63,60.17777777777778
Neon Paradox,61.27,58,67.4396551724138
The Algorithm of Berlin II,61.27,50,63.934
Shattered Marseille IV,61.25,64,72.6734375
The Verdict of Lagos IV,61.25,58,50.286206896551725
Shattered Marseille,61.245,50,66.818
Forgotten Naples II,61.24166666666667,43,79.11860465116278
The Verdict of Hamburg III,61.24166666666667,44,58.4
Scarlet Storm,61.24166666666667,45,76.31555555555555
Iron Harvest,61.23,54,45.0574074074074
Scarlet Algorithm,61.22666666666667,48,70.86041666666667
Berlin Syndicate II,61.221666666666664,42,69.41190476190476
Sacred Legacy II,61.205,55,64.82909090909091
Scarlet Jakarta II,61.20333333333333,64,64.4734375
Rising Hamburg II,61.18333333333333,49,62.94897959183673
Marseille Crown,61.14833333333333,51,74.17254901960784
Restless Naples II,61.14666666666667,56,61.228571428571435
Phantom Jakarta II,61.14333333333333,55,57.99636363636364
The River of Seoul VI,61.12,53,63.473584905660374
Bitter Toronto III,61.11333333333334,58,62.59310344827586
Glass Jakarta,61.11,51,72.62549019607843
Bangkok Syndicate V,61.053333333333335,53,62.27169811320755
Oslo Expedition,61.026666666666664,48,82.01875
Crooked Detroit VII,61.02166666666667,61,72.31475409836065
Savage Garden,61.013333333333335,50,53.446000000000005
Bitter Seoul II,60.985,47,61.795744680851065
Endless Lisbon II,60.975,63,54.27142857142857
The Protocol of Naples,60.971666666666664,90,42.8
Tender Harvest II,60.94833333333333,49,61.16122448979592
Velvet Berlin,60.93333333333334,52,74.01538461538462
The Affair of Bangkok V,60.90833333333333,43,77.97674418604652
Bogota Anatomy,60.89833333333333,44,68.07272727272726
Naples Harvest II,60.83,46,62.48913043478261
The Harvest of Madrid IV,60.82,50,70.846
The Storm of Hamburg,60.818333333333335,50,66.962
Silent Tokyo III,60.795,66,61.406060606060606
Seoul Storm V,60.755,64,68.63125
The Protocol of Berlin III,60.75,38,68.51578947368421
Sydney Echoes,60.748333333333335,44,72.65454545454546
Golden Istanbul IV,60.74666666666667,63,76.12380952380953
Burning Syndicate,60.721666666666664,71,59.666197183098596
The Tide of Jakarta II,60.70333333333333,53,68.04150943396226
Tender Algorithm II,60.69166666666667,60,61.30166666666666
Crimson Algorithm IV,60.69,58,63.415517241379305
Tokyo Empire II,60.68,50,86.68
Istanbul Sanctuary II,60.675,46,67.65
Mumbai River IV,60.66833333333334,52,50.72692307692308
Golden Marseille,60.66833333333333,42,74.08095238095238
Tender Toronto,60.66166666666667,46,71.93260869565218
The Ledger of Madrid,60.66166666666667,66,74.52878787878787
Iron Horizon,60.64,46,64.82826086956521
Jakarta Affair II,60.615,47,67.87659574468084
Cairo Throne II,60.58,61,54.162295081967216
The Tide of Tokyo V,60.568333333333335,42,84.00714285714287
The Pact of Bogota II,60.55833333333334,47,63.368085106382985
Shattered Tokyo,60.54666666666667,64,53.546875
Quiet Algorithm II,60.545,49,70.59795918367347
Frozen Requiem,60.54,46,71.13695652173914
Paper Verdict III,60.53666666666667,65,50.80769230769231
Phantom Sydney V,60.525,50,51.152
The Confession of Lisbon III,60.50833333333333,45,49.2
Berlin Shadows IV,60.50666666666667,47,76.47659574468085
Madrid Anatomy II,60.485,46,73.7304347826087
Burning Detroit II,60.48166666666667,55,62.838181818181816
Iron Tokyo II,60.48,61,61.32295081967213
Last Bangkok,60.465,57,66.29122807017544
The Protocol of Berlin,60.4,48,72.59375
Berlin Sanctuary,60.385,45,80.51333333333334
Seoul Paradox IV,60.37,68,64.17205882352941
The Garden of Tokyo III,60.35,83,53.86746987951807
Bogota Storm,60.32833333333333,42,76.2642857142857
Reckless Oslo,60.32333333333333,69,57.63478260869565
Endless Odyssey,60.3,55,69.98
Sacred Tide II,60.29,43,80.12325581395349
Brilliant Berlin,60.25333333333333,52,70.21346153846153
Last Marseille VI,60.24333333333333,77,65.1987012987013
Lagos Horizon,60.23166666666667,54,76.92962962962963
Midnight Expedition,60.205,45,77.94222222222223
Scarlet Lighthouse,60.196666666666665,64,76.2609375
The Crown of Oslo III,60.18333333333333,42,72.86666666666667
Neon Seoul,60.18,67,71.8641791044776
Savage Istanbul,60.17,58,64.84137931034483
Hollow Lisbon III,60.16833333333334,54,49.516666666666666
Gilded Mirror,60.126666666666665,47,73.10425531914893
Electric Circuit,60.105,57,62.02456140350878
The Kingdom of Marseille IV,60.08166666666667,49,66.88979591836734
The River of Mumbai III,60.07666666666667,40,70.94500000000001
Bangkok Promise,60.071666666666665,60,60.07166666666667
The Cipher of Bogota,60.041666666666664,35,80.42
Whispering Oslo III,60.04,42,77.27857142857142
Electric Confession III,60.038333333333334,43,66.48372093023256
Hollow Pact II,60.03666666666667,63,52.455555555555556
Jakarta Echoes,60.035,68,61.595588235294116
The Departure of Istanbul IV,60.035,62,53.791935483870965
The Horizon of Lisbon II,60.03333333333333,41,63.66829268292683
Berlin Algorithm,60.03,50,57.17
The Sanctuary of Bogota III,59.99,47,73.63617021276596
Gilded Bangkok,59.98833333333333,56,55.40535714285714
The Paradox of Toronto II,59.986666666666665,48,68.79166666666667
Phantom Echoes III,59.985,50,63.706
Frozen Paradox,59.968333333333334,72,62.46527777777778
Scarlet Garden II,59.95166666666667,50,66.61399999999999
Velvet Bogota II,59.935,45,61.955555555555556
Naples Empire II,59.935,54,66.59444444444445
The Frequency of Hamburg,59.93333333333333,59,74.33050847457628
Hamburg Empire V,59.9,56,71.31607142857142
Tender Marseille IV,59.89,60,74.86833333333334
Madrid Inheritance II,59.873333333333335,50,60.378
Bangkok Empire II,59.855000000000004,58,57.33103448275862
The Odyssey of Jakarta II,59.84833333333333,52,60.04807692307692
The Ledger of Cairo II,59.836666666666666,73,60.71643835616439
Reckless Ledger,59.77,61,66.79344262295082
The Sanctuary of Bangkok IV,59.766666666666666,55,63.91818181818182
The Syndicate of Oslo V,59.766666666666666,56,63.403571428571425
Tokyo Algorithm,59.751666666666665,76,48.63157894736842
Cairo Legacy IV,59.74666666666667,55,58.19272727272727
The Empire of Istanbul V,59.733333333333334,39,75.95641025641027
Last Marseille,59.7,54,67.00185185185185
Sacred Echoes III,59.69166666666666,59,58.93559322033898
Hollow Berlin VI,59.681666666666665,48,67.81666666666666
Lost Promise IV,59.66166666666667,60,56.81166666666666
Bogota Reckoning II,59.63666666666667,40,49.155
Hollow Horizon II,59.63,56,62.63035714285714
Gilded Horizon II,59.611666666666665,51,53.13333333333334
Gilded Seoul,59.60666666666667,64,70.74375
The Inheritance of Lisbon II,59.60333333333333,47,58.089361702127654
Eternal Echoes,59.60166666666667,61,67.38360655737705
Berlin Crown,59.58833333333333,47,73.13617021276596
Bangkok Promise II,59.586666666666666,44,67.71363636363637
Brilliant Naples,59.57833333333333,39,75.74871794871794
Neon Garden,59.565,61,63.0
Savage River,59.55833333333333,55,53.25636363636364
Phantom Marseille II,59.553333333333335,48,64.7375
Hidden Sydney III,59.535,84,64.43928571428572
Scarlet Mumbai III,59.53333333333333,54,68.8962962962963
The Shadows of Istanbul,59.526666666666664,58,62.193103448275856
The River of Tokyo,59.47833333333333,53,61.220754716981126
The Inheritance of Seoul VI,59.47666666666667,48,71.47500000000001
Brilliant Pact III,59.475,49,69.35714285714286
Berlin Garden II,59.471666666666664,37,66.96756756756757
The Reckoning of Mumbai III,59.464999999999996,52,53.60192307692308
Rising Hamburg,59.461666666666666,44,64.86590909090908
Naples Anatomy,59.44166666666666,42,58.561904761904756
The Heist of Hamburg IV,59.43,51,62.990196078431374
Berlin Horizon III,59.41166666666667,50,68.556
Paper Throne,59.38333333333333,42,68.40714285714286
Marseille River III,59.38333333333333,61,59.6
Forgotten Horizon II,59.38,52,61.724999999999994
Shattered Legacy II,59.376666666666665,44,65.29772727272727
Detroit Syndicate IV,59.375,47,51.56595744680851
Bangkok Cipher II,59.35666666666667,39,68.14102564102564
Brilliant Hamburg II,59.35333333333333,36,81.74444444444445
The Frequency of Tokyo V,59.34166666666667,56,62.330357142857146
Hamburg Pact II,59.335,44,70.35909090909091
Jakarta Mirror II,59.32833333333333,57,55.76315789473684
Eternal Madrid III,59.306666666666665,73,66.77123287671233
The Throne of Bogota,59.291666666666664,50,64.102
Jakarta Ledger III,59.288333333333334,56,69.80357142857143
Endless Toronto III,59.28333333333333,44,72.18409090909091
The Syndicate of Marseille,59.276666666666664,52,61.06153846153846
Quiet Throne,59.25833333333333,58,54.73793103448276
Silent Cipher,59.25,66,53.330303030303035
Neon Syndicate,59.145,43,71.76279069767442
The Frequency of Seoul II,59.138333333333335,58,61.17758620689656
Jakarta Frequency II,59.13166666666667,51,66.89019607843137
Eternal Protocol,59.111666666666665,67,61.54626865671642
Crooked Cipher II,59.11,45,71.64888888888889
Gilded Syndicate,59.071666666666665,51,61.48823529411765
The Circuit of Mumbai,59.071666666666665,47,59.840425531914896
Detroit Lighthouse II,59.07,108,59.662962962962965
Frozen Horizon II,59.035,50,61.068000000000005
The Promise of Bogota II,59.01833333333333,52,64.24615384615385
Forgotten Lisbon II,58.99666666666667,51,71.56274509803922
Midnight River III,58.995,64,57.6046875
Restless Throne,58.986666666666665,53,60.70566037735849
Madrid Anatomy III,58.983333333333334,50,77.78
Seoul Garden,58.973333333333336,52,66.05576923076923
Lagos Verdict,58.971666666666664,57,59.1140350877193
Brilliant Requiem,58.95166666666667,46,80.0891304347826
Endless Istanbul IV,58.93666666666667,52,70.84038461538461
Glass Crown,58.928333333333335,54,51.964814814814815
Lagos Protocol II,58.913333333333334,48,58.91041666666666
The Pact of Cairo IV,58.86833333333333,57,63.88070175438596
The Reckoning of Oslo III,58.82666666666667,63,71.82063492063492
Istanbul Horizon II,58.815,41,58.546341463414635
Seoul Cipher III,58.81,65,49.79692307692308
Mumbai Horizon III,58.791666666666664,47,63.07021276595745
Jakarta Odyssey,58.778333333333336,92,58.97717391304347
Midnight Inheritance II,58.745,42,58.69047619047619
Tokyo Inheritance,58.74,59,59.735593220338984
The Reckoning of Lisbon II,58.735,50,70.482
Madrid Frequency II,58.72666666666667,49,63.07551020408163
Electric Shadows IV,58.71,51,71.20196078431373
The Horizon of Oslo,58.70666666666667,51,66.41176470588235
Forgotten Sydney III,58.70333333333333,53,63.907547169811316
Neon Istanbul III,58.696666666666665,51,66.3921568627451
The Tide of Lisbon III,58.68666666666667,56,61.041071428571435
Neon Departure II,58.685,45,74.5111111111111
Crooked Detroit,58.67666666666667,39,85.16410256410256
Broken Berlin V,58.67333333333333,50,69.706
Bangkok Heist V,58.67166666666667,68,56.89264705882353
Hollow Shadows,58.66833333333334,52,65.10384615384615
Sydney Empire II,58.656666666666666,70,68.87857142857143
Reckless Confession II,58.65,49,60.361224489795916
Reckless Anatomy II,58.64833333333333,58,66.6655172413793
The Ledger of Jakarta,58.64666666666667,44,55.53636363636363
Midnight Cipher II,58.63666666666666,54,63.25555555555556
Golden Mumbai,58.63166666666667,48,60.57083333333333
Wild Jakarta III,58.608333333333334,44,69.5
Gilded Naples III,58.60666666666667,53,50.264150943396224
The Tide of Sydney,58.605000000000004,45,77.35777777777777
Lagos Lighthouse,58.59166666666667,53,59.76603773584905
Hidden Departure II,58.585,38,75.81052631578947
Cairo Verdict,58.575,51,67.55490196078432
Quiet Garden,58.57333333333333,50,56.688
Sacred Garden,58.53666666666667,49,62.32244897959184
The Requiem of Bangkok III,58.53666666666667,67,49.9223880597015
Detroit Heist III,58.531666666666666,52,54.909615384615385
The Empire of Jakarta,58.528333333333336,48,55.84791666666666
Cairo Tide III,58.50666666666667,50,61.052
Jakarta Requiem II,58.486666666666665,48,64.13125000000001
The Requiem of Madrid II,58.483333333333334,48,79.45833333333333
Brilliant Lagos,58.46666666666667,52,69.55384615384615
Hamburg Departure II,58.46,54,58.52407407407408
Burning Madrid,58.428333333333335,53,74.32641509433962
Oslo Inheritance II,58.42333333333333,58,56.48275862068966
Madrid Echoes IV,58.416666666666664,67,60.13731343283582
Toronto Heist IV,58.413333333333334,40,66.3725
Jakarta Circuit IV,58.403333333333336,52,54.3423076923077
The Circuit of Berlin II,58.39833333333333,52,50.2826923076923
Seoul Mirror III,58.39,49,63.834693877551025
Forgotten Promise III,58.36333333333333,54,66.85925925925926
The Affair of Bogota III,58.35333333333333,51,66.64901960784313
Jakarta Tide III,58.35166666666667,60,66.295
The Lighthouse of Bangkok,58.343333333333334,57,53.401754385964914
Hidden Istanbul II,58.31333333333333,57,49.907017543859645
Sydney Frequency IV,58.31,73,50.449315068493156
The Garden of Istanbul II,58.30166666666666,39,72.92820512820512
Sacred Lisbon II,58.266666666666666,73,72.56438356164384
The Syndicate of Bogota VI,58.254999999999995,43,72.57441860465116
Naples Storm III,58.21666666666667,54,59.89074074074074
Paper Ledger II,58.20166666666667,70,56.69285714285714
Electric Odyssey II,58.17666666666667,51,55.63725490196079
The Confession of Hamburg,58.16833333333334,48,61.09166666666667
The Anatomy of Mumbai IV,58.16,76,62.04868421052631
The Mirror of Tokyo II,58.156666666666666,52,51.61346153846154
Silent Pact,58.13166666666667,46,73.61521739130436
The Departure of Istanbul V,58.10666666666667,45,61.98444444444445
Frozen Toronto IV,58.096666666666664,47,73.42340425531916
Silent Storm II,58.085,50,55.766000000000005
Frozen Naples IV,58.075,41,67.9829268292683
The Odyssey of Istanbul II,58.074999999999996,49,76.46326530612245
Velvet Toronto II,58.071666666666665,61,68.81803278688524
Neon Bogota,58.07,47,51.48723404255319
Endless Circuit IV,58.07,48,60.99791666666667
Tender Promise II,58.041666666666664,47,73.36382978723404
The River of Hamburg,58.03666666666667,44,64.34545454545454
Crooked Sanctuary III,58.026666666666664,46,65.24782608695652
Tokyo Departure,57.97833333333333,47,72.56170212765957
Eternal Reckoning,57.97333333333333,48,64.70416666666667
Oslo Storm IV,57.97,50,59.452
Madrid Odyssey II,57.958333333333336,63,47.17460317460318
Toronto Verdict IV,57.93,68,60.13676470588236
The Shadows of Madrid VII,57.906666666666666,44,80.57045454545454
Electric Cairo II,57.9,52,61.28076923076923
Hamburg Tide VI,57.88333333333333,41,71.78536585365853
The Shadows of Lagos,57.88333333333333,53,56.49622641509434
The Expedition of Berlin II,57.86833333333333,55,61.89818181818182
The Algorithm of Madrid,57.86666666666667,61,72.03770491803279
Endless Kingdom III,57.85333333333333,48,75.33541666666666
Wild Heist,57.83833333333333,39,74.77948717948718
Seoul Sanctuary,57.833333333333336,59,61.90847457627118
The Legacy of Bogota II,57.82333333333333,53,64.80943396226415
Frozen Marseille VI,57.79666666666667,57,79.01403508771931
Golden Reckoning IV,57.766666666666666,53,84.92641509433963
Naples Syndicate IV,57.76166666666666,55,63.64909090909091
Scarlet Detroit II,57.76,50,63.008
Cairo Lighthouse IV,57.74,51,62.884313725490195
Istanbul Heist II,57.735,50,61.308
Mumbai Syndicate IV,57.733333333333334,50,64.75
The Horizon of Toronto III,57.72333333333333,52,52.86730769230769
The Harvest of Detroit,57.693333333333335,45,62.54888888888888
Lagos Odyssey,57.675,63,76.27301587301586
The Tide of Jakarta V,57.67,46,68.39782608695653
Lost Lisbon,57.66833333333334,49,58.84897959183673
The River of Detroit II,57.65,51,69.91960784313726
Paper Ledger,57.64333333333333,37,86.54324324324324
Falling Seoul II,57.641666666666666,64,63.5734375
The Odyssey of Berlin VI,57.63166666666667,57,68.1701754385965
The Kingdom of Tokyo,57.6,60,66.20666666666666
Velvet Cairo V,57.575,42,76.15714285714286
The Odyssey of Jakarta III,57.571666666666665,63,72.14603174603174
The Confession of Madrid II,57.56,57,56.092982456140355
The Cipher of Toronto III,57.556666666666665,44,71.35227272727273
Sydney Garden II,57.55166666666667,45,67.30666666666667
The Legacy of Jakarta II,57.53666666666667,67,60.613432835820895
The Throne of Oslo II,57.535,45,71.69333333333333
Frozen Confession,57.53333333333333,59,76.98474576271187
Lost Tide,57.528333333333336,44,79.23863636363636
Gilded Lisbon,57.51833333333333,49,59.18163265306123
The Reckoning of Jakarta II,57.515,59,57.91016949152542
Silent Cipher II,57.501666666666665,52,61.43653846153846
Frozen Requiem III,57.495,58,63.27413793103448
Burning Bangkok,57.495,65,58.32
Restless Mirror II,57.47833333333333,40,60.7075
The Protocol of Bogota,57.44166666666666,51,66.25882352941176
Golden Naples,57.428333333333335,60,43.505
Last Tokyo IV,57.428333333333335,45,67.76888888888888
The Empire of Lagos,57.42166666666667,48,62.42083333333333
Lagos Reckoning,57.415,54,61.338888888888896
Phantom Sydney II,57.39,67,65.88805970149254
Tender Affair II,57.385,56,56.410714285714285
The Inheritance of Mumbai V,57.37833333333333,48,52.737500000000004
Distant Istanbul III,57.376666666666665,57,63.578947368421055
Sydney Kingdom,57.358333333333334,36,71.88055555555555
Last Oslo II,57.358333333333334,62,65.30322580645162
Bogota Empire,57.35666666666667,42,73.81190476190476
Glass Lagos II,57.32666666666667,64,62.49375
Electric Tide II,57.306666666666665,67,66.64626865671642
Crimson Shadows II,57.29833333333333,35,78.6
Iron Madrid II,57.275,75,52.076
The Kingdom of Bogota II,57.27333333333333,47,70.30425531914894
Lisbon Reckoning III,57.26,52,58.99615384615385
The Odyssey of Bogota,57.25666666666667,40,63.620000000000005
The Paradox of Mumbai II,57.22166666666667,45,59.60666666666667
Scarlet River II,57.218333333333334,54,54.33148148148148
Rising Mumbai IV,57.211666666666666,39,67.18974358974359
The River of Istanbul,57.211666666666666,49,65.4734693877551
The Kingdom of Cairo,57.13333333333333,47,68.15531914893617
Tender Toronto III,57.10333333333333,58,58.491379310344826
Madrid Crown VI,57.096666666666664,44,68.3
Crooked Bogota II,57.086666666666666,61,65.29672131147541
Wild Marseille V,57.07666666666667,67,76.27910447761194
Wild Crown,57.075,52,74.84038461538461
The Lighthouse of Berlin,57.065,51,77.1686274509804
Golden Istanbul V,57.06,50,63.992
Sacred Naples II,57.05833333333334,55,59.276363636363634
Tokyo Horizon,57.05833333333333,53,72.59056603773585
Shattered Confession III,57.056666666666665,54,72.05
Electric Harvest,57.056666666666665,50,68.468
Naples Algorithm IV,57.05166666666667,77,64.44155844155844
Tender Departure II,57.050000000000004,44,71.37272727272727
Neon Berlin II,57.04333333333334,53,57.66415094339622
Phantom Inheritance,57.025,39,69.61794871794872
Phantom Oslo,56.975,79,53.400000000000006
Cairo Sanctuary,56.95833333333333,61,61.55901639344262
Lagos Mirror II,56.95166666666667,46,61.90869565217392
The Reckoning of Seoul,56.946666666666665,50,54.233999999999995
Tokyo Shadows II,56.93333333333333,50,70.43
Eternal Storm II,56.905,52,67.69615384615385
Crimson Cairo IV,56.87833333333333,63,74.21587301587302
The Affair of Bangkok II,56.876666666666665,58,64.65172413793104
The Requiem of Berlin,56.86833333333333,57,73.89298245614034
Lagos Crown IV,56.86666666666667,49,66.94489795918368
Scarlet Bangkok IV,56.861666666666665,68,53.370588235294115
Crooked Jakarta V,56.86,54,57.96666666666666
Last Marseille III,56.815,49,75.62244897959184
Marseille Pact II,56.81333333333333,68,67.73382352941177
Tokyo Odyssey,56.81,39,71.63846153846154
Oslo Tide,56.79833333333333,46,52.53695652173913
Crimson Harvest,56.79833333333333,48,55.46666666666667
Tokyo Expedition II,56.795,38,77.29736842105264
Glass Verdict,56.79,46,68.5891304347826
The Anatomy of Oslo IV,56.77666666666667,42,53.719047619047615
The Promise of Bangkok IV,56.769999999999996,61,64.92950819672132
Marseille Heist VII,56.76833333333333,52,55.50192307692308
Crooked Pact,56.75333333333333,52,65.48461538461538
Brilliant Reckoning II,56.74666666666667,42,65.9047619047619
Toronto Verdict V,56.74333333333333,46,57.37173913043478
The Frequency of Tokyo,56.72666666666667,41,57.65853658536585
The Expedition of Naples,56.72,41,64.84634146341463
Toronto Pact,56.71,55,74.54545454545455
The Promise of Berlin V,56.71,55,69.50363636363636
The Circuit of Naples,56.705,36,80.08611111111111
Glass Lisbon,56.68833333333333,38,63.93947368421052
The Sanctuary of Mumbai IV,56.68333333333333,48,71.58125
The Ledger of Toronto II,56.678333333333335,49,64.86530612244898
Hidden Protocol III,56.635,51,61.70196078431373
Neon Shadows III,56.62,57,66.22456140350877
The Mirror of Lagos II,56.605000000000004,59,55.9
Toronto Ledger V,56.56333333333333,42,69.06904761904762
Tender Jakarta II,56.55833333333333,65,67.80615384615385
Iron Promise,56.528333333333336,67,58.18358208955224
The Throne of Toronto IV,56.525,55,48.556363636363635
Golden Sydney,56.51833333333333,43,56.74186046511628
Hollow Istanbul II,56.51,54,62.16851851851852
Electric Mumbai IV,56.50666666666667,41,73.17560975609756
Lost Kingdom III,56.501666666666665,65,54.90923076923077
Electric Madrid,56.5,40,75.66499999999999
Sacred Berlin,56.47833333333333,44,71.29772727272727
The Pact of Toronto III,56.46333333333333,52,58.16923076923077
Silent Odyssey,56.43833333333333,47,64.91489361702128
Frozen Departure II,56.43,51,67.06470588235294
Broken Jakarta IV,56.41166666666667,45,62.67333333333334
Scarlet Cairo IV,56.406666666666666,64,67.7953125
Shattered Anatomy,56.405,36,71.21388888888889
Cairo Requiem II,56.39833333333333,35,80.57428571428571
Detroit Storm V,56.39666666666667,61,60.95573770491803
Burning Sanctuary,56.38166666666667,65,62.707692307692305
The River of Sydney II,56.375,65,65.05230769230769
The Throne of Sydney II,56.37166666666667,66,76.4939393939394
Phantom Cipher,56.36833333333333,62,69.04838709677419
Glass Berlin VI,56.36833333333333,54,74.55925925925925
Madrid Affair,56.36666666666667,47,58.98723404255319
Glass Seoul II,56.36333333333334,50,68.312
Crooked Protocol,56.34166666666667,68,47.81029411764706
Falling Crown III,56.33833333333333,44,77.59545454545454
Broken Legacy,56.32333333333333,56,73.58749999999999
Eternal Mirror III,56.31,45,58.657777777777774
The Expedition of Bangkok IV,56.30833333333334,43,59.972093023255816
The Horizon of Berlin II,56.306666666666665,43,76.28372093023255
The Crown of Tokyo,56.27333333333333,52,63.65384615384615
Mumbai Verdict II,56.22,57,59.17894736842105
Scarlet River,56.211666666666666,53,56.816981132075476
Mumbai Legacy II,56.205,50,70.992
Tokyo Syndicate,56.20166666666667,51,59.03137254901961
Seoul Protocol III,56.195,53,62.37169811320754
Scarlet Cairo II,56.178333333333335,71,49.456338028169014
The Shadows of Bogota II,56.175,70,72.94285714285714
Reckless Frequency,56.17,38,73.29736842105264
Wild Istanbul,56.16166666666667,60,49.26
Velvet Istanbul III,56.15833333333333,48,73.12708333333333
Brilliant Lagos IV,56.14666666666667,46,53.85434782608696
Sydney Shadows IV,56.14,51,55.04117647058823
Wild Circuit,56.138333333333335,49,72.3530612244898
Glass Berlin IV,56.13333333333333,43,73.8953488372093
The Heist of Jakarta,56.13,67,54.04328358208955
Electric Confession,56.123333333333335,46,77.05434782608695
Frozen Seoul IV,56.123333333333335,46,69.71304347826087
Lisbon Algorithm II,56.12,54,64.28518518518518
Sacred Expedition II,56.108333333333334,65,51.792307692307695
The Odyssey of Mumbai II,56.085,52,61.059615384615384
Golden Seoul,56.08166666666666,50,51.758
Wild Crown II,56.071666666666665,57,53.6578947368421
Hidden Cairo II,56.06333333333333,49,57.69387755102041
Jakarta Kingdom III,56.04,54,62.8962962962963
Crooked Lisbon,56.028333333333336,65,52.24
Rising Sydney,56.02333333333333,41,74.52439024390245
Brilliant Hamburg,56.02,62,51.627419354838715
Hollow Bogota,56.019999999999996,59,52.750847457627124
Toronto Odyssey II,56.01833333333333,56,62.526785714285715
Electric Sanctuary,55.99333333333333,50,55.071999999999996
Lisbon Throne,55.973333333333336,45,60.18888888888889
Wild Frequency II,55.95666666666666,54,59.21296296296296
Glass Departure II,55.94833333333333,47,58.06595744680851
Golden Garden,55.94166666666667,47,66.75106382978724
Iron Hamburg III,55.93833333333333,38,63.99473684210527
The Circuit of Marseille II,55.93333333333334,57,70.09122807017543
Whispering Lagos VII,55.93,49,55.68163265306123
Restless Storm,55.92,52,75.90384615384616
Reckless Circuit,55.916666666666664,41,76.47560975609755
Naples Requiem V,55.89833333333333,70,64.73714285714286
Reckless Echoes,55.885,58,49.8448275862069
Silent Tokyo V,55.873333333333335,63,45.479365079365074
Naples Syndicate V,55.865,55,57.49636363636364
Burning Requiem,55.84166666666667,63,70.91428571428573
Iron Sanctuary II,55.81666666666667,57,51.098245614035086
Naples Ledger II,55.81,48,60.14166666666667
Hollow Confession,55.79833333333333,44,68.53863636363636
Last Istanbul,55.795,72,52.2375
Tender Shadows,55.79,42,74.48095238095237
Sacred Toronto,55.785,73,62.80821917808219
Distant Jakarta IV,55.78,47,66.54468085106383
The Echoes of Cairo II,55.76833333333333,47,62.45744680851064
The Anatomy of Lagos II,55.75833333333333,57,66.69298245614036
Hamburg Crown III,55.751666666666665,42,71.10714285714286
Glass Oslo,55.725,63,58.96031746031746
Hamburg Empire III,55.714999999999996,46,65.46739130434783
Crimson Lagos II,55.708333333333336,51,76.21176470588236
The Reckoning of Mumbai,55.705,39,64.44358974358975
The Legacy of Madrid VI,55.653333333333336,41,70.20975609756097
The Anatomy of Oslo,55.64833333333333,72,64.40555555555555
Mumbai Algorithm II,55.64666666666667,61,55.281967213114754
The Frequency of Mumbai II,55.638333333333335,39,83.92307692307692
Tender Lisbon III,55.63166666666667,52,74.64423076923077
Phantom Requiem II,55.61,47,63.95106382978723
Hamburg Frequency II,55.60166666666667,49,61.33265306122449
Sydney Promise II,55.595,43,63.58139534883721
Wild Anatomy,55.585,55,56.152727272727276
Toronto Odyssey,55.57333333333333,51,66.02549019607844
Restless Naples III,55.553333333333335,50,65.344
Electric Hamburg II,55.550000000000004,49,68.0204081632653
Seoul Protocol,55.55,47,65.06382978723404
The Reckoning of Cairo II,55.54333333333334,60,46.285
Seoul Shadows,55.54333333333334,49,66.03673469387755
Brilliant Sydney V,55.54,56,75.32857142857142
Sacred Naples,55.53666666666667,45,74.04888888888888
Silent Harvest II,55.526666666666664,58,63.81206896551724
Naples Reckoning,55.525,53,80.58301886792452
The Echoes of Madrid II,55.52166666666667,43,63.50232558139535
Midnight Expedition II,55.51,49,68.65306122448979
Wild Frequency III,55.49166666666667,62,62.443548387096776
The Promise of Jakarta IV,55.49166666666667,63,74.43333333333334
Shattered Hamburg II,55.49,53,62.20377358490566
Forgotten Jakarta II,55.473333333333336,49,58.56530612244899
Shattered Naples,55.473333333333336,44,74.89772727272727
Hamburg Reckoning III,55.458333333333336,75,54.781333333333336
Berlin Empire III,55.45666666666666,59,53.71186440677966
Rising Detroit II,55.45,41,54.4609756097561
Toronto Shadows II,55.445,58,60.37413793103448
Quiet Toronto II,55.44166666666666,42,70.0952380952381
Distant Horizon,55.44166666666666,42,64.39285714285714
Tokyo River,55.44,45,74.6711111111111
Crimson Inheritance,55.431666666666665,58,57.34310344827586
Golden Cairo II,55.40833333333333,52,66.6076923076923
Marseille Anatomy II,55.40166666666667,50,58.318000000000005
Whispering Toronto,55.39,77,62.54935064935065
Sydney Empire IV,55.376666666666665,52,73.45769230769231
The Protocol of Bogota V,55.32833333333333,50,60.36600000000001
Endless Toronto II,55.32666666666667,44,72.55454545454546
Gilded Garden,55.285000000000004,44,57.98636363636364
Bogota Pact,55.27333333333333,46,70.6804347826087
Toronto Affair II,55.230000000000004,45,61.35777777777778
Midnight Anatomy II,55.22666666666667,53,52.53962264150943
Istanbul Frequency,55.218333333333334,37,67.83783783783784
The Crown of Mumbai,55.21666666666667,50,53.87
The Anatomy of Sydney,55.211666666666666,41,57.302439024390246
Mumbai Promise,55.185,46,78.24130434782609
Naples Verdict,55.153333333333336,57,59.23508771929825
Golden Paradox,55.135,45,62.29111111111111
The Garden of Madrid,55.11833333333333,60,64.09
The Lighthouse of Madrid,55.108333333333334,45,48.662222222222226
The Throne of Naples III,55.108333333333334,51,62.333333333333336
Hollow Promise,55.08,35,51.31428571428572
Wild Echoes III,55.071666666666665,55,60.07818181818182
Electric Istanbul II,55.071666666666665,56,54.635714285714286
Electric Ledger,55.05166666666667,66,64.9969696969697
Brilliant Circuit II,55.028333333333336,47,72.42553191489361
Velvet Empire,55.01166666666667,54,54.57592592592592
Mumbai Pact,55.01166666666666,64,62.125
The Legacy of Lagos V,55.00333333333333,49,54.75714285714285
Madrid Protocol II,54.99333333333333,39,68.78717948717949
Eternal Mumbai III,54.99333333333333,70,54.80142857142857
Forgotten River,54.968333333333334,50,62.824
Naples Garden,54.96,55,54.50545454545455
Lagos Heist V,54.946666666666665,51,63.998039215686276
Tender Seoul III,54.928333333333335,37,71.26216216216216
Whispering Bangkok V,54.92333333333333,43,66.06744186046512
Oslo River,54.91166666666667,46,73.83695652173913
Neon Berlin,54.905,55,59.31272727272727
The Mirror of Jakarta,54.905,48,61.28125
The Circuit of Detroit IV,54.88166666666667,41,61.775609756097566
Berlin Departure V,54.87166666666667,48,59.12916666666666
Reckless Seoul,54.86666666666667,42,65.30952380952381
Bogota Cipher,54.865,60,51.763333333333335
Gilded Pact II,54.861666666666665,43,74.31395348837209
The Tide of Naples V,54.85666666666667,42,55.96190476190476
Sacred Harvest II,54.845,64,56.50625
The Shadows of Oslo II,54.843333333333334,65,57.52769230769231
Phantom Kingdom,54.833333333333336,50,65.156
The Verdict of Istanbul IV,54.82666666666667,47,67.3
Falling Hamburg III,54.821666666666665,54,66.93888888888888
Electric Toronto II,54.821666666666665,37,62.16756756756756
Golden Throne,54.79333333333334,57,54.9280701754386
Mumbai Expedition II,54.788333333333334,49,59.36734693877551
Crooked Verdict II,54.763333333333335,61,66.5
Crimson Mirror II,54.74,50,77.28399999999999
Tokyo Paradox II,54.736666666666665,48,57.02291666666667
Hollow Confession III,54.736666666666665,59,44.889830508474574
Savage Tokyo,54.733333333333334,59,46.39322033898305
Lagos Garden II,54.705,54,62.662962962962965
The Reckoning of Bogota IV,54.70333333333333,55,62.158181818181816
Hidden Horizon,54.693333333333335,45,66.29333333333332
The Odyssey of Cairo,54.678333333333335,47,49.86595744680851
Neon River,54.66166666666667,52,57.85961538461538
Reckless Lisbon II,54.66,41,74.75365853658536
Quiet Lighthouse V,54.655,50,52.053999999999995
The Horizon of Bogota III,54.653333333333336,52,63.70576923076923
Electric Shadows V,54.64,59,66.15423728813559
Bogota Echoes IV,54.63,52,60.0326923076923
Madrid Inheritance III,54.61,39,62.694871794871794
Frozen Cipher,54.605,61,45.51311475409836
Seoul Circuit II,54.60166666666667,52,67.02307692307691
Lost Paradox III,54.596666666666664,39,73.68717948717949
Reckless Sydney,54.58833333333333,60,62.038333333333334
The Garden of Bogota,54.58833333333333,49,63.06122448979592
Silent Seoul,54.585,43,59.960465116279074
Savage Sydney II,54.55166666666667,51,59.41764705882353
The Promise of Madrid IV,54.54666666666667,45,67.97333333333334
Crooked Shadows,54.53666666666667,64,63.125
Mumbai Tide III,54.52166666666667,51,66.12549019607843
Scarlet Garden,54.5,52,52.840384615384615
Toronto Promise II,54.5,42,63.30476190476191
Silent Marseille II,54.46,54,54.51481481481482
Neon Mirror,54.45166666666667,50,56.818000000000005
Detroit Requiem III,54.38666666666667,49,55.96938775510204
The Requiem of Lagos II,54.37833333333333,57,66.56666666666666
Hollow Jakarta,54.375,37,69.43243243243244
The Mirror of Toronto II,54.375,46,59.589130434782604
The Paradox of Toronto,54.36666666666667,49,52.004081632653055
Bogota Paradox III,54.361666666666665,36,80.1888888888889
Detroit Heist,54.35666666666667,38,81.73947368421052
The Inheritance of Sydney,54.346666666666664,55,49.407272727272726
Hidden Sanctuary,54.335,41,58.47073170731708
Endless Jakarta III,54.32,42,64.67142857142856
The Echoes of Oslo II,54.31333333333333,51,43.76862745098039
Shattered Istanbul,54.31166666666667,48,59.55625
The Departure of Seoul,54.305,64,62.084375
Whispering Expedition,54.29,37,54.69189189189189
The Echoes of Mumbai III,54.288333333333334,46,60.00869565217391
Distant Inheritance,54.263333333333335,57,65.65438596491228
The Crown of Lisbon,54.25666666666667,41,70.25853658536585
Mumbai Throne,54.236666666666665,59,58.06101694915254
Gilded Lagos II,54.235,53,63.9566037735849
Shattered Harvest,54.225,61,51.77704918032787
The Kingdom of Hamburg,54.21666666666667,44,63.73863636363637
Gilded Verdict II,54.21333333333333,54,56.833333333333336
Tokyo Affair,54.211666666666666,57,57.6438596491228
Naples Cipher II,54.20666666666666,57,64.85438596491228
Crooked Jakarta,54.20333333333333,52,56.340384615384615
Phantom Jakarta,54.185,41,66.08048780487805
Crimson Throne,54.18333333333333,57,57.03508771929825
Naples River III,54.17,55,57.370909090909095
Falling Istanbul,54.156666666666666,56,46.05357142857143
Quiet Tide III,54.145,54,55.2
The Echoes of Mumbai II,54.126666666666665,52,68.63269230769231
Golden Anatomy,54.11333333333334,55,48.38727272727273
Toronto Confession III,54.096666666666664,58,53.80517241379311
Silent Jakarta,54.08166666666667,52,53.79807692307692
Quiet Tokyo VI,54.074999999999996,63,55.973015873015875
Crooked Madrid III,54.06333333333333,40,76.515
Silent Oslo II,54.053333333333335,61,69.95245901639345
Quiet Harvest,54.05166666666666,50,61.198
Neon Algorithm II,54.04833333333333,55,58.96181818181818
Berlin Heist,54.045,55,58.37818181818182
The Promise of Detroit V,54.028333333333336,51,66.20196078431373
Crimson Garden IV,54.001666666666665,58,56.998275862068965
Bitter Oslo,53.97666666666667,40,69.2
Neon Tokyo III,53.973333333333336,51,58.79019607843138
Forgotten Bogota II,53.96666666666667,53,63.64339622641509
The Heist of Detroit,53.96,40,72.91499999999999
Velvet Marseille,53.95,51,59.32549019607843
The Verdict of Berlin VI,53.94833333333333,47,57.88085106382979
Mumbai Odyssey III,53.946666666666665,54,59.337037037037035
The Algorithm of Hamburg II,53.946666666666665,56,68.00535714285715
Oslo Harvest III,53.916666666666664,42,71.98095238095237
Rising Legacy,53.915,55,56.019999999999996
The Pact of Seoul,53.915,38,64.97631578947369
The Verdict of Lagos VI,53.903333333333336,71,52.956338028169014
Hollow Naples IV,53.88666666666666,48,73.22083333333333
Shattered Mumbai III,53.86833333333333,53,64.87547169811322
Forgotten Cairo III,53.858333333333334,51,55.57254901960784
The Harvest of Mumbai,53.85166666666667,42,58.280952380952385
Burning Berlin II,53.839999999999996,46,78.0195652173913
Falling Frequency VI,53.835,35,46.14
Falling Toronto V,53.82333333333333,48,62.885416666666664
Lisbon Departure II,53.818333333333335,52,67.50192307692308
Neon Mumbai II,53.815,39,66.75384615384615
Wild Lagos III,53.80166666666667,46,67.47173913043478
Savage Seoul II,53.8,42,76.85714285714286
Brilliant Hamburg IV,53.795,49,61.56938775510204
Detroit Confession II,53.785000000000004,42,65.11666666666667
The Protocol of Seoul III,53.781666666666666,44,67.90454545454546
Brilliant Jakarta,53.76,39,72.54102564102564
Hollow Affair,53.75,50,61.42
Mumbai Paradox,53.723333333333336,39,73.14615384615384
Toronto Heist VI,53.72,48,65.20208333333333
The Circuit of Sydney,53.71333333333333,35,67.21142857142857
Restless Sydney II,53.71333333333333,47,62.329787234042556
Tokyo Expedition,53.711666666666666,71,54.03239436619718
Distant Protocol,53.69,38,69.4921052631579
Istanbul Empire II,53.685,56,63.91428571428571
The Lighthouse of Bangkok III,53.655,65,60.4
Madrid Throne,53.64666666666667,43,77.17906976744186
Hamburg Crown IV,53.64666666666667,47,62.265957446808514
The Horizon of Istanbul,53.63666666666667,58,50.43793103448276
Velvet Requiem II,53.62166666666667,39,64.95128205128205
Cairo Horizon IV,53.62166666666667,55,67.24727272727273
The Kingdom of Seoul,53.62,43,71.94418604651163
Golden Cairo,53.61,57,53.74736842105263
Golden Berlin III,53.61,48,60.37083333333334
Midnight Detroit II,53.596666666666664,54,53.644444444444446
The Mirror of Hamburg,53.59,50,68.422
Bangkok Syndicate IV,53.57333333333333,49,67.62857142857143
Savage Storm IV,53.55833333333333,44,76.0840909090909
The Lighthouse of Lisbon III,53.55833333333333,47,53.846808510638304
The Horizon of Lisbon,53.556666666666665,48,69.01041666666667
Savage Frequency III,53.556666666666665,42,63.22857142857143
The Verdict of Madrid,53.553333333333335,48,71.97916666666667
Shattered Crown II,53.545,70,79.13142857142857
Broken Harvest II,53.53333333333333,35,59.59428571428572
Lisbon River,53.525,48,61.385416666666664
Quiet Bogota III,53.515,65,47.95538461538462
Glass Harvest II,53.51,57,69.55263157894737
The Circuit of Detroit,53.49166666666667,43,62.71395348837209
Madrid Ledger II,53.48833333333333,42,75.65714285714286
Marseille Heist VI,53.483333333333334,52,52.30576923076923
Quiet Shadows II,53.48166666666667,37,66.71351351351352
Frozen Echoes,53.47666666666667,55,58.93272727272728
Glass Promise,53.471666666666664,48,63.66041666666666
Crimson Detroit IV,53.445,43,74.57441860465116
The River of Oslo,53.445,59,61.771186440677965
The Legacy of Naples II,53.435,73,67.56438356164384
The Sanctuary of Mumbai V,53.42166666666667,49,61.710204081632654
Lost Toronto V,53.42,58,47.6448275862069
The Lighthouse of Oslo II,53.41166666666667,41,63.03658536585366
The Garden of Istanbul III,53.401666666666664,48,64.18541666666667
Hidden Storm III,53.39833333333333,50,58.248000000000005
Falling Lisbon,53.39833333333333,58,52.6051724137931
Endless Promise,53.38666666666666,59,67.0135593220339
Phantom Marseille V,53.375,46,72.52608695652174
Istanbul Pact,53.36833333333333,42,76.24047619047619
Endless Berlin,53.36666666666667,43,68.93953488372094
The Algorithm of Berlin IV,53.355,45,72.60222222222222
Lost Promise II,53.345,45,52.68888888888889
Velvet Reckoning,53.315,47,63.02340425531915
The Algorithm of Madrid IV,53.31,44,63.21590909090909
Madrid River V,53.29,43,74.35813953488372
The Odyssey of Naples,53.25666666666667,48,68.63333333333334
Gilded Hamburg III,53.25666666666667,43,70.78139534883721
The Cipher of Berlin II,53.251666666666665,47,74.70425531914893
Last Lisbon IV,53.248333333333335,44,60.01363636363636
Seoul Horizon II,53.236666666666665,40,62.8725
Jakarta Algorithm V,53.233333333333334,44,65.39999999999999
The River of Lagos V,53.22,52,57.940384615384616
Marseille Odyssey,53.215,51,61.37647058823529
Velvet Confession III,53.166666666666664,60,54.81166666666666
Rising Lisbon III,53.153333333333336,56,61.239285714285714
The Empire of Lagos III,53.126666666666665,44,60.372727272727275
Falling Sanctuary II,53.11833333333333,53,58.37358490566038
Hamburg Sanctuary III,53.11833333333333,44,73.9090909090909
The Garden of Madrid II,53.11333333333333,46,76.13260869565217
Bitter Lagos II,53.108333333333334,75,48.827999999999996
Shattered Lagos,53.10333333333333,59,45.76101694915254
Hollow Throne,53.05,50,73.176
Istanbul Paradox III,53.03333333333333,81,56.11358024691358
Hamburg Affair IV,53.026666666666664,54,55.05925925925926
The Inheritance of Lagos III,53.02166666666667,47,67.6872340425532
The Protocol of Berlin II,52.99333333333333,42,85.05714285714286
The Requiem of Seoul,52.99166666666667,49,66.89387755102041
The Echoes of Cairo,52.99,44,63.37954545454545
Glass Legacy IV,52.986666666666665,44,63.377272727272725
The Circuit of Lisbon,52.985,61,58.55245901639345
The Departure of Seoul III,52.983333333333334,44,76.04545454545455
Distant Empire IV,52.95666666666666,47,54.95744680851064
Whispering Cipher III,52.95166666666667,45,64.76888888888888
Madrid Sanctuary II,52.94833333333333,41,83.30731707317074
Forgotten Cairo,52.945,46,57.53695652173913
Midnight Lagos,52.93666666666667,48,58.043749999999996
The Requiem of Mumbai,52.93,57,65.54035087719299
Quiet Algorithm,52.928333333333335,52,58.16538461538461
The Requiem of Hamburg,52.91,60,50.87
Istanbul Requiem,52.9,52,65.6423076923077
Whispering Paradox II,52.9,49,65.42448979591838
Midnight Shadows,52.89833333333333,60,60.125
Lagos Ledger,52.86,41,57.72682926829269
The Pact of Lisbon,52.85666666666667,53,58.090566037735854
Hamburg Affair III,52.824999999999996,53,68.73962264150943
The Verdict of Marseille,52.815,53,54.84905660377358
Iron Crown II,52.80166666666667,44,69.23636363636363
The Echoes of Hamburg II,52.79666666666667,54,69.84814814814816
The Tide of Sydney II,52.795,46,53.380434782608695
Marseille Crown IV,52.791666666666664,60,51.25
Quiet Lagos III,52.79,42,69.19761904761906
Frozen Ledger,52.763333333333335,60,42.555
Sydney Affair II,52.74166666666667,61,60.326229508196725
Madrid Pact,52.73166666666667,53,59.696226415094344
The Lighthouse of Mumbai III,52.72833333333333,51,62.65686274509804
Sydney Tide IV,52.696666666666665,42,63.8
The Syndicate of Cairo,52.67333333333333,39,67.52820512820513
Crooked Kingdom III,52.665,49,52.0
Bitter Madrid III,52.66166666666667,52,71.47692307692309
Jakarta Protocol III,52.66,38,71.67894736842106
The Verdict of Tokyo II,52.655,37,65.18648648648649
The Syndicate of Hamburg II,52.64333333333333,42,76.73809523809524
Tokyo Affair III,52.61,52,67.45192307692308
The Affair of Hamburg VI,52.605000000000004,45,63.18444444444445
Berlin Affair V,52.568333333333335,40,67.965
Bitter Anatomy II,52.56666666666667,39,61.266666666666666
Brilliant Cairo IV,52.56333333333333,47,57.34468085106383
The River of Detroit IV,52.553333333333335,56,57.455357142857146
The Verdict of Mumbai III,52.541666666666664,56,52.605357142857144
The Legacy of Tokyo,52.51166666666666,40,63.0225
Crimson Sanctuary II,52.50666666666667,58,58.41034482758621
Naples Affair,52.49,51,55.13725490196079
Brilliant Frequency,52.48833333333334,54,55.02222222222222
The Affair of Seoul,52.48,45,62.48
Bangkok Confession III,52.45166666666667,50,75.842
Hamburg Requiem II,52.45,38,47.58684210526316
Broken Jakarta III,52.449999999999996,49,49.40816326530612
Sydney Affair,52.449999999999996,51,62.96078431372549
Phantom Madrid IV,52.44833333333334,48,62.42916666666667
Lagos Kingdom II,52.44166666666666,48,63.03125
The Kingdom of Madrid,52.43,54,57.120370370370374
Marseille Departure IV,52.39833333333333,40,68.9525
The Confession of Toronto,52.38,63,64.78888888888889
Crimson Berlin VII,52.36666666666667,40,70.135
Scarlet Toronto IV,52.343333333333334,73,58.93835616438356
Tokyo Circuit II,52.295,44,59.925
Sydney Ledger IV,52.27166666666667,53,75.85471698113209
Phantom Kingdom IV,52.24,66,61.68030303030303
Distant Lagos,52.24,39,65.87692307692308
Glass Crown III,52.235,53,52.79622641509434
Electric Hamburg III,52.233333333333334,50,57.496
Forgotten Tide IV,52.23166666666667,44,58.37954545454545
Brilliant Garden III,52.23166666666667,46,67.45652173913044
The Legacy of Madrid IV,52.22833333333333,54,71.63888888888889
Lost Affair,52.21,41,62.119512195121956
Lost Verdict,52.208333333333336,44,65.9159090909091
Crooked Circuit,52.195,45,53.95111111111112
The Odyssey of Toronto V,52.18,47,57.92553191489362
Paper Sanctuary,52.17,57,75.21754385964911
Restless Hamburg,52.163333333333334,47,57.40425531914894
Wild Verdict,52.16,46,62.99130434782609
Shattered Bangkok II,52.16,57,54.90526315789474
The Storm of Berlin II,52.12166666666667,47,76.48510638297873
Velvet River II,52.12,65,51.73384615384615
The Inheritance of Berlin,52.115,53,68.60754716981131
The Mirror of Oslo III,52.093333333333334,44,58.225
Burning Garden II,52.086666666666666,48,65.77083333333333
Detroit Heist VI,52.07,34,68.06470588235294
Hamburg Empire II,52.055,47,52.738297872340425
Neon Ledger IV,52.04833333333333,41,72.54878048780488
Lisbon Syndicate,52.04,45,57.82666666666666
Whispering Sanctuary III,52.04,44,56.76363636363636
Scarlet Legacy II,52.02166666666667,49,57.91224489795918
Neon Horizon III,52.019999999999996,43,62.579069767441865
The Kingdom of Lisbon,52.013333333333335,39,70.81538461538462
The Echoes of Mumbai,51.97,51,52.7078431372549
Bangkok Shadows,51.968333333333334,48,66.97291666666666
Tokyo River II,51.96,50,60.534
Golden Toronto VI,51.95166666666667,52,63.763461538461534
Iron Tide II,51.945,57,48.81228070175439
Falling Throne II,51.925,45,61.27111111111112
Lagos Ledger II,51.913333333333334,55,56.63272727272727
Phantom Lisbon,51.88666666666667,53,49.35471698113208
Oslo Storm II,51.88333333333333,42,75.63095238095238
Midnight Naples,51.87166666666667,37,74.44864864864864
Tokyo Ledger VI,51.86333333333333,48,70.46666666666667
Bogota Storm IV,51.85666666666667,59,39.34915254237288
Frozen Istanbul II,51.85,50,64.81
Brilliant Hamburg V,51.84,52,65.73653846153846
Iron Berlin II,51.81166666666667,40,59.33
Lagos Departure III,51.81,64,73.59375
The Empire of Marseille,51.79666666666667,61,45.08032786885246
Crooked Istanbul,51.78666666666667,39,76.6051282051282
Broken Legacy III,51.75,44,81.10909090909091
Madrid Echoes V,51.74666666666667,44,54.695454545454545
Shattered Istanbul III,51.74333333333333,65,65.42923076923077
The Affair of Cairo,51.74166666666667,58,58.82586206896552
Tokyo Cipher IV,51.725,51,56.34705882352941
Iron Seoul III,51.718333333333334,33,79.67878787878789
Forgotten Echoes III,51.711666666666666,49,47.963265306122445
Neon Legacy,51.69,49,60.85918367346939
The Storm of Mumbai,51.68833333333333,35,81.29142857142857
Lagos Paradox,51.681666666666665,39,70.98205128205129
Hollow Circuit II,51.678333333333335,47,68.01489361702127
The Algorithm of Cairo IV,51.65833333333333,58,69.40172413793104
The Syndicate of Istanbul,51.64833333333333,49,56.973469387755095
Crooked Paradox,51.63666666666667,37,70.97027027027028
Bitter Tide,51.63166666666667,38,67.93157894736842
The Storm of Lisbon II,51.608333333333334,38,66.78684210526316
The Affair of Hamburg,51.59833333333333,45,54.59111111111111
The Shadows of Berlin,51.58833333333333,53,52.14150943396226
Silent Echoes,51.58,43,70.55813953488372
The Heist of Oslo III,51.54833333333333,54,67.38703703703703
Forgotten Heist,51.545,62,49.38225806451613
Wild Detroit,51.541666666666664,55,66.15272727272728
The Kingdom of Jakarta VII,51.541666666666664,41,70.49024390243902
The Crown of Sydney II,51.54,44,67.58181818181818
Quiet Sydney,51.498333333333335,44,70.92727272727274
Hidden Verdict II,51.49666666666666,54,68.11111111111111
Crimson Algorithm,51.49333333333333,46,65.20652173913044
Electric Sydney VI,51.49,33,73.71212121212122
The Anatomy of Madrid IV,51.486666666666665,56,51.55535714285714
Detroit Circuit,51.47833333333333,43,72.55348837209303
Scarlet Pact,51.471666666666664,38,65.53684210526316
Eternal Algorithm,51.47,56,67.24464285714285
Golden Madrid,51.461666666666666,51,61.15098039215686
Phantom Paradox III,51.455,47,60.268085106382976
Shattered Expedition,51.44166666666666,47,54.725531914893615
Velvet Confession V,51.431666666666665,59,69.73559322033897
Silent Lagos,51.41166666666667,44,77.0340909090909
Forgotten Cairo II,51.395,49,58.816326530612244
Paper Lagos,51.39333333333333,50,68.528
Distant Odyssey,51.391666666666666,47,59.648936170212764
The Reckoning of Oslo IV,51.38,44,64.86590909090908
The Sanctuary of Cairo IV,51.35333333333333,40,58.3525
The Syndicate of Sydney II,51.35166666666667,47,56.99361702127659
Madrid Odyssey IV,51.33166666666666,55,84.84
Burning Oslo,51.32666666666667,47,68.2531914893617
Detroit Lighthouse,51.32333333333334,46,61.41956521739131
The Algorithm of Oslo II,51.30166666666667,55,64.32545454545455
Mumbai Heist IV,51.285,38,55.84473684210526
Whispering Pact II,51.27333333333333,52,66.475
Cairo Frequency II,51.27166666666667,41,70.79024390243903
The Mirror of Tokyo III,51.263333333333335,48,68.175
Marseille Tide II,51.24666666666667,49,52.285714285714285
The Promise of Oslo IV,51.24666666666666,40,74.6425
Marseille Inheritance,51.23833333333333,53,65.17547169811321
Falling Odyssey II,51.235,47,69.58936170212766
Crimson Affair II,51.22833333333333,50,69.846
Oslo Ledger,51.223333333333336,50,52.536
The Mirror of Cairo IV,51.205,46,67.4608695652174
The Departure of Detroit V,51.2,55,45.78545454545454
Crimson Marseille,51.163333333333334,45,47.36666666666667
Falling Toronto,51.156666666666666,47,57.8
Shattered Sydney IV,51.155,48,60.9
Golden Horizon III,51.153333333333336,61,64.50983606557377
Crimson Naples II,51.15,55,64.13090909090909
Paper Hamburg IV,51.12166666666667,48,57.56666666666666
Toronto Expedition III,51.11,39,72.79230769230769
Shattered Bangkok,51.11,51,78.09019607843138
Tender Marseille,51.10333333333333,43,64.83255813953488
The Anatomy of Bangkok IV,51.098333333333336,40,61.815
The Horizon of Berlin VI,51.08166666666666,44,63.33181818181818
Rising Madrid II,51.06166666666667,54,58.48703703703704
Reckless Oslo V,51.05833333333333,43,43.972093023255816
Oslo Heist IV,51.055,46,57.40869565217392
Seoul Anatomy IV,51.04833333333333,42,79.26904761904763
Tokyo Empire VI,51.01,40,67.705
Brilliant Kingdom,50.99333333333333,40,57.9525
The Cipher of Marseille V,50.98833333333333,50,68.756
Frozen Reckoning II,50.973333333333336,56,65.01428571428572
Sydney Protocol,50.95166666666667,46,72.23695652173913
Broken Algorithm,50.943333333333335,60,50.943333333333335
The Empire of Seoul,50.93333333333333,41,67.14146341463415
Sacred Bogota,50.931666666666665,38,73.10526315789474
Tender Lisbon IV,50.916666666666664,43,56.383720930232556
The Echoes of Naples,50.91,40,76.365
Frozen Ledger III,50.895,62,74.62096774193549
The Storm of Berlin IV,50.894999999999996,48,61.77291666666667
Whispering Tide II,50.891666666666666,44,64.25454545454545
Forgotten Sanctuary III,50.88666666666667,46,51.05869565217391
Phantom Tokyo IV,50.858333333333334,52,61.11923076923077
Lagos Inheritance IV,50.85166666666667,45,55.57111111111111
The Harvest of Berlin II,50.85,54,58.85740740740741
Lost Departure II,50.846666666666664,42,65.42619047619048
Marseille Ledger,50.839999999999996,47,56.93191489361703
The Garden of Cairo,50.83833333333333,39,62.05641025641025
Eternal Requiem II,50.835,38,58.586842105263166
The Requiem of Berlin II,50.833333333333336,68,55.372058823529414
Hamburg Frequency,50.82333333333333,47,64.8808510638298
Neon Departure III,50.815,39,60.13846153846154
Cairo Anatomy II,50.803333333333335,43,71.60000000000001
Golden Hamburg II,50.795,43,55.37674418604651
Berlin Expedition V,50.785000000000004,55,52.261818181818185
Neon Crown,50.78333333333333,68,61.39411764705883
Last Seoul III,50.778333333333336,40,71.1775
Marseille Expedition II,50.778333333333336,54,48.224074074074075
Bangkok Heist IV,50.77166666666667,54,48.220370370370375
The Empire of Hamburg,50.763333333333335,41,59.90731707317073
The Harvest of Naples II,50.76,44,66.55681818181819
Silent Lisbon IV,50.75666666666667,48,66.78958333333334
The Algorithm of Mumbai,50.72833333333333,46,56.07826086956521
Hollow Frequency,50.725,52,60.96923076923077
Crimson Naples III,50.714999999999996,48,72.04791666666667
The Inheritance of Naples IV,50.711666666666666,45,63.77777777777778
Lisbon Protocol,50.70333333333333,59,53.15423728813559
Paper Berlin IV,50.70166666666667,42,53.26428571428571
Madrid Shadows,50.695,44,69.83181818181818
Glass Istanbul IV,50.693333333333335,59,70.61864406779661
Scarlet Departure III,50.69166666666667,49,66.73877551020408
The Tide of Toronto II,50.66833333333334,49,50.8530612244898
Scarlet Departure II,50.651666666666664,52,62.84423076923077
Last Storm,50.651666666666664,50,74.13
Shattered Seoul II,50.64833333333333,36,68.62777777777778
Midnight Seoul III,50.64833333333333,63,63.46825396825397
Marseille Syndicate V,50.638333333333335,59,62.0406779661017
The Syndicate of Lagos III,50.638333333333335,44,63.93636363636363
The Tide of Istanbul,50.625,51,66.91372549019607
The Cipher of Oslo II,50.623333333333335,51,81.5843137254902
The Empire of Oslo V,50.62166666666667,43,71.34883720930233
The Anatomy of Berlin II,50.62,66,71.9030303030303
The Frequency of Lagos II,50.61666666666667,49,58.47551020408164
Phantom Verdict,50.61333333333334,46,54.11086956521739
Sydney Heist,50.608333333333334,44,61.61136363636364
Eternal Sydney,50.55833333333333,57,49.27543859649123
Paper Confession II,50.556666666666665,40,65.3725
The Syndicate of Cairo II,50.54666666666667,39,63.22564102564103
Falling Verdict,50.54666666666667,50,63.184
Hollow Mumbai IV,50.54666666666667,51,78.24117647058823
The Anatomy of Seoul III,50.54333333333333,43,54.67209302325582
Hidden Heist VI,50.538333333333334,37,64.01891891891891
Burning Berlin III,50.53666666666667,49,72.8061224489796
Velvet Toronto,50.53333333333333,50,52.724
Paper Empire II,50.51833333333333,42,73.64285714285714
Bangkok Tide III,50.516666666666666,45,62.373333333333335
The Frequency of Berlin II,50.516666666666666,48,70.94375000000001
Toronto Reckoning II,50.498333333333335,42,63.273809523809526
Distant Empire,50.483333333333334,52,62.63269230769231
The Reckoning of Berlin,50.48,43,69.73255813953489
Savage Cipher,50.461666666666666,45,64.69555555555554
The Requiem of Cairo IV,50.458333333333336,52,66.92115384615384
Jakarta Algorithm VI,50.455,42,67.9952380952381
Forgotten Naples IV,50.445,49,53.23673469387755
Rising Oslo II,50.43666666666667,53,74.15094339622641
The Pact of Marseille II,50.416666666666664,45,67.22222222222223
The Affair of Berlin IV,50.365,46,60.83043478260869
The Ledger of Bangkok II,50.35666666666667,35,67.4342857142857
Hamburg River II,50.336666666666666,48,47.67291666666667
Naples Tide III,50.325,48,59.35
Whispering Jakarta,50.321666666666665,49,73.35510204081633
Rising Throne III,50.318333333333335,52,54.776923076923076
Last Sanctuary II,50.31666666666666,58,59.16206896551724
Glass Odyssey,50.315,39,67.8948717948718
Seoul Algorithm IV,50.30833333333333,46,54.68260869565218
The Reckoning of Madrid II,50.306666666666665,42,62.48809523809524
Istanbul Requiem III,50.285000000000004,42,65.9047619047619
Crooked Bogota,50.285,57,51.38947368421052
Shattered Departure,50.285,45,54.94888888888889
Frozen Hamburg IV,50.275,58,58.439655172413794
Tokyo Anatomy,50.255,51,51.40980392156863
Tokyo Kingdom,50.24333333333333,48,69.02499999999999
The Inheritance of Istanbul II,50.23166666666667,50,70.92
Frozen Sydney III,50.23,42,53.95238095238095
Lisbon Garden III,50.22833333333333,53,63.888679245283015
Endless Cairo IV,50.22666666666667,43,71.51627906976744
Seoul Verdict V,50.22,56,55.46785714285714
Falling Berlin,50.205,56,67.2375
Last Tokyo,50.19,45,66.26222222222222
Hidden Heist IV,50.17666666666667,44,61.09318181818182
Whispering Lagos,50.16833333333334,61,64.92786885245901
Endless Harvest,50.16166666666667,52,45.56346153846154
Broken Odyssey III,50.155,36,61.46388888888888
Savage Jakarta,50.151666666666664,46,69.5891304347826
Hidden Lagos IV,50.13166666666667,49,49.902040816326526
Lost Affair II,50.12833333333333,45,64.89333333333333
Hidden Reckoning,50.12833333333333,47,71.0936170212766
The Affair of Lagos II,50.125,54,60.538888888888884
Lisbon Lighthouse II,50.123333333333335,55,49.261818181818185
Broken Sanctuary II,50.10333333333333,43,55.05116279069767
Rising Naples II,50.07833333333333,41,73.28536585365855
Cairo Circuit II,50.071666666666665,62,64.61129032258064
Crimson Paradox,50.07,55,52.014545454545456
The Affair of Marseille III,50.06,45,64.80222222222223
The Kingdom of Sydney III,50.056666666666665,47,60.86382978723404
Naples Crown II,50.053333333333335,41,58.12926829268293
The Paradox of Naples II,50.045,51,61.33529411764706
Frozen Seoul II,50.03666666666667,53,62.93584905660377
The Lighthouse of Seoul II,50.028333333333336,66,54.16212121212121
Lisbon Garden II,50.02333333333333,42,63.2452380952381
Sydney Mirror III,49.998333333333335,45,75.75555555555556
The Shadows of Naples II,49.97833333333333,62,51.998387096774195
Scarlet River IV,49.96666666666667,42,64.89285714285714
The Algorithm of Seoul,49.95,44,69.49545454545455
Iron Toronto II,49.94833333333333,61,55.82950819672131
Toronto Storm,49.945,35,71.95714285714286
Wild Inheritance,49.93333333333333,41,64.09512195121951
Falling Syndicate II,49.92,46,52.9304347826087
Glass Sydney,49.91833333333333,49,58.214285714285715
The Requiem of Oslo V,49.906666666666666,40,61.35
Wild Shadows,49.89666666666667,47,70.77446808510639
Phantom Expedition,49.89333333333333,52,47.978846153846156
Crimson Oslo II,49.885,49,59.88775510204081
Naples Confession III,49.86666666666667,47,72.34468085106383
Berlin Echoes II,49.86666666666667,35,61.94571428571428
Whispering Reckoning,49.85333333333333,53,61.339622641509436
Glass Hamburg IV,49.843333333333334,47,52.15531914893617
The Pact of Marseille,49.835,51,60.44509803921568
The Confession of Sydney V,49.833333333333336,48,67.70625
The Kingdom of Jakarta VI,49.818333333333335,45,56.76222222222223
The Confession of Mumbai,49.815,51,46.50588235294118
The Verdict of Berlin II,49.806666666666665,45,66.4088888888889
Madrid Shadows III,49.805,37,72.10810810810811
Wild River,49.805,38,64.46052631578948
The Verdict of Berlin V,49.8,63,52.701587301587296
Neon Tokyo,49.79,52,61.775000000000006
Crooked Bangkok III,49.78666666666667,53,56.362264150943396
Iron Hamburg,49.785,45,60.351111111111116
Whispering Hamburg,49.78,41,78.33170731707317
Lost Istanbul,49.778333333333336,42,46.48095238095238
Marseille Algorithm II,49.775,48,54.57916666666667
The Crown of Lagos III,49.769999999999996,50,64.926
Restless Oslo III,49.751666666666665,52,48.642307692307696
The Inheritance of Lagos,49.74666666666667,49,65.49591836734695
The Inheritance of Madrid,49.71666666666667,54,56.364814814814814
Iron Berlin III,49.69166666666667,60,67.14833333333334
The River of Lagos II,49.69,52,64.41730769230769
Sydney Ledger III,49.68833333333333,67,66.40746268656717
Velvet Expedition IV,49.666666666666664,57,55.02807017543859
Broken Requiem II,49.64833333333333,47,60.94042553191489
Cairo Confession II,49.62833333333333,46,55.32826086956521
Eternal Syndicate II,49.605,69,47.392753623188405
The Ledger of Detroit V,49.60333333333333,42,70.16904761904762
Tender Crown II,49.6,50,66.876
The Tide of Marseille II,49.59166666666667,42,63.24761904761905
Velvet Bogota V,49.57666666666667,50,61.97
The Inheritance of Mumbai IV,49.575,40,59.025
Quiet Berlin II,49.571666666666665,59,52.5271186440678
The Odyssey of Bogota VI,49.57,45,61.2
Oslo Paradox II,49.568333333333335,40,72.885
The Verdict of Naples II,49.528333333333336,60,79.89166666666667
Tender Cairo II,49.515,52,73.24230769230769
Endless Circuit II,49.51,51,67.7235294117647
Iron Inheritance III,49.50333333333333,50,66.748
Jakarta Ledger VI,49.47333333333333,45,55.90666666666667
Neon Madrid,49.458333333333336,34,73.96470588235293
Neon Toronto,49.458333333333336,41,65.79268292682927
Cairo Shadows VI,49.403333333333336,50,49.398
Tokyo Shadows V,49.394999999999996,40,71.235
Mumbai Sanctuary,49.32,52,68.57115384615385
Iron Jakarta III,49.3,41,72.86341463414634
Toronto Departure III,49.29666666666667,54,62.946296296296296
Cairo Echoes II,49.29333333333333,39,74.34615384615384
The Kingdom of Jakarta,49.28333333333333,36,66.25555555555555
The Empire of Lisbon III,49.265,37,82.35945945945946
Oslo Circuit V,49.263333333333335,36,57.80833333333333
The Confession of Oslo,49.25833333333333,46,65.55434782608695
Midnight Tide II,49.24666666666667,41,55.017073170731706
The Legacy of Mumbai,49.23833333333334,34,70.64411764705882
The Horizon of Seoul II,49.233333333333334,48,53.06041666666667
The Confession of Madrid III,49.205,29,81.4448275862069
Hidden Sydney IV,49.18,48,64.03541666666666
Brilliant Garden,49.17666666666667,42,54.03809523809524
Broken Affair II,49.163333333333334,40,59.94
Berlin Crown III,49.156666666666666,42,64.42857142857143
The Kingdom of Bangkok II,49.098333333333336,56,53.67321428571428
The Mirror of Detroit,49.086666666666666,54,65.72037037037038
Forgotten Storm II,49.068333333333335,53,53.924528301886795
Gilded Throne II,49.06333333333333,46,61.53260869565217
The Circuit of Sydney III,49.06,55,74.33636363636364
Istanbul Empire,49.05833333333333,42,47.67142857142857
Sydney Promise,49.02333333333333,50,67.62
Istanbul Garden,49.016666666666666,45,58.35333333333334
Brilliant Cairo,49.00666666666667,41,51.97317073170732
Detroit Syndicate,48.99166666666667,50,61.242
The Departure of Seoul II,48.98833333333334,43,58.41627906976744
Mumbai Heist,48.986666666666665,43,59.43488372093023
The Lighthouse of Mumbai IV,48.95666666666666,59,63.83050847457627
Crimson Mirror,48.95666666666666,39,79.27179487179487
The Anatomy of Istanbul II,48.931666666666665,48,48.54791666666667
The Promise of Toronto,48.92333333333333,41,73.05609756097562
The River of Cairo,48.888333333333335,52,67.16346153846153
The Expedition of Tokyo,48.888333333333335,53,63.613207547169814
Hidden Affair III,48.88166666666667,53,48.12075471698113
Glass Lagos IV,48.873333333333335,46,66.40652173913043
Lost Syndicate,48.86,44,67.98636363636363
The Circuit of Cairo,48.84,48,57.59375
Istanbul Circuit IV,48.83166666666666,61,51.1
Hollow Seoul,48.82,41,55.81951219512195
Mumbai Pact IV,48.805,43,54.03720930232558
Iron Pact II,48.803333333333335,49,54.32448979591837
Lost Protocol,48.8,49,43.3
Tokyo Algorithm II,48.78666666666667,50,73.176
Scarlet Algorithm II,48.74333333333333,49,45.56938775510204
Lost Cairo II,48.72,33,66.60000000000001
Naples Algorithm II,48.718333333333334,44,45.18636363636364
The Cipher of Berlin III,48.71666666666667,48,55.35833333333333
Crimson Promise,48.71666666666667,45,69.09555555555556
The Verdict of Sydney IV,48.695,41,64.19268292682926
Last Jakarta III,48.675,41,56.073170731707314
Toronto Circuit IV,48.663333333333334,48,53.833333333333336
The Tide of Detroit V,48.65,50,56.674
The Promise of Detroit II,48.64,57,44.13859649122807
The Odyssey of Lagos,48.62,47,68.19574468085106
Lisbon Verdict,48.615,43,61.11162790697675
Wild Naples,48.61,36,59.138888888888886
Eternal Mirror,48.60333333333333,45,68.21333333333334
Oslo Protocol III,48.60333333333333,44,54.77272727272727
Velvet Oslo VI,48.59,43,66.46744186046512
Tender Naples II,48.58833333333333,51,69.71960784313725
Neon Marseille III,48.583333333333336,42,67.37857142857143
Lagos River II,48.57833333333333,39,82.12564102564103
The Expedition of Tokyo IV,48.571666666666665,61,56.87049180327869
Frozen Storm,48.52833333333333,43,55.96976744186046
Tokyo Legacy III,48.52333333333333,44,56.07272727272727
The Throne of Madrid IV,48.52166666666667,55,66.99272727272727
Gilded Empire,48.501666666666665,51,65.58627450980393
Neon Sydney II,48.49333333333333,43,67.66511627906976
Hollow Madrid VI,48.49,51,51.86078431372549
The Paradox of Seoul III,48.483333333333334,58,58.320689655172416
Savage Detroit II,48.48166666666667,85,61.10823529411765
Hamburg Tide III,48.465,56,62.56964285714286
Wild Toronto V,48.46333333333333,53,68.57358490566038
The Shadows of Mumbai,48.46,56,61.81785714285714
Crimson Mumbai II,48.45666666666666,46,59.623913043478254
The Algorithm of Berlin VI,48.45166666666667,59,69.39661016949152
The Confession of Tokyo II,48.445,48,61.18125
Phantom Bogota III,48.44,41,55.382926829268285
Lisbon Affair,48.435,38,76.47631578947369
Reckless Oslo II,48.41833333333334,41,64.41463414634147
The Promise of Istanbul,48.41166666666667,45,65.19555555555556
Tender Bogota,48.41,44,60.565909090909095
Reckless Marseille,48.37166666666667,43,54.437209302325584
Bitter Bogota,48.36333333333334,53,55.87358490566038
Falling Seoul V,48.36333333333334,45,67.86444444444444
Seoul Verdict VI,48.361666666666665,47,55.12553191489362
Iron Verdict,48.358333333333334,52,68.05192307692307
Restless Pact,48.345,39,58.55897435897436
Forgotten Ledger,48.339999999999996,53,62.17547169811321
Golden Oslo II,48.335,39,64.11025641025641
The Expedition of Madrid II,48.32833333333333,46,72.45652173913044
The Legacy of Sydney,48.32333333333333,38,72.66578947368421
Naples Legacy III,48.31333333333333,48,61.62916666666666
Jakarta Ledger IV,48.28666666666667,36,71.21944444444445
Hamburg Algorithm VI,48.285000000000004,37,60.229729729729726
Scarlet Mumbai II,48.285,42,59.983333333333334
Savage Legacy,48.28,57,55.229824561403504
The Algorithm of Cairo VI,48.27,61,54.57049180327869
Tokyo Circuit,48.25333333333333,40,69.6
Marseille Circuit III,48.248333333333335,50,56.21
The Garden of Jakarta,48.24666666666667,48,53.854166666666664
Hollow Naples III,48.23166666666667,48,61.520833333333336
Detroit Promise IV,48.205,47,73.2595744680851
Istanbul River II,48.185,63,44.12222222222222
Eternal Toronto II,48.17666666666667,57,66.72631578947369
Hidden Tokyo,48.165,68,68.54705882352941
Bitter Harvest II,48.153333333333336,50,56.652
Reckless Expedition,48.15,49,71.89795918367346
Cairo Anatomy III,48.095,49,50.76326530612245
Scarlet Horizon,48.075,44,60.70227272727273
The Verdict of Berlin IV,48.06166666666667,49,69.23673469387755
Glass Empire II,48.06166666666667,52,52.31730769230769
Hamburg Algorithm IV,48.031666666666666,44,64.84772727272728
Lagos Promise,48.026666666666664,59,54.26101694915254
Velvet Naples III,48.0,73,52.605479452054794
Berlin Ledger II,47.97833333333333,40,64.8375
Toronto Garden III,47.968333333333334,35,64.75428571428571
The Odyssey of Mumbai III,47.96333333333333,42,60.63571428571428
Naples Heist V,47.95666666666666,58,59.76379310344828
Frozen Madrid,47.955,70,52.69714285714286
Jakarta Algorithm,47.95333333333333,48,64.45416666666667
Endless Frequency,47.95333333333333,57,74.23333333333333
Sacred Oslo VI,47.95,56,53.517857142857146
Phantom Sydney,47.931666666666665,45,62.053333333333335
The Sanctuary of Bogota,47.92,76,62.00921052631579
Savage Detroit VI,47.91,36,53.24444444444444
Lisbon Shadows II,47.905,43,56.16744186046511
The Sanctuary of Madrid,47.895,48,57.018750000000004
Midnight Inheritance,47.876666666666665,41,51.900000000000006
Madrid Paradox II,47.865,39,61.882051282051286
The Promise of Bangkok II,47.858333333333334,35,72.59714285714286
Tender Tide II,47.85333333333333,46,55.73695652173913
The Verdict of Jakarta,47.85,42,71.95238095238095
Sacred Horizon II,47.848333333333336,54,63.28703703703704
The Throne of Lagos VI,47.84166666666667,42,47.46666666666666
Cairo Horizon III,47.833333333333336,35,82.83142857142857
Brilliant Bogota IV,47.83166666666667,38,71.92368421052632
Eternal Odyssey,47.82333333333333,51,56.26274509803922
Silent Detroit II,47.805,45,60.71333333333333
Jakarta Lighthouse,47.80166666666667,47,62.91702127659574
The Affair of Bogota VI,47.79666666666667,50,72.604
Crimson Bogota,47.79,37,67.37837837837837
Lagos Protocol III,47.778333333333336,56,49.221428571428575
Silent Madrid III,47.776666666666664,53,68.4622641509434
The Promise of Berlin VI,47.769999999999996,39,67.42820512820512
Bitter Lisbon II,47.74333333333333,43,55.52558139534884
The Tide of Bangkok II,47.73,43,64.04186046511629
Phantom Madrid,47.725,41,60.73170731707317
Broken Odyssey IV,47.72,56,41.908928571428575
Golden Berlin IV,47.711666666666666,57,72.7877192982456
Silent Odyssey II,47.70666666666667,58,56.72758620689655
Tender Lagos IV,47.70166666666667,60,57.465
The Crown of Cairo II,47.685,60,61.13666666666666
The Mirror of Tokyo,47.64833333333333,49,64.83061224489795
Endless Bangkok II,47.61833333333333,42,53.154761904761905
Frozen Legacy,47.60333333333333,50,42.321999999999996
Eternal Bogota II,47.598333333333336,63,64.76190476190476
Frozen Madrid III,47.56,60,57.29833333333333
Burning Bangkok IV,47.555,65,57.01692307692308
Scarlet Lisbon IV,47.541666666666664,55,51.86363636363637
Golden Tide II,47.525,44,61.725
Tender Algorithm III,47.525,40,76.65
Whispering Cipher,47.498333333333335,52,58.926923076923075
Midnight Protocol II,47.49666666666667,39,68.93076923076923
Golden Storm,47.486666666666665,49,48.45510204081633
Mumbai Lighthouse VI,47.47,48,52.04791666666667
Broken Jakarta V,47.461666666666666,53,50.213207547169816
The Frequency of Lisbon IV,47.455,52,69.30192307692307
The Crown of Bogota IV,47.43833333333333,45,68.74444444444444
Hidden River II,47.431666666666665,50,65.408
The Promise of Naples,47.428333333333335,37,73.25405405405405
Scarlet Cairo,47.41833333333334,61,54.880327868852454
Istanbul Throne II,47.403333333333336,56,69.57142857142857
The Throne of Oslo III,47.38333333333333,46,63.05869565217391
Restless Requiem,47.38166666666667,44,62.13409090909091
The Horizon of Madrid II,47.37833333333333,39,66.87179487179488
Bangkok Kingdom IV,47.36666666666667,39,67.48205128205129
The Lighthouse of Jakarta V,47.361666666666665,45,67.9088888888889
The Sanctuary of Istanbul,47.358333333333334,47,57.57659574468085
Mumbai Verdict IV,47.32833333333333,54,51.55925925925926
Lost Lighthouse III,47.324999999999996,37,69.77027027027027
The Ledger of Lagos V,47.321666666666665,42,60.36190476190476
Madrid River IV,47.31666666666667,48,68.76666666666667
Sacred Syndicate II,47.31166666666667,45,62.468888888888884
The Tide of Tokyo III,47.303333333333335,54,64.10185185185185
Reckless Bangkok III,47.29,35,71.73714285714286
Tokyo Promise IV,47.27166666666667,50,46.114
Bangkok Lighthouse IV,47.26833333333333,55,62.88
Falling Anatomy,47.263333333333335,50,56.153999999999996
Eternal Seoul II,47.24166666666667,44,67.09318181818182
Oslo Lighthouse II,47.23833333333334,52,49.54807692307692
Istanbul Anatomy II,47.20166666666667,73,50.393150684931506
Tokyo Syndicate II,47.193333333333335,46,46.28478260869565
Last Departure V,47.16833333333333,43,59.30232558139535
Gilded Harvest,47.163333333333334,42,68.74047619047619
Electric Inheritance II,47.160000000000004,47,65.43617021276596
Burning Verdict III,47.135,42,76.52380952380952
Gilded Frequency,47.13,49,45.08163265306123
Frozen Oslo III,47.105,41,81.09268292682927
Berlin Sanctuary II,47.098333333333336,42,56.078571428571436
Distant Toronto II,47.085,45,72.99777777777778
Crooked Tokyo II,47.06333333333333,39,54.853846153846156
Quiet Tokyo II,47.045,56,61.475
The Paradox of Cairo,47.045,45,42.093333333333334
The Promise of Tokyo II,47.019999999999996,57,65.12631578947368
Lost Cairo,46.99166666666667,37,75.45675675675676
The Ledger of Bogota II,46.975,59,57.54915254237288
Wild Throne III,46.9,60,58.625
Hollow Toronto,46.87833333333334,55,65.56363636363636
The Frequency of Lisbon,46.86333333333333,39,75.8974358974359
Berlin Departure IV,46.86,55,65.55272727272727
Broken Istanbul VI,46.85333333333333,35,61.78000000000001
The Inheritance of Jakarta,46.85166666666667,55,54.369090909090914
Hamburg Inheritance,46.82833333333333,49,76.45510204081633
Lagos Paradox IV,46.825,50,59.144
The Syndicate of Oslo IV,46.81,41,66.49268292682926
The Garden of Jakarta III,46.806666666666665,53,65.42830188679245
Marseille Protocol,46.805,52,58.698076923076925
Tokyo Frequency III,46.80166666666667,49,60.32448979591837
Lost Detroit,46.80166666666666,45,56.22222222222222
Sacred Lagos IV,46.79333333333334,47,61.58510638297872
Last Seoul II,46.781666666666666,37,63.74324324324324
Cairo Echoes IV,46.77666666666667,54,55.88703703703704
Broken Odyssey,46.769999999999996,50,63.78
Golden Reckoning II,46.769999999999996,43,75.89302325581396
Gilded Crown II,46.76833333333333,37,81.54594594594595
Hamburg Shadows II,46.766666666666666,43,70.93255813953488
Cairo Algorithm IV,46.755,47,52.3531914893617
Mumbai Frequency II,46.751666666666665,42,75.03571428571429
Restless Lagos II,46.74666666666666,53,49.924528301886795
Toronto Shadows IV,46.733333333333334,54,54.66481481481482
Iron Sanctuary,46.73166666666667,38,61.48947368421052
Naples Ledger,46.71666666666667,46,63.47173913043478
Tokyo Sanctuary,46.71,42,73.32857142857144
Mumbai Confession,46.70666666666667,44,55.872727272727275
Bitter Pact IV,46.70666666666666,59,53.36440677966102
Silent Anatomy,46.695,35,72.11999999999999
The Storm of Bogota IV,46.69166666666667,48,61.43125
Tokyo Circuit V,46.64666666666667,43,63.81627906976744
Burning Confession,46.626666666666665,54,65.58333333333333
Brilliant Lisbon II,46.56666666666667,44,57.209090909090904
Seoul River,46.555,50,47.34
Electric Bangkok,46.541666666666664,47,52.57659574468085
The Garden of Lisbon IV,46.535,56,66.49107142857143
Berlin Empire II,46.52,39,55.469230769230776
The Sanctuary of Cairo V,46.49166666666667,44,64.0340909090909
Brilliant Toronto II,46.48166666666667,79,52.69620253164557
Restless Jakarta IV,46.48,49,56.3469387755102
Hamburg Algorithm III,46.461666666666666,39,54.14871794871795
Broken Heist II,46.43,48,70.77916666666667
Iron Expedition,46.401666666666664,57,60.30701754385965
Rising Lagos,46.39833333333333,61,43.881967213114756
The Garden of Naples,46.39,57,75.1280701754386
Forgotten Berlin,46.38,43,54.84418604651163
Burning Madrid III,46.35166666666667,36,73.56944444444444
Reckless Sanctuary,46.343333333333334,48,59.72083333333333
Last Anatomy,46.32666666666667,42,72.74285714285713
The Reckoning of Marseille III,46.30166666666667,55,73.20363636363636
Toronto Requiem II,46.26,39,56.48717948717949
Neon Berlin IV,46.24333333333333,47,67.08510638297872
Crooked Marseille IV,46.24,47,68.64468085106384
Quiet Storm II,46.21,45,69.24666666666667
Crooked Tide,46.20666666666667,53,68.82452830188679
Toronto Cipher IV,46.20166666666667,39,58.256410256410255
The Paradox of Detroit III,46.19166666666667,58,51.939655172413794
Gilded Kingdom,46.19166666666667,46,58.48913043478261
Iron Bogota II,46.17666666666667,50,69.266
Endless Tide II,46.166666666666664,44,52.904545454545456
Hollow Mumbai II,46.16166666666667,49,54.34897959183673
The Odyssey of Bangkok III,46.15,49,52.32857142857143
Restless Promise III,46.14,40,61.2625
Sydney Verdict II,46.135,48,66.28541666666666
The Odyssey of Sydney,46.13,43,59.05813953488372
Broken Sydney IV,46.12833333333333,47,55.55531914893617
The Mirror of Detroit IV,46.126666666666665,42,59.89523809523809
Electric Pact III,46.125,45,56.94222222222223
The Protocol of Mumbai III,46.11833333333333,54,64.05
Seoul Verdict III,46.11666666666667,51,63.08235294117647
Endless Bangkok IV,46.11,44,57.165909090909096
Phantom Confession II,46.108333333333334,53,53.801886792452834
Restless Confession,46.10666666666667,45,59.10444444444444
Endless Sydney IV,46.09166666666667,54,56.26851851851852
The Kingdom of Istanbul II,46.09,35,60.30571428571428
The Kingdom of Bogota IV,46.08,38,65.54736842105264
Reckless Madrid II,46.075,42,59.3
The Ledger of Seoul II,46.06166666666667,48,42.96875
Whispering Echoes II,46.06166666666667,49,56.402040816326526
The Lighthouse of Naples IV,46.06,56,60.191071428571426
The Promise of Cairo,46.053333333333335,46,68.26521739130435
The Empire of Lisbon II,46.05166666666666,54,63.17777777777778
Distant Throne II,46.045,54,42.64074074074074
The Odyssey of Berlin V,46.038333333333334,42,50.595238095238095
Lisbon Lighthouse III,46.02,55,61.969090909090916
Sydney Heist II,46.016666666666666,49,70.42857142857143
Toronto Promise III,46.015,42,63.82380952380952
Whispering Tokyo II,45.998333333333335,48,73.71666666666667
Cairo Verdict III,45.985,44,66.02272727272727
The Legacy of Madrid III,45.97833333333333,42,58.12619047619048
The Requiem of Tokyo II,45.971666666666664,52,59.58653846153846
The Algorithm of Istanbul II,45.97,37,64.25405405405405
Phantom Lisbon II,45.968333333333334,41,64.06341463414634
Forgotten Bogota III,45.96,44,65.97272727272728
Whispering Naples IV,45.955,44,62.04545454545455
Madrid Empire,45.949999999999996,41,67.2439024390244
The Anatomy of Mumbai,45.949999999999996,49,61.83877551020408
Madrid Tide,45.928333333333335,52,57.603846153846156
The Promise of Lagos III,45.905,43,61.593023255813954
Marseille Expedition,45.894999999999996,49,59.79795918367347
The Syndicate of Detroit VI,45.88166666666667,42,60.12380952380952
Lisbon Throne II,45.85666666666667,46,72.95
Quiet Reckoning III,45.85333333333333,57,49.25263157894737
Phantom Departure,45.845,54,67.01666666666667
The Syndicate of Bogota V,45.836666666666666,52,50.85192307692308
Crooked Cipher,45.818333333333335,50,70.48
Bitter Berlin III,45.79333333333334,47,47.52340425531915
Bogota Garden II,45.791666666666664,66,57.81818181818182
Tokyo Syndicate VII,45.788333333333334,48,60.893750000000004
Istanbul Crown,45.785,47,49.12765957446808
Distant Detroit,45.76166666666666,43,55.04651162790697
Shattered Hamburg,45.76,43,60.81395348837209
Gilded Cairo II,45.74666666666667,46,62.80434782608695
Sacred Syndicate,45.736666666666665,56,62.81428571428571
Brilliant Shadows II,45.736666666666665,39,62.27179487179487
Mumbai Storm IV,45.71666666666667,42,54.42619047619048
The Algorithm of Naples,45.71333333333333,66,43.28787878787879
Cairo Heist,45.708333333333336,45,64.14222222222223
Lost Marseille VI,45.70666666666667,60,74.93666666666667
Glass Protocol II,45.70666666666666,42,70.20952380952382
Broken Reckoning,45.7,55,55.39454545454545
The Sanctuary of Hamburg,45.69166666666666,40,67.8625
The Requiem of Bangkok,45.68333333333333,37,71.23513513513512
Sacred Bogota IV,45.681666666666665,44,71.60227272727273
Marseille Mirror III,45.678333333333335,45,59.70222222222222
Tokyo Echoes III,45.67666666666667,41,60.76829268292683
Distant Anatomy,45.675,52,58.55576923076923
Savage Pact III,45.65,47,66.97446808510638
Istanbul Departure III,45.641666666666666,41,63.61219512195122
Rising Naples,45.641666666666666,42,57.7
The Verdict of Oslo III,45.62166666666667,68,64.92205882352941
Marseille Mirror II,45.61833333333333,55,63.80181818181818
The Tide of Toronto IV,45.615,70,61.09571428571428
Hidden Departure III,45.615,47,58.82340425531915
Phantom Mirror,45.611666666666665,83,62.22048192771084
Broken Marseille V,45.595,60,45.13166666666667
The Crown of Bogota III,45.586666666666666,60,59.995
Golden Confession,45.57833333333333,51,51.55882352941177
The Reckoning of Marseille II,45.565,47,51.93191489361703
Scarlet Tokyo III,45.56166666666667,55,47.78909090909091
Crimson Berlin V,45.51166666666666,58,59.6051724137931
Midnight Cipher,45.50833333333333,46,69.82826086956521
Berlin Circuit IV,45.498333333333335,56,61.69642857142857
Bangkok Harvest,45.49166666666667,44,63.95
Electric Lisbon II,45.49166666666667,54,61.63703703703704
Istanbul Shadows II,45.49166666666667,44,65.30227272727274
The Odyssey of Tokyo,45.48166666666667,41,50.417073170731705
Sacred Promise,45.46666666666667,54,48.574074074074076
The Confession of Marseille,45.46,43,58.1953488372093
Madrid Heist,45.46,46,52.949999999999996
The Odyssey of Lisbon,45.443333333333335,50,57.403999999999996
Velvet Affair II,45.44166666666666,48,55.68541666666667
Tender Mumbai III,45.43666666666667,35,64.90571428571428
Glass Echoes II,45.43333333333333,38,52.363157894736844
Falling Tokyo II,45.42666666666667,48,52.574999999999996
Bitter Algorithm II,45.42,44,53.87045454545455
Berlin Circuit,45.41166666666667,51,62.856862745098034
Bangkok Anatomy II,45.39666666666667,35,60.322857142857146
Mumbai Tide II,45.31666666666666,47,68.86595744680851
Oslo Horizon,45.305,42,61.63095238095238
Sacred Expedition III,45.281666666666666,43,67.94418604651163
The Protocol of Bogota II,45.25833333333333,47,59.56170212765958
Tokyo Protocol,45.24333333333333,106,56.91792452830189
The Protocol of Cairo III,45.2,38,64.3
Bitter Hamburg II,45.19833333333333,38,53.66315789473684
Gilded Heist II,45.18833333333333,52,49.19230769230769
Electric Cairo,45.181666666666665,49,54.77755102040816
Lost Tide II,45.17666666666667,47,73.00425531914894
The Sanctuary of Mumbai,45.17333333333333,45,78.22444444444444
The Crown of Detroit V,45.17,62,56.770967741935486
Sacred Mirror II,45.153333333333336,37,63.66216216216216
The Syndicate of Jakarta III,45.153333333333336,56,59.716071428571425
Electric Tide III,45.11833333333333,47,55.37659574468085
The Circuit of Oslo II,45.11666666666667,55,49.21818181818182
Seoul Anatomy II,45.09166666666667,50,51.532
Crimson Bangkok III,45.086666666666666,55,63.876363636363635
Quiet Legacy,45.055,68,55.99264705882353
Savage Toronto III,45.04333333333334,45,75.06888888888889
Oslo Empire II,45.015,47,58.64042553191489
Hidden Tokyo IV,45.013333333333335,42,55.91904761904762
The Horizon of Bogota,45.00833333333333,55,42.69818181818182
Sydney River III,45.00333333333333,37,71.55405405405405
The Requiem of Bogota IV,44.98833333333333,50,58.674
Hidden Bogota IV,44.986666666666665,35,56.291428571428575
The Departure of Mumbai II,44.98166666666667,36,72.08055555555556
The Circuit of Seoul,44.975,51,64.5372549019608
The Storm of Hamburg II,44.96333333333333,43,62.11162790697675
Restless Lisbon,44.955,52,63.25384615384615
Phantom Heist II,44.95333333333333,44,53.775
Last Departure II,44.95166666666667,42,46.542857142857144
Bogota Crown IV,44.928333333333335,48,55.59166666666667
Brilliant Odyssey,44.92166666666667,48,57.291666666666664
The Crown of Detroit,44.903333333333336,40,64.775
Crimson Toronto,44.885,47,52.56595744680851
The Paradox of Lisbon III,44.86,42,50.459523809523816
Naples Verdict IV,44.83833333333333,59,61.62033898305084
Whispering Detroit III,44.83833333333333,57,55.526315789473685
Scarlet Sydney II,44.835,54,49.324074074074076
Gilded Algorithm V,44.821666666666665,32,68.89375
Last Oslo IV,44.815,49,57.15714285714285
Hidden Protocol II,44.81333333333333,40,76.385
Jakarta Circuit,44.80833333333333,39,65.04358974358973
Sacred Ledger II,44.79333333333333,47,61.49574468085107
Hamburg Mirror II,44.78666666666667,90,60.932222222222215
The Circuit of Detroit III,44.78,44,58.70681818181818
Hollow Mumbai V,44.77666666666667,37,68.50810810810812
Paper Oslo II,44.769999999999996,50,69.77
Berlin Reckoning III,44.76833333333333,49,73.08775510204082
Savage Shadows II,44.763333333333335,54,38.270370370370365
The Ledger of Sydney III,44.725,46,81.02608695652174
Velvet Crown II,44.71666666666667,56,50.43035714285714
Quiet Hamburg,44.711666666666666,46,62.70652173913044
The Mirror of Lagos,44.696666666666665,72,65.33611111111111
Hamburg Confession III,44.656666666666666,36,57.675000000000004
The Heist of Istanbul II,44.62833333333333,44,66.15681818181818
Tokyo Harvest III,44.61833333333333,44,46.45227272727272
Lost Mumbai,44.60666666666667,49,47.91428571428572
The Shadows of Cairo II,44.60333333333333,34,70.91176470588235
Endless Istanbul,44.59,37,65.73513513513512
Phantom Bogota II,44.58833333333333,63,47.711111111111116
Silent Harvest,44.57833333333333,63,50.544444444444444
Last Protocol III,44.57666666666667,72,51.59166666666667
Oslo Departure VI,44.57666666666667,56,60.45178571428572
The Expedition of Sydney II,44.56333333333333,42,64.96904761904761
The Circuit of Detroit II,44.53,50,53.43600000000001
Bogota Echoes III,44.525,61,54.07377049180328
Forgotten Mumbai III,44.498333333333335,43,48.89069767441861
Broken Seoul II,44.495,64,62.2578125
Crimson Storm,44.495,61,65.31803278688525
The Storm of Istanbul II,44.49,47,59.77872340425532
The Frequency of Sydney,44.47833333333333,46,61.72173913043478
Eternal Mumbai II,44.46666666666667,38,70.21052631578948
Hollow Jakarta III,44.46,51,53.92745098039216
Lost Marseille III,44.44833333333333,47,56.182978723404254
The Crown of Tokyo V,44.446666666666665,48,61.050000000000004
Toronto Frequency,44.44,34,74.69411764705882
The Throne of Sydney,44.43333333333333,38,47.40526315789474
The Odyssey of Tokyo III,44.425,38,65.55
Hamburg Lighthouse VI,44.41833333333334,45,54.337777777777774
Wild Hamburg,44.376666666666665,39,68.27179487179487
Lost Bogota,44.376666666666665,55,60.51090909090909
Mumbai River,44.37,45,62.28
Restless Seoul II,44.36333333333333,50,56.63399999999999
Sydney Throne,44.35333333333333,47,51.9468085106383
Distant Berlin,44.35,47,59.6063829787234
Midnight Cairo,44.343333333333334,62,68.11612903225806
Wild Confession,44.34166666666667,46,58.42173913043479
Crooked Departure II,44.339999999999996,49,49.80612244897959
Glass Departure,44.33166666666666,50,54.846000000000004
Electric Horizon III,44.318333333333335,52,48.7
Oslo Shadows,44.315,43,73.61627906976744
Whispering Toronto III,44.29833333333333,57,59.77894736842106
The Lighthouse of Mumbai,44.295,44,71.9159090909091
Gilded Reckoning III,44.288333333333334,47,50.93191489361703
The Protocol of Bangkok IV,44.28333333333333,44,56.959090909090904
Berlin Horizon IV,44.276666666666664,59,50.03220338983051
The Storm of Marseille,44.25,39,70.18461538461538
The Odyssey of Toronto II,44.233333333333334,36,51.91111111111111
Bitter Cairo,44.23166666666667,38,68.47105263157896
Endless Istanbul V,44.225,48,71.78750000000001
Sacred Lisbon III,44.193333333333335,51,59.74705882352941
The Crown of Detroit III,44.185,42,54.88333333333333
Detroit Garden VI,44.166666666666664,52,67.05576923076923
Bangkok Anatomy IV,44.160000000000004,53,45.862264150943396
The Lighthouse of Oslo,44.156666666666666,49,62.15918367346939
Midnight Anatomy III,44.155,44,58.46363636363637
Whispering Bangkok,44.155,49,58.75918367346939
The Storm of Oslo,44.11333333333334,37,64.43783783783783
Istanbul Crown II,44.111666666666665,48,52.520833333333336
Velvet Naples II,44.1,46,67.68260869565218
The Harvest of Naples,44.096666666666664,41,63.88780487804878
The Echoes of Oslo,44.09166666666667,41,58.646341463414636
The Circuit of Lagos III,44.089999999999996,52,53.00769230769231
The Empire of Bangkok,44.075,43,58.55813953488372
Savage Toronto,44.06666666666667,46,61.143478260869564
Reckless Mirror II,44.055,49,53.41428571428572
Scarlet Berlin II,44.03333333333333,40,50.8075
Wild Jakarta V,44.02166666666667,49,72.84693877551021
Wild Marseille IV,44.0,57,49.27894736842106
Toronto Inheritance IV,44.0,39,58.85897435897436
The Kingdom of Oslo II,43.995000000000005,40,56.89
Forgotten Heist II,43.995,48,58.50833333333333
The Frequency of Berlin V,43.975,38,56.45263157894736
Whispering Empire,43.971666666666664,40,54.504999999999995
Frozen Reckoning III,43.968333333333334,37,69.9
The Shadows of Oslo,43.968333333333334,55,70.53818181818181
Scarlet Protocol II,43.968333333333334,53,48.801886792452834
The Paradox of Seoul,43.96666666666667,31,67.53548387096774
Istanbul Syndicate III,43.945,41,69.15121951219511
Burning Detroit,43.928333333333335,42,63.39523809523809
Istanbul Requiem IV,43.913333333333334,44,57.03409090909091
Berlin Harvest II,43.906666666666666,47,50.03617021276595
Detroit Anatomy II,43.888333333333335,41,60.03658536585366
Istanbul Kingdom II,43.888333333333335,45,62.92
Hollow Storm II,43.885,48,67.72083333333333
Electric Crown II,43.876666666666665,39,56.243589743589745
Distant Mirror II,43.873333333333335,54,60.92777777777778
The Departure of Berlin,43.86333333333334,55,52.00363636363636
Rising Cipher,43.86333333333333,43,57.737209302325574
Electric Mumbai,43.846666666666664,47,58.92553191489362
Seoul Promise II,43.82333333333333,41,58.829268292682926
Silent Mumbai,43.821666666666665,49,55.33061224489796
The Shadows of Naples IV,43.818333333333335,45,55.11555555555555
Toronto Expedition,43.81333333333333,42,56.39523809523809
Istanbul Horizon V,43.81333333333333,38,71.32368421052632
The Affair of Tokyo,43.81,43,57.127906976744185
Naples River,43.8,69,56.01014492753623
Rising Heist II,43.8,50,44.17
The Crown of Detroit II,43.778333333333336,56,55.183928571428574
Tokyo Verdict,43.775,37,78.88108108108108
Scarlet Detroit,43.77333333333333,44,54.26818181818182
Forgotten Anatomy,43.77,45,65.56888888888889
Sacred Paradox II,43.76166666666666,42,62.516666666666666
Brilliant Bangkok II,43.74333333333333,32,59.015625
Broken Berlin VI,43.73,49,60.155102040816324
The Reckoning of Lisbon,43.711666666666666,40,57.5175
Seoul Legacy II,43.696666666666665,56,63.269642857142856
Electric Jakarta II,43.69166666666667,49,47.76326530612245
Berlin Storm,43.69,52,50.41153846153846
Cairo Throne III,43.681666666666665,36,59.675000000000004
Naples Frequency,43.678333333333335,51,57.08039215686274
Wild Algorithm IV,43.67333333333333,61,76.72786885245901
Rising Sydney II,43.665,49,67.68775510204081
Sacred Kingdom III,43.665,40,66.16499999999999
Midnight Syndicate II,43.663333333333334,45,79.75333333333333
Frozen Sanctuary II,43.65833333333333,48,69.96041666666666
Hamburg Pact,43.655,40,51.56
Istanbul Paradox IV,43.626666666666665,37,70.74594594594595
Neon Hamburg III,43.61833333333333,42,75.08095238095238
Istanbul Tide,43.615,45,66.08888888888889
The Kingdom of Berlin,43.611666666666665,45,61.84888888888889
Istanbul Lighthouse II,43.611666666666665,36,63.208333333333336
Neon Cairo II,43.61,38,73.25526315789473
Crooked Detroit VI,43.568333333333335,49,57.36326530612245
Shattered Tokyo II,43.555,46,63.123913043478254
Cairo Odyssey III,43.54666666666667,55,43.98909090909091
Glass Berlin VII,43.54,52,68.81538461538462
The Legacy of Seoul III,43.52166666666667,49,48.012244897959185
The Kingdom of Istanbul V,43.505,46,77.75217391304348
Phantom Naples V,43.5,52,55.776923076923076
Mumbai Syndicate III,43.498333333333335,45,53.7
The Promise of Lisbon IV,43.486666666666665,45,61.031111111111116
The Circuit of Madrid II,43.475,45,52.7
Wild Expedition,43.473333333333336,47,54.95531914893617
Glass Horizon II,43.46666666666667,65,47.20923076923077
The Ledger of Jakarta III,43.46666666666667,42,44.364285714285714
Whispering Detroit II,43.465,61,40.704918032786885
Frozen Cipher II,43.461666666666666,55,60.018181818181816
Crooked Expedition,43.461666666666666,39,64.2948717948718
Istanbul Harvest II,43.458333333333336,42,75.69285714285714
Whispering Heist III,43.42333333333333,44,72.20227272727273
Naples Tide VII,43.416666666666664,45,62.248888888888885
Toronto Requiem VI,43.40833333333333,49,63.27959183673469
Tokyo Crown IV,43.403333333333336,57,53.74385964912281
Wild Mirror,43.391666666666666,48,65.35416666666667
Gilded Verdict III,43.38166666666667,42,70.41904761904762
Marseille Affair III,43.32333333333333,38,57.96315789473684
Brilliant Storm,43.305,52,56.14807692307693
Brilliant Marseille II,43.291666666666664,35,51.89714285714286
Marseille Tide III,43.23833333333334,55,51.27454545454545
The Frequency of Oslo II,43.22,49,60.15102040816327
Electric Oslo III,43.20666666666666,45,55.93555555555555
Burning Inheritance,43.196666666666665,43,66.23720930232558
Brilliant Seoul,43.19166666666667,51,61.97254901960784
Oslo Protocol,43.18333333333333,54,66.63703703703703
The Crown of Seoul,43.16166666666667,52,67.3
The Empire of Naples III,43.15833333333333,69,48.11594202898551
Eternal Madrid IV,43.123333333333335,41,52.15853658536585
Marseille Departure II,43.11,51,55.73725490196078
Savage Marseille IV,43.089999999999996,53,67.74528301886792
Sydney Empire V,43.083333333333336,41,57.853658536585364
Madrid Protocol V,43.08166666666666,49,52.7530612244898
Madrid Promise,43.07666666666667,53,55.420754716981136
Distant Bangkok II,43.07666666666667,50,58.09
Electric Odyssey,43.07,40,53.825
The Affair of Toronto,43.068333333333335,40,66.595
Brilliant Anatomy,43.013333333333335,43,66.6767441860465
Broken Cairo IV,43.005,62,40.803225806451614
Golden Syndicate,42.99,50,71.64
Distant Hamburg II,42.973333333333336,62,57.762903225806454
Lost Lighthouse II,42.96,38,63.39473684210526
The Expedition of Lisbon III,42.95,33,54.61515151515152
Oslo Anatomy II,42.94166666666667,58,58.456896551724135
The Departure of Lisbon II,42.93833333333333,60,53.00333333333334
Sacred Seoul II,42.92666666666667,39,51.19230769230769
Brilliant Detroit,42.905,40,57.98
The Reckoning of Hamburg II,42.89,45,51.053333333333335
Savage Syndicate III,42.876666666666665,49,51.97959183673469
The Algorithm of Marseille II,42.875,39,52.77179487179487
Hollow Requiem,42.858333333333334,41,59.73170731707317
Bitter Paradox,42.84166666666667,47,64.35106382978724
The Algorithm of Lisbon,42.833333333333336,61,47.877049180327866
Sydney Frequency II,42.83166666666666,42,54.154761904761905
The Legacy of Lagos II,42.83166666666666,38,62.62105263157895
Bangkok Heist III,42.81333333333333,46,48.9804347826087
Bangkok Paradox,42.81333333333333,33,58.52727272727273
The Expedition of Hamburg III,42.81166666666667,35,77.24571428571429
Bogota Sanctuary,42.79,50,56.41400000000001
Cairo Storm,42.785,45,63.38222222222222
Bangkok Pact V,42.77333333333333,48,51.41458333333333
The Ledger of Lagos II,42.77166666666667,44,53.98863636363637
Wild Throne,42.74333333333333,48,60.725
Marseille Shadows IV,42.73,56,68.33571428571429
Istanbul Odyssey III,42.723333333333336,46,67.15434782608695
Brilliant Lighthouse,42.705,48,60.668749999999996
Wild Throne II,42.693333333333335,33,57.09090909090909
Whispering Cipher II,42.693333333333335,36,74.11944444444445
The Syndicate of Marseille II,42.67333333333333,42,67.73095238095237
Frozen Jakarta III,42.653333333333336,63,50.16190476190476
Velvet Bangkok,42.64666666666667,51,55.741176470588236
The Storm of Sydney,42.635,52,36.70961538461539
Savage Reckoning,42.62833333333333,44,64.5909090909091
Jakarta Tide,42.62833333333333,47,56.704255319148935
Wild Mumbai,42.62166666666667,42,59.69761904761905
Cairo Expedition II,42.61,36,77.19166666666666
The River of Madrid,42.61,35,61.89714285714286
Silent Sydney,42.60666666666667,53,45.075471698113205
Naples Kingdom II,42.605,54,55.69444444444444
Hollow Naples II,42.58833333333333,49,68.62244897959184
Restless Hamburg II,42.585,49,53.7530612244898
Brilliant Bogota,42.57333333333333,60,74.68666666666667
Last Marseille IV,42.57333333333333,61,55.8327868852459
Quiet Protocol,42.55833333333334,46,56.641304347826086
Toronto Mirror,42.545,71,67.82957746478873
Shattered Istanbul II,42.541666666666664,42,53.30714285714286
Madrid Kingdom,42.535000000000004,50,57.343999999999994
Gilded Algorithm IV,42.535,36,68.16666666666667
Glass Harvest,42.53333333333333,45,56.157777777777774
The Crown of Sydney,42.526666666666664,59,57.659322033898306
Burning Naples,42.52333333333333,34,71.4764705882353
Quiet Bangkok II,42.501666666666665,46,47.38478260869565
Rising Lighthouse III,42.45333333333333,52,49.48076923076923
Falling Empire,42.445,55,69.10545454545455
Iron Reckoning II,42.43333333333333,43,67.27674418604651
Paper Requiem,42.428333333333335,38,62.602631578947374
The Pact of Cairo V,42.41833333333334,47,54.15106382978723
The Affair of Seoul IV,42.39,47,63.66808510638298
Crimson Cairo II,42.388333333333335,43,46.93488372093023
Midnight Seoul,42.38333333333333,62,53.96612903225807
The Expedition of Toronto II,42.376666666666665,47,56.94468085106383
Lost Garden,42.37166666666667,48,54.60833333333333
The Requiem of Istanbul II,42.37166666666667,38,63.72105263157895
Hidden Tokyo III,42.36666666666667,46,60.08043478260869
Crooked Ledger,42.35333333333333,44,50.22727272727273
Tokyo Verdict II,42.306666666666665,46,56.880434782608695
The Tide of Oslo III,42.29833333333333,44,44.711363636363636
Detroit Anatomy,42.29,62,53.15483870967742
Berlin Departure II,42.26833333333333,47,45.725531914893615
Broken Requiem,42.25333333333333,53,66.43396226415095
Lagos Pact III,42.211666666666666,55,63.08545454545454
Last Lisbon II,42.20666666666666,44,70.19772727272726
The Reckoning of Bogota III,42.20333333333333,55,62.22727272727273
The Syndicate of Cairo IV,42.19,40,53.629999999999995
The Kingdom of Marseille II,42.18666666666667,40,63.932500000000005
Burning Cairo,42.181666666666665,64,56.4921875
The Empire of Madrid VI,42.18,63,43.65714285714286
Electric Istanbul,42.166666666666664,33,74.43333333333334
Hollow River,42.145,33,63.85454545454545
Phantom Jakarta III,42.141666666666666,51,67.00196078431372
The Echoes of Seoul,42.12833333333333,44,53.18863636363637
The Empire of Berlin III,42.07666666666667,33,63.75757575757576
Velvet Echoes,42.07,37,52.48108108108108
Lisbon Empire,42.065,43,60.509302325581395
The Inheritance of Mumbai VI,42.05833333333334,40,72.525
Rising Requiem,42.05166666666667,38,72.97894736842105
Gilded Garden II,42.025,39,70.27948717948718
Restless Detroit II,42.001666666666665,43,50.086046511627906
Brilliant Tide II,41.99666666666667,41,58.53658536585366
Quiet Bangkok,41.99333333333333,46,48.90869565217392
Lisbon Paradox III,41.99166666666667,44,45.449999999999996
Quiet Syndicate,41.97666666666667,47,52.51489361702127
The Mirror of Tokyo IV,41.97666666666667,46,57.02391304347826
Rising Crown II,41.95166666666667,43,57.96976744186046
Bangkok Kingdom II,41.935,49,58.3469387755102
Sacred Verdict IV,41.931666666666665,49,51.344897959183676
Reckless Kingdom II,41.931666666666665,37,64.15675675675676
The Algorithm of Cairo,41.928333333333335,36,56.361111111111114
Frozen Marseille III,41.910000000000004,44,65.69090909090909
The Throne of Bogota VI,41.910000000000004,47,54.58510638297872
Jakarta Heist III,41.888333333333335,43,63.53488372093023
Broken Bogota III,41.87,44,62.065909090909095
Tokyo Crown II,41.87,38,54.18947368421052
Bangkok Departure,41.848333333333336,39,59.07692307692308
Golden Bogota V,41.836666666666666,42,55.338095238095235
Crimson Berlin III,41.82,40,68.19
Golden Bogota IV,41.82,44,55.36363636363637
Lost Lagos,41.81333333333333,48,60.07916666666667
Crooked Ledger II,41.795,47,61.32340425531915
The Lighthouse of Sydney,41.79,47,60.621276595744675
Electric Pact II,41.78333333333333,62,58.59032258064516
Seoul Garden II,41.778333333333336,62,57.74677419354839
Bogota Requiem,41.763333333333335,44,56.39545454545455
The Empire of Berlin II,41.72666666666667,51,83.20196078431373
The Syndicate of Oslo III,41.693333333333335,47,52.18510638297872
Velvet Confession IV,41.68666666666667,45,63.16888888888889
Shattered Empire,41.68,54,45.40185185185185
The Ledger of Bangkok IV,41.66666666666667,43,64.59302325581395
Neon Lagos II,41.665,49,89.51020408163265
The Frequency of Toronto IV,41.638333333333335,53,62.013207547169806
Lisbon Requiem,41.625,42,53.57619047619047
Quiet Horizon,41.596666666666664,40,56.2025
Iron Crown III,41.583333333333336,31,50.92580645161291
Midnight Mumbai,41.58166666666666,49,51.96122448979592
Marseille Confession IV,41.58166666666666,38,62.531578947368416
Berlin Confession V,41.55833333333333,34,57.73529411764706
The Algorithm of Bogota IV,41.555,45,60.21777777777778
Neon Paradox II,41.55166666666666,29,72.24137931034483
Bogota Crown V,41.54,55,71.9290909090909
Restless Hamburg III,41.53666666666667,42,63.80714285714286
The Promise of Berlin III,41.51166666666667,40,49.8125
The Departure of Jakarta,41.51166666666666,58,51.12241379310345
Electric Lagos II,41.5,32,68.85625
Tokyo Verdict V,41.48833333333333,46,47.88695652173914
Restless Paradox,41.48,48,70.07916666666667
Falling Echoes,41.455,42,67.29523809523809
Bitter Horizon II,41.45166666666667,66,42.81363636363636
Broken Cairo,41.39833333333333,47,50.806382978723406
Cairo Echoes III,41.39333333333333,53,61.66603773584906
Phantom Toronto,41.36666666666667,62,70.22096774193548
The Verdict of Jakarta III,41.36333333333333,43,62.06511627906977
Broken Berlin,41.339999999999996,55,58.56363636363636
Broken Hamburg,41.33833333333333,46,80.46521739130435
Broken Ledger,41.300000000000004,41,52.5609756097561
The Circuit of Lagos V,41.276666666666664,43,51.420930232558135
Sacred Jakarta,41.27333333333333,45,64.0
Crimson Bangkok IV,41.265,44,61.15909090909091
Falling Mumbai II,41.221666666666664,46,58.44565217391305
Last Bangkok II,41.21333333333333,48,70.5625
Reckless Requiem,41.17666666666667,48,64.33541666666666
Tokyo Requiem,41.166666666666664,45,63.09111111111111
The Sanctuary of Bogota IV,41.160000000000004,52,40.940384615384616
Bangkok Sanctuary,41.153333333333336,44,59.709090909090904
Bangkok Ledger IV,41.14333333333333,51,62.858823529411765
Hamburg Anatomy,41.135,36,67.87777777777778
Tokyo Inheritance III,41.098333333333336,46,52.04130434782609
Crooked Protocol VI,41.08,61,57.72459016393442
The Expedition of Sydney,41.07,42,54.333333333333336
Endless Madrid III,41.068333333333335,62,50.94838709677419
Rising Toronto III,41.06666666666666,52,49.87692307692308
Crimson Horizon,41.065,33,69.13030303030304
The Confession of Hamburg II,41.056666666666665,45,54.742222222222225
Bangkok Affair II,41.056666666666665,35,50.277142857142856
The Frequency of Lagos III,41.053333333333335,42,55.85476190476191
Broken Sydney II,41.03666666666667,37,50.4054054054054
Brilliant Cairo VI,41.026666666666664,59,49.67627118644068
Bogota Affair II,41.001666666666665,50,50.724
Madrid Reckoning V,40.98833333333334,41,51.27073170731707
Eternal Odyssey IV,40.96666666666667,54,48.422222222222224
The Syndicate of Detroit,40.955,42,46.44047619047619
Endless Sydney II,40.945,46,63.573913043478264
Distant Throne,40.91833333333334,36,72.53611111111111
Hamburg Odyssey IV,40.88,46,53.321739130434786
Naples Verdict V,40.88,47,53.80212765957447
The Harvest of Cairo II,40.843333333333334,48,58.012499999999996
The Tide of Jakarta III,40.84166666666667,37,49.05945945945946
Forgotten Sydney IV,40.84166666666667,47,56.05744680851063
Toronto Garden IV,40.835,53,51.35283018867924
Toronto Crown,40.82333333333333,46,57.876086956521746
Oslo Frequency,40.82333333333333,49,53.744897959183675
Mumbai Anatomy II,40.788333333333334,37,53.351351351351354
The Heist of Oslo II,40.781666666666666,48,62.93541666666667
Seoul Crown VI,40.781666666666666,63,63.67619047619048
Neon Lisbon,40.755,52,60.29615384615385
Toronto Verdict II,40.71,41,64.75853658536585
Glass Throne,40.708333333333336,45,63.855555555555554
Phantom Oslo III,40.65,50,73.9
Scarlet Crown,40.65,42,59.2547619047619
Cairo Expedition,40.63666666666667,41,73.43170731707316
Naples Garden III,40.63166666666667,52,60.10961538461538
Bogota Crown II,40.63,35,58.05428571428572
Sydney Ledger,40.608333333333334,56,59.59285714285714
The Anatomy of Toronto II,40.598333333333336,35,66.92
The Crown of Toronto III,40.589999999999996,46,64.57173913043479
Detroit Affair II,40.58,50,60.858000000000004
Brilliant Legacy,40.516666666666666,48,56.90625
The Cipher of Sydney III,40.48166666666667,49,61.2
Hollow Departure,40.471666666666664,46,56.76304347826087
Burning Throne VII,40.455,54,69.14259259259259
Jakarta Sanctuary IV,40.40833333333333,44,64.07272727272726
The Inheritance of Naples,40.39666666666667,48,51.006249999999994
The Frequency of Marseille,40.39,28,77.96785714285714
The Requiem of Cairo II,40.388333333333335,47,57.93617021276596
Marseille Paradox II,40.38,39,60.32307692307692
Sacred Madrid,40.37166666666667,47,62.08723404255319
The Confession of Jakarta II,40.36666666666667,46,54.2804347826087
The Inheritance of Bangkok IV,40.348333333333336,58,60.48793103448276
Hollow Cipher,40.333333333333336,42,52.37619047619048
Paper Heist,40.29333333333334,54,54.6
Hamburg Garden III,40.28666666666667,37,61.054054054054056
Lost Affair III,40.28666666666667,54,65.81111111111112
Hollow Storm,40.278333333333336,45,59.02
Crooked Hamburg II,40.178333333333335,34,56.7235294117647
The Paradox of Lagos III,40.15166666666667,42,71.69047619047619
Istanbul River III,40.135,36,64.32499999999999
Reckless River III,40.13166666666667,52,67.1076923076923
Lisbon Cipher II,40.125,43,57.12558139534884
Forgotten Promise,40.11666666666667,37,69.20270270270271
Distant Oslo,40.10333333333333,40,66.1075
Sacred Lisbon IV,40.098333333333336,39,58.756410256410255
The Protocol of Marseille II,40.07666666666667,38,72.72631578947369
Forgotten Paradox,40.06166666666667,47,74.11702127659575
Last Anatomy IV,40.02166666666667,40,75.045
The Ledger of Mumbai II,40.02,49,63.634693877551015
Lisbon Shadows,40.016666666666666,42,60.81428571428571
Forgotten Inheritance,40.01166666666666,38,59.04736842105264
Tender Oslo II,40.00666666666667,56,60.37678571428571
Velvet Departure II,39.985,48,41.65
Falling Jakarta,39.928333333333335,47,46.329787234042556
Lagos Crown V,39.906666666666666,40,50.302499999999995
The Cipher of Jakarta IV,39.895,39,57.369230769230775
Lisbon Circuit V,39.89333333333333,47,56.58085106382979
The Pact of Lagos,39.86833333333333,45,62.54222222222222
Eternal Istanbul,39.858333333333334,52,49.99230769230769
Seoul Harvest V,39.815,34,57.58529411764706
Quiet Tokyo VII,39.79333333333334,38,65.43947368421053
Savage Cairo IV,39.79,43,61.016279069767435
Velvet Oslo II,39.751666666666665,43,59.65348837209302
Madrid Cipher III,39.751666666666665,49,55.316326530612244
The Syndicate of Lagos II,39.73166666666667,38,56.01315789473684
Crimson Sydney,39.72,47,70.42340425531916
Whispering Sydney II,39.705,42,65.9452380952381
Bogota Paradox II,39.64666666666667,36,68.82777777777778
Distant Marseille,39.645,46,51.19565217391305
The Anatomy of Seoul,39.60666666666667,44,65.86136363636363
Midnight Seoul IV,39.6,60,43.04333333333333
The Kingdom of Detroit III,39.54833333333333,44,65.77499999999999
The Protocol of Cairo V,39.54333333333334,46,60.6804347826087
The Inheritance of Cairo II,39.525,38,65.00263157894737
Wild Marseille III,39.516666666666666,47,57.98085106382978
Neon Sydney,39.50333333333333,69,52.04492753623188
Lost Reckoning,39.48,48,47.916666666666664
Seoul Promise III,39.475,47,53.03829787234043
The Verdict of Bogota II,39.471666666666664,42,70.4952380952381
Detroit River III,39.47,46,66.0
The Affair of Bangkok,39.428333333333335,45,64.11333333333333
Sydney Departure III,39.41166666666667,48,60.074999999999996
The Shadows of Lisbon II,39.410000000000004,36,66.36111111111111
The Echoes of Marseille,39.406666666666666,48,45.606249999999996
Glass Empire,39.39,57,58.396491228070175
Rising Mumbai II,39.388333333333335,42,64.67857142857143
Midnight Seoul II,39.376666666666665,44,76.7090909090909
Endless Circuit III,39.36833333333333,49,60.265306122448976
Detroit Expedition,39.36333333333334,39,68.05128205128206
Phantom Promise II,39.348333333333336,54,53.97592592592592
Lisbon Expedition III,39.336666666666666,58,52.84655172413793
Madrid Protocol III,39.31666666666667,50,45.36600000000001
The Horizon of Oslo V,39.31666666666666,41,53.77317073170731
Burning Lighthouse,39.288333333333334,48,40.59166666666667
Crimson Istanbul,39.278333333333336,41,61.81463414634147
Bitter Departure,39.265,42,59.05238095238095
The Echoes of Istanbul II,39.26166666666667,46,64.84130434782608
Last Hamburg IV,39.25833333333333,49,62.43061224489796
Tender Bogota III,39.25,41,68.37560975609756
Glass Jakarta II,39.211666666666666,44,58.75681818181818
Naples Shadows,39.20666666666666,49,50.01428571428572
The River of Detroit,39.16166666666667,38,53.786842105263155
Bangkok Frequency II,39.16,56,49.36785714285714
Silent Ledger,39.13333333333333,39,57.88461538461539
The Requiem of Lisbon,39.13,43,65.78372093023255
Falling Frequency III,39.1,50,52.718
Broken Circuit,39.086666666666666,49,60.58571428571428
Mumbai Reckoning V,39.07,43,51.42558139534884
Bogota Heist,39.065,48,69.75
The Sanctuary of Berlin,39.056666666666665,37,58.099999999999994
Shattered Seoul,39.028333333333336,39,56.11025641025641
The Algorithm of Toronto,39.013333333333335,46,60.55869565217391
Bitter Lisbon,39.00666666666667,39,78.95641025641027
Bitter Mirror II,38.998333333333335,41,58.829268292682926
Midnight Lagos IV,38.99166666666667,56,63.30357142857143
Last Legacy,38.983333333333334,35,67.50571428571428
The Ledger of Naples II,38.96666666666667,51,45.84313725490196
Quiet Anatomy,38.961666666666666,47,65.44893617021276
Reckless Ledger III,38.961666666666666,39,63.1
Bitter Inheritance III,38.958333333333336,43,56.61162790697675
The Ledger of Madrid II,38.91,61,48.455737704918036
Bangkok Odyssey IV,38.89333333333333,49,63.50204081632653
Madrid Mirror III,38.836666666666666,49,44.03265306122449
Crooked Throne II,38.818333333333335,57,48.06491228070175
Velvet Protocol,38.80166666666667,48,55.112500000000004
Burning Odyssey,38.788333333333334,46,54.4
The Empire of Seoul VI,38.78666666666667,36,79.8138888888889
Bangkok Pact,38.775,40,58.1625
Hamburg Confession,38.766666666666666,51,74.7607843137255
The Circuit of Jakarta,38.763333333333335,38,73.73947368421052
Toronto Expedition V,38.76,51,54.935294117647054
Distant Lighthouse,38.71333333333333,58,52.706896551724135
Marseille Promise,38.71,36,67.91666666666667
Hidden Madrid II,38.70166666666667,41,61.57073170731707
Sydney Mirror,38.69,41,41.321951219512194
Neon Marseille II,38.67166666666667,59,63.425423728813556
The Throne of Mumbai III,38.66166666666667,39,62.6051282051282
Phantom Crown II,38.656666666666666,44,59.904545454545456
The Expedition of Istanbul V,38.64333333333333,35,69.01428571428572
Hollow Detroit II,38.638333333333335,42,61.333333333333336
Lagos Anatomy II,38.62833333333333,48,55.49375
Tender Cairo III,38.62166666666667,51,63.1
Lagos Storm,38.61666666666667,50,52.056000000000004
The Throne of Bogota VII,38.55166666666666,42,58.58571428571428
The Tide of Naples III,38.54833333333333,42,60.51190476190476
Glass Istanbul II,38.54,48,60.99375
The Horizon of Bangkok II,38.50666666666667,42,63.233333333333334
Cairo Shadows V,38.501666666666665,43,45.14883720930232
The Frequency of Toronto,38.47,45,56.364444444444445
The Affair of Lisbon II,38.46333333333333,48,48.07916666666667
The Inheritance of Naples II,38.413333333333334,36,53.794444444444444
The Requiem of Marseille,38.401666666666664,51,56.48039215686274
Brilliant Frequency II,38.391666666666666,49,60.27346938775511
The Storm of Lagos II,38.38666666666667,50,52.942
Bangkok Algorithm II,38.373333333333335,51,36.40588235294118
Seoul Algorithm,38.35,41,66.81951219512194
Oslo Syndicate II,38.333333333333336,32,59.878125
Naples Anatomy V,38.306666666666665,30,71.60333333333332
Hidden Legacy,38.285,40,62.4225
Brilliant Madrid II,38.25833333333333,39,49.87435897435898
Frozen Horizon III,38.24,49,60.03061224489796
The Crown of Berlin,38.23166666666667,55,61.343636363636364
Hollow Cipher III,38.21666666666667,36,52.638888888888886
Electric Sydney II,38.16,45,55.31111111111111
Tender Echoes III,38.155,39,55.37435897435897
Hidden Seoul III,38.15,47,37.46382978723404
Crimson Bangkok II,38.126666666666665,49,50.74897959183673
Crooked Mumbai II,38.093333333333334,38,69.93947368421053
Bangkok Cipher III,38.08,65,62.74923076923076
Falling Garden,38.041666666666664,56,44.78928571428571
Velvet Ledger II,38.02333333333333,43,51.50697674418605
The Kingdom of Bangkok,38.016666666666666,41,71.32926829268293
Crimson Naples,37.986666666666665,43,67.10000000000001
Crimson Algorithm II,37.973333333333336,44,60.929545454545455
The Mirror of Jakarta V,37.964999999999996,48,66.84375
Quiet Affair II,37.955,41,64.57317073170732
Falling Frequency,37.95333333333333,61,52.57704918032787
Endless Storm,37.916666666666664,42,58.24761904761905
Falling Detroit,37.915,36,45.46388888888889
Bitter Inheritance V,37.91,42,60.19523809523809
Restless Odyssey,37.903333333333336,42,52.57142857142857
Phantom Departure II,37.903333333333336,32,64.615625
Hidden Empire,37.87,52,58.263461538461534
Tokyo Confession IV,37.86666666666667,37,53.872972972972974
Whispering Frequency II,37.85,42,51.00952380952381
The Syndicate of Oslo II,37.85,42,50.061904761904756
Detroit Empire II,37.845,44,67.02727272727272
The Sanctuary of Lisbon,37.845,40,57.335
The Empire of Mumbai III,37.81333333333333,43,65.14186046511628
Eternal Syndicate,37.79333333333334,43,73.24651162790697
Berlin Lighthouse II,37.79,38,75.52894736842104
Crimson Empire II,37.778333333333336,42,50.916666666666664
Mumbai Circuit II,37.77,40,54.48
Lost Sydney,37.75833333333333,42,57.38571428571428
Brilliant Syndicate,37.75833333333333,59,54.86101694915254
Distant Protocol II,37.751666666666665,42,61.285714285714285
Eternal Tokyo III,37.74666666666667,56,62.2125
Lagos Expedition III,37.72833333333333,54,64.48518518518519
Toronto Heist,37.723333333333336,35,65.33428571428571
Istanbul Harvest,37.721666666666664,62,44.516129032258064
Crimson Shadows IV,37.641666666666666,43,54.151162790697676
The Kingdom of Bangkok III,37.57666666666667,49,60.536734693877555
The Verdict of Sydney,37.571666666666665,50,46.974
Sacred Verdict III,37.55833333333333,53,52.492452830188675
The Empire of Istanbul IV,37.5,34,63.63235294117647
The Cipher of Marseille,37.475,42,38.23571428571429
Toronto Empire II,37.446666666666665,38,55.781578947368416
Forgotten Hamburg,37.41833333333334,41,55.30731707317073
Brilliant Istanbul,37.405,41,64.38780487804878
Distant Naples III,37.376666666666665,51,61.93333333333333
Rising Cairo,37.34166666666667,42,65.05714285714286
The Heist of Seoul II,37.29333333333333,39,55.17435897435898
Velvet Cairo VI,37.24166666666667,46,46.70652173913044
The Syndicate of Lagos,37.236666666666665,47,46.15531914893617
Electric Garden,37.218333333333334,53,71.41698113207546
Lisbon Syndicate II,37.215,58,52.73275862068966
Oslo Affair,37.20333333333333,45,57.69111111111111
Cairo Echoes V,37.18833333333333,38,57.55263157894737
The Verdict of Lagos II,37.18333333333333,45,55.08444444444445
Shattered Storm II,37.16833333333334,45,55.68444444444445
The River of Hamburg III,37.12833333333333,44,56.89090909090908
The Mirror of Istanbul IV,37.12166666666667,37,54.72162162162162
The Mirror of Cairo VI,37.12166666666667,51,49.62941176470588
Eternal Cipher II,37.108333333333334,61,65.1704918032787
Lagos Frequency,37.085,42,56.352380952380955
The Algorithm of Naples II,37.07,48,49.82708333333333
Sacred Hamburg,37.04666666666667,40,44.105000000000004
The Tide of Mumbai IV,37.03666666666667,54,54.87222222222222
Velvet Cairo II,37.035000000000004,52,52.10576923076923
Restless Oslo II,37.035,48,61.7125
The Garden of Cairo IV,37.005,37,54.556756756756755
Whispering Kingdom II,36.998333333333335,42,56.833333333333336
Last Sanctuary,36.99666666666667,46,58.84130434782608
Jakarta Odyssey V,36.983333333333334,36,57.074999999999996
Marseille Pact III,36.973333333333336,30,66.02333333333334
Bangkok Garden II,36.955,32,64.15
Bitter Harvest IV,36.916666666666664,46,64.20869565217392
Bitter Heist II,36.915,50,43.858000000000004
Phantom Paradox II,36.913333333333334,41,56.85853658536585
Cairo Frequency III,36.88666666666667,46,51.178260869565214
Silent Istanbul II,36.88666666666666,49,55.765306122448976
Endless Algorithm II,36.833333333333336,41,68.21463414634147
Sydney Tide III,36.83166666666666,39,68.26923076923077
Lagos Kingdom,36.825,46,46.176086956521736
Sacred Lagos V,36.81166666666667,49,63.487755102040815
Restless Odyssey III,36.80833333333333,52,58.973076923076924
Golden Inheritance II,36.795,63,60.42063492063492
Shattered Requiem III,36.781666666666666,44,41.800000000000004
Istanbul Odyssey II,36.77333333333333,45,49.531111111111116
The Protocol of Lisbon VI,36.75666666666667,45,48.51777777777778
The Cipher of Naples IV,36.69166666666667,39,48.246153846153845
The Odyssey of Naples III,36.69166666666667,58,80.75689655172413
Forgotten Bangkok,36.63333333333333,36,57.04722222222222
Hamburg Shadows,36.62833333333333,61,65.49672131147541
Bitter Istanbul VI,36.598333333333336,60,73.20166666666667
Last Mumbai,36.586666666666666,47,55.60425531914894
The Echoes of Berlin IV,36.585,56,57.63928571428572
Tokyo Odyssey V,36.54666666666667,41,66.85365853658537
Shattered Jakarta,36.53333333333333,39,62.45384615384615
The Sanctuary of Cairo VI,36.49333333333333,36,69.11111111111111
Berlin Frequency,36.468333333333334,41,71.15853658536585
Marseille Crown II,36.46666666666667,33,63.15454545454545
Rising Tide IV,36.46333333333333,37,57.400000000000006
The Algorithm of Oslo III,36.45666666666666,47,52.89574468085106
Seoul Requiem III,36.40833333333333,52,47.732692307692304
Marseille Mirror,36.391666666666666,45,55.126666666666665
Forgotten Throne II,36.35333333333333,41,47.49756097560976
Hollow Lagos,36.318333333333335,36,59.92777777777778
The Anatomy of Lisbon,36.23833333333333,50,46.263999999999996
Bitter Istanbul III,36.236666666666665,45,63.56666666666667
Istanbul Affair II,36.23166666666667,41,60.94634146341464
The Odyssey of Marseille IV,36.225,36,60.375
Crooked Requiem,36.223333333333336,51,74.75882352941176
Neon Odyssey II,36.193333333333335,57,68.03684210526316
Lagos Throne IV,36.18833333333333,56,50.339285714285715
Iron Cairo III,36.17166666666667,49,56.06938775510204
The River of Lagos VI,36.14666666666667,46,49.11521739130435
Eternal Berlin II,36.145,44,42.127272727272725
Broken Berlin III,36.14333333333333,67,67.43283582089552
Phantom Toronto II,36.12,44,66.54772727272727
The Kingdom of Berlin II,36.11,35,56.79714285714286
Midnight Tokyo II,36.08833333333333,48,53.7125
Sacred Lagos,36.07,50,43.72
Last Kingdom,36.06666666666666,50,53.43
Eternal Frequency,36.04,46,59.51086956521739
Marseille Circuit IV,36.013333333333335,52,50.67115384615385
Mumbai Pact III,35.998333333333335,28,67.07857142857144
The Expedition of Sydney IV,35.98166666666667,48,53.54583333333334
Madrid Heist III,35.97333333333333,37,62.72702702702703
Iron Oslo II,35.946666666666665,56,49.385714285714286
Distant Confession,35.943333333333335,46,47.35217391304347
Madrid Shadows II,35.93833333333333,34,58.71764705882353
Distant Tide,35.935,32,53.059375
The River of Detroit III,35.931666666666665,57,53.26491228070175
Broken Bangkok II,35.88,38,63.663157894736834
The Harvest of Lagos,35.86833333333333,39,59.97692307692307
Burning Naples III,35.83833333333333,40,52.2
Last Seoul,35.825,50,42.15
Mumbai River III,35.781666666666666,41,54.548780487804876
Midnight Tokyo IV,35.76,40,62.3625
The Echoes of Toronto,35.76,45,49.675555555555555
Bitter Sydney II,35.745,42,53.19047619047619
Jakarta Horizon IV,35.74333333333333,48,62.043749999999996
Iron Madrid,35.70333333333333,53,52.48867924528302
The Shadows of Lisbon,35.69833333333333,43,75.4860465116279
Lisbon Reckoning,35.69833333333333,48,68.66250000000001
Quiet Throne IV,35.638333333333335,41,50.63414634146341
Velvet Madrid,35.638333333333335,49,46.43061224489796
The River of Seoul,35.626666666666665,34,62.870588235294115
Eternal Toronto,35.596666666666664,41,56.00243902439024
The Requiem of Seoul IV,35.571666666666665,39,54.72564102564103
The Promise of Jakarta,35.565,52,59.48076923076923
The Horizon of Tokyo,35.55833333333333,56,55.214285714285715
The Garden of Bangkok III,35.541666666666664,48,72.82083333333334
Whispering Lagos VI,35.53333333333333,41,52.5390243902439
Brilliant Paradox II,35.516666666666666,38,51.44210526315789
The Verdict of Marseille III,35.5,35,59.665714285714294
Hidden Echoes III,35.495,37,51.38918918918919
The Odyssey of Berlin IV,35.495,40,49.760000000000005
Frozen Sydney II,35.46333333333333,37,49.15945945945946
Bogota Circuit,35.425,41,46.29512195121951
Marseille Expedition III,35.39666666666667,48,55.3125
Shattered Jakarta II,35.38666666666666,50,45.172
The Sanctuary of Lagos,35.375,39,64.02051282051282
Velvet Madrid III,35.365,56,39.46964285714286
Golden Odyssey,35.315,42,50.45
Naples Anatomy IV,35.17166666666667,40,59.2725
Reckless Mumbai,35.163333333333334,38,61.00526315789473
The Affair of Toronto IV,35.155,48,47.75208333333333
Midnight Affair,35.15166666666667,40,59.92
Shattered Detroit II,35.151666666666664,38,68.51315789473684
Neon Hamburg,35.13,52,66.43846153846154
Bangkok Affair,35.108333333333334,31,64.72258064516129
Tokyo Frequency,35.089999999999996,35,65.38000000000001
Distant Naples IV,35.083333333333336,39,55.63589743589744
Quiet Istanbul IV,35.068333333333335,51,41.66862745098039
Mumbai Inheritance,35.053333333333335,45,55.64222222222222
Broken Jakarta,35.05166666666666,39,63.44615384615385
Bogota Kingdom III,35.028333333333336,36,62.772222222222226
Rising Seoul,35.028333333333336,46,55.04130434782609
Reckless Seoul III,35.01,62,60.498387096774195
Hidden Cipher II,34.986666666666665,37,59.71891891891892
Velvet Pact IV,34.971666666666664,31,68.37741935483871
Endless Tokyo,34.955,46,50.09130434782608
The Promise of Jakarta V,34.82333333333333,64,43.5234375
Restless Mumbai II,34.82,35,64.8742857142857
Sacred Empire IV,34.81,42,60.65238095238095
Crimson Pact,34.79833333333333,40,51.675
Quiet Tokyo V,34.79333333333334,60,41.42166666666667
Neon Naples III,34.79333333333333,37,60.01081081081081
Hidden River IV,34.77333333333333,37,53.6945945945946
Paper Storm,34.75,35,60.77714285714285
Cairo Odyssey,34.745,50,47.378
The Inheritance of Madrid III,34.736666666666665,49,68.60000000000001
Seoul River II,34.733333333333334,32,86.828125
Gilded Hamburg II,34.681666666666665,39,53.889743589743595
Velvet Affair III,34.663333333333334,49,78.59387755102041
Whispering Bangkok VI,34.651666666666664,53,56.03962264150943
The Circuit of Cairo II,34.64666666666667,51,56.6078431372549
Restless Odyssey II,34.638333333333335,42,56.87857142857143
Midnight Bogota III,34.615,50,54.652
Mumbai Reckoning III,34.611666666666665,41,55.663414634146335
Berlin Shadows III,34.595,45,59.14
Restless Sydney III,34.55166666666667,54,55.64259259259259
Iron Promise II,34.54666666666667,43,60.25581395348837
Hamburg Crown II,34.50833333333333,39,53.62564102564103
Bogota Throne II,34.480000000000004,39,55.843589743589746
Bangkok Odyssey,34.42166666666667,28,68.93214285714285
The Syndicate of Tokyo,34.401666666666664,42,45.49761904761905
Forgotten Cipher,34.33166666666667,30,54.49
The River of Mumbai II,34.33,39,58.03589743589744
Bangkok Circuit,34.325,35,63.27428571428571
Bangkok Cipher,34.31166666666667,44,59.98409090909092
Wild Naples II,34.306666666666665,45,61.82666666666666
Glass Sydney III,34.28333333333333,59,49.09830508474577
Glass Legacy II,34.266666666666666,39,57.93846153846154
Endless Sydney III,34.25833333333333,34,68.6970588235294
Mumbai Lighthouse,34.25666666666667,49,41.52448979591837
Frozen Toronto II,34.25666666666667,36,57.09444444444445
Berlin Paradox IV,34.248333333333335,37,63.11621621621622
The Syndicate of Toronto,34.21333333333333,46,56.48913043478261
Detroit River,34.21,52,54.82115384615384
Broken Confession,34.18333333333333,44,48.05227272727272
The Protocol of Bangkok,34.181666666666665,55,50.39636363636364
Falling Odyssey III,34.135,46,62.72391304347826
The Departure of Bangkok III,34.07833333333333,31,65.31290322580645
Falling Lagos III,34.07333333333333,34,60.73529411764706
Endless Bogota II,34.068333333333335,49,54.183673469387756
Glass Frequency II,34.06,42,55.3
Hamburg Garden,34.04666666666667,42,73.68571428571428
Broken Throne III,34.0,29,68.2896551724138
Shattered Paradox,33.998333333333335,46,64.25434782608696
Lost Istanbul II,33.99,66,52.372727272727275
Wild Marseille II,33.99,37,53.51081081081081
Seoul Sanctuary II,33.983333333333334,38,48.33684210526316
Eternal Shadows,33.97833333333333,47,55.6063829787234
Electric Istanbul IV,33.958333333333336,35,61.93142857142857
Berlin Anatomy,33.95333333333333,39,63.694871794871794
Bogota Shadows V,33.935,56,59.6
Eternal Lighthouse,33.901666666666664,41,57.69512195121951
Madrid Confession,33.846666666666664,41,56.29024390243902
Broken Kingdom,33.81333333333333,41,61.0780487804878
Brilliant Detroit II,33.795,39,60.45128205128205
The Legacy of Hamburg II,33.78333333333333,39,57.1025641025641
Lost Hamburg,33.75666666666667,36,59.84722222222222
The River of Seoul II,33.71,45,50.49333333333333
Neon Circuit,33.70166666666667,37,62.81351351351351
Marseille Circuit VI,33.68666666666667,46,48.821739130434786
Wild Bangkok II,33.67166666666667,50,46.996
Midnight Lagos VI,33.638333333333335,44,37.59772727272727
The Shadows of Jakarta III,33.61,35,64.73714285714286
Savage Bangkok,33.608333333333334,31,50.81290322580645
Falling Cairo II,33.565,33,71.8090909090909
Endless Berlin II,33.54333333333334,44,55.10227272727273
Electric Berlin,33.49666666666667,39,69.63589743589743
The Legacy of Seoul II,33.46666666666667,43,52.47906976744186
Electric Oslo II,33.46,56,47.80357142857143
The Sanctuary of Mumbai II,33.445,53,55.68490566037736
Oslo Odyssey,33.42,44,56.26818181818182
Wild Mirror II,33.41833333333333,39,59.09230769230769
Endless Berlin IV,33.415,43,65.66976744186047
Hidden Circuit II,33.39833333333333,36,67.875
Savage Madrid,33.36333333333333,35,54.48571428571429
The Horizon of Marseille,33.36,35,53.95142857142857
Midnight Marseille,33.35,36,66.96944444444445
Last Lagos II,33.33166666666666,38,47.839473684210525
The Syndicate of Mumbai II,33.32,48,51.42291666666667
Wild Seoul IV,33.285000000000004,31,58.03548387096774
The Frequency of Cairo II,33.21666666666667,51,64.06470588235294
Hidden Lagos III,33.196666666666665,40,55.947500000000005
Falling Syndicate,33.175,42,64.06190476190476
Silent Mirror IV,33.07,48,56.63125
Frozen Frequency,32.965,44,46.820454545454545
Midnight Berlin,32.95,40,55.529999999999994
Forgotten Echoes II,32.94,42,62.75
The Promise of Toronto III,32.94,38,49.06578947368421
Cairo Requiem,32.858333333333334,40,59.375
Velvet Reckoning III,32.85666666666667,40,66.60249999999999
The Paradox of Lisbon,32.818333333333335,35,60.491428571428564
Forgotten Harvest,32.79333333333334,61,54.66393442622951
Restless Confession II,32.778333333333336,42,57.107142857142854
Forgotten Oslo IV,32.76,41,59.93170731707317
Savage Kingdom,32.66166666666667,44,54.32272727272727
Shattered Bogota II,32.65,45,55.10222222222222
Mumbai Protocol II,32.598333333333336,51,58.99411764705882
The Tide of Seoul,32.57333333333333,42,41.17619047619048
Hollow Tide,32.52166666666667,44,57.6
Rising Madrid,32.46666666666667,55,44.834545454545456
The Verdict of Tokyo,32.455,48,58.802083333333336
Frozen Detroit V,32.45166666666667,41,63.32439024390244
The Inheritance of Seoul III,32.44166666666667,36,52.49166666666667
Rising Naples IV,32.43833333333333,40,59.335
The Heist of Bangkok,32.43333333333333,44,45.595454545454544
Hamburg Tide,32.41,37,63.318918918918925
The Circuit of Madrid,32.39333333333333,39,51.920512820512826
Whispering Seoul II,32.36666666666667,48,54.668749999999996
Electric Berlin II,32.361666666666665,40,55.802499999999995
Hollow Mirror,32.32,47,51.57021276595745
The Legacy of Toronto IV,32.315,38,56.07631578947369
Crooked Cairo IV,32.248333333333335,37,58.105405405405406
Electric Cipher,32.248333333333335,54,59.72222222222222
Frozen Detroit,32.20333333333333,42,59.75
Shattered Mirror,32.20333333333333,44,73.17727272727274
The Expedition of Tokyo III,32.18,55,36.57272727272727
Bitter Mirror,32.16833333333333,31,57.648387096774194
Frozen Sanctuary,32.156666666666666,58,52.810344827586206
Paper River II,32.13333333333333,42,54.01190476190476
Berlin Affair III,32.105,32,47.778125
The Departure of Lisbon III,32.095,45,52.82
Tender Odyssey,32.09166666666667,50,67.55
Broken Madrid,32.075,53,54.194339622641515
Naples Verdict III,32.075,34,48.38235294117647
Cairo Heist IV,32.03666666666667,41,53.27073170731707
Whispering Tokyo V,32.02333333333333,57,41.61578947368421
Eternal Detroit,32.015,44,37.31363636363636
Distant Madrid II,31.998333333333335,51,57.91764705882353
Paper Lisbon II,31.98,44,47.415909090909096
The Departure of Madrid,31.963333333333335,42,49.099999999999994
Marseille Expedition IV,31.89666666666667,30,60.169999999999995
Scarlet Expedition III,31.89,42,50.07142857142857
The Anatomy of Hamburg,31.868333333333332,40,55.5875
Bogota Crown III,31.816666666666666,38,59.81315789473685
Bitter Echoes,31.793333333333333,39,58.93589743589744
Lagos Departure,31.763333333333332,40,48.1275
Naples Algorithm,31.736666666666668,41,48.880487804878044
The Throne of Seoul,31.7,38,52.67631578947368
Whispering Tokyo III,31.698333333333334,39,63.32564102564102
The Tide of Oslo V,31.696666666666665,41,51.52926829268292
Oslo Cipher,31.695,40,50.572500000000005
Forgotten Throne,31.688333333333333,44,44.081818181818186
Gilded Hamburg V,31.675,35,70.53142857142856
The Echoes of Jakarta III,31.661666666666665,32,67.4625
The Protocol of Bogota IV,31.59,38,64.78684210526316
Midnight Affair II,31.581666666666667,38,43.73684210526316
Berlin Cipher IV,31.535,35,66.74285714285715
Tokyo Echoes,31.48,47,49.00851063829787
Glass Storm II,31.453333333333333,45,69.90444444444445
The Pact of Madrid III,31.43166666666667,41,62.15853658536585
Gilded Oslo,31.421666666666667,35,49.40571428571429
The Protocol of Oslo III,31.345,37,50.82972972972973
Toronto River III,31.341666666666665,41,62.829268292682926
Istanbul Kingdom III,31.325,69,60.53188405797101
Midnight Lagos III,31.315,62,51.380645161290325
Savage Bogota III,31.223333333333333,32,59.728125
Electric Requiem,31.155,40,53.722500000000004
Neon Odyssey,31.135,39,55.05384615384615
Madrid Frequency III,31.106666666666666,44,53.70454545454545
The Empire of Berlin,31.099999999999998,38,61.36842105263158
Seoul Requiem,31.016666666666666,39,53.61025641025641
Golden Marseille IV,30.97833333333333,35,44.61714285714286
Reckless Kingdom,30.90833333333333,39,58.68974358974359
Eternal Sanctuary II,30.831666666666667,40,48.6825
The Syndicate of Detroit IV,30.79,43,40.52558139534884
Naples Garden II,30.78,48,61.07708333333333
Golden Verdict II,30.746666666666666,40,73.20750000000001
Bogota Confession,30.745,32,56.51875
Scarlet Bangkok II,30.725,43,52.276744186046514
The Inheritance of Seoul V,30.630000000000003,31,63.751612903225805
The Circuit of Naples II,30.591666666666665,48,72.15833333333333
Electric Detroit,30.59,34,48.19705882352941
Hidden Tokyo VI,30.55666666666667,36,48.50277777777777
The Protocol of Detroit II,30.548333333333332,46,64.26086956521739
Iron Marseille II,30.53,66,57.834848484848486
Sydney Confession,30.395,41,50.541463414634144
Sydney Lighthouse IV,30.365000000000002,40,47.9525
The Empire of Madrid,30.35,44,51.73636363636364
Reckless Jakarta II,30.34166666666667,33,77.67878787878789
Shattered Bangkok III,30.328333333333333,42,42.483333333333334
Jakarta Algorithm VII,30.311666666666667,36,61.59722222222222
Midnight Syndicate V,30.233333333333334,39,58.14102564102564
Burning Seoul,30.223333333333333,45,64.98
Gilded Crown,30.215,42,52.62857142857143
Paper Promise,30.198333333333334,33,49.45757575757575
Distant Bangkok,30.188333333333333,41,38.75121951219512
Bogota Odyssey,30.171666666666667,43,57.66279069767442
Tokyo River III,30.148333333333333,56,59.808928571428574
Toronto Tide,30.14666666666667,49,41.47142857142857
Lagos Heist II,30.136666666666667,45,55.04666666666667
Eternal Hamburg III,30.13,45,37.193333333333335
The Crown of Bangkok,30.12833333333333,31,60.73870967741936
Bitter Heist,30.053333333333335,39,60.843589743589746
Paper Toronto III,30.023333333333333,33,53.515151515151516
Scarlet Hamburg V,29.96333333333333,31,59.170967741935485
Wild Heist II,29.96,41,42.573170731707314
Madrid Requiem,29.936666666666667,50,69.084
The Garden of Cairo III,29.9,39,71.87179487179488
Crooked Oslo II,29.898333333333333,36,52.458333333333336
Glass Madrid,29.888333333333332,48,35.58958333333333
Glass Hamburg II,29.881666666666668,47,56.92765957446808
Hamburg Algorithm,29.84,51,54.01176470588235
Distant Syndicate II,29.773333333333333,36,59.074999999999996
Reckless Bogota III,29.766666666666666,45,62.00666666666667
Silent Naples II,29.741666666666667,48,47.66041666666666
Gilded Detroit,29.72833333333333,30,49.14
The Echoes of Madrid VI,29.721666666666668,45,35.068888888888885
Naples Lighthouse II,29.715,39,47.130769230769225
Berlin Algorithm II,29.696666666666665,33,53.45757575757575
Bogota Syndicate,29.671666666666667,37,50.65675675675676
Tokyo Kingdom III,29.615000000000002,44,44.86818181818182
Lisbon Circuit II,29.548333333333332,39,48.34871794871795
Berlin Verdict,29.536666666666665,37,70.43783783783783
Sacred Oslo V,29.485,50,65.524
Glass Affair II,29.466666666666665,40,44.2
Tender Anatomy,29.436666666666667,37,77.00810810810812
The Legacy of Bangkok,29.413333333333334,37,51.29189189189189
Bitter Empire II,29.395,52,37.68269230769231
The Protocol of Oslo IV,29.391666666666666,68,57.633823529411764
The Confession of Detroit,29.378333333333334,41,47.77560975609756
The Circuit of Bangkok,29.356666666666666,64,58.5515625
Tender Empire IV,29.326666666666668,38,63.42368421052631
Brilliant Sydney III,29.293333333333333,36,48.35277777777778
Restless Lighthouse,29.29,44,49.30227272727273
Mumbai Affair,29.26,41,53.519512195121955
Lisbon Affair III,29.18,42,50.226190476190474
The Storm of Berlin,29.103333333333335,44,57.51590909090908
The Horizon of Hamburg II,29.078333333333333,57,58.857894736842105
Quiet Storm III,29.053333333333335,37,68.28378378378379
Wild Bangkok III,29.041666666666664,44,64.92045454545455
Seoul Requiem II,28.973333333333333,51,43.15294117647059
Lost Naples II,28.95,58,52.54137931034483
Phantom Confession IV,28.926666666666666,44,60.675
Detroit Odyssey,28.925,34,56.09411764705882
The Expedition of Jakarta III,28.86,41,62.119512195121956
Quiet Jakarta,28.825,44,68.96818181818182
Velvet Lisbon,28.751666666666665,37,49.5918918918919
Quiet Odyssey III,28.576666666666668,45,66.84222222222222
Whispering Shadows,28.56,42,46.88333333333333
Tender Mumbai,28.546666666666667,46,52.44347826086957
Forgotten Istanbul III,28.525,39,55.54358974358974
Electric Promise,28.486666666666668,37,49.12972972972973
Falling Throne III,28.458333333333332,47,67.28936170212766
Neon Empire,28.415,42,65.45714285714286
The Lighthouse of Jakarta III,28.403333333333332,37,52.92972972972973
Scarlet Lagos II,28.333333333333332,39,50.69230769230769
Oslo Storm,28.313333333333333,48,59.979166666666664
The Cipher of Detroit III,28.235,30,68.04333333333334
Bangkok Garden IV,28.233333333333334,47,34.672340425531914
The Pact of Jakarta II,28.221666666666668,33,59.67575757575757
The Heist of Hamburg II,28.13,37,57.024324324324326
The Algorithm of Cairo II,28.10333333333333,49,57.35918367346939
Jakarta Mirror,28.076666666666668,45,49.26222222222223
The Mirror of Seoul,28.063333333333333,46,52.30217391304348
Oslo Departure IV,27.875,43,59.825581395348834
Hollow Storm III,27.856666666666666,35,62.02571428571429
Eternal Naples,27.851666666666667,27,57.833333333333336
Phantom Expedition II,27.796666666666667,36,52.641666666666666
Wild Seoul,27.721666666666668,46,66.96304347826087
Forgotten Horizon,27.71,37,44.935135135135134
The Heist of Bogota IV,27.71,37,59.9054054054054
Crooked Detroit III,27.703333333333333,47,42.1063829787234
Lisbon Syndicate III,27.665,53,43.509433962264154
Endless Empire II,27.651666666666667,42,43.41428571428572
The Requiem of Istanbul,27.428333333333335,38,60.15
Forgotten Protocol II,27.425,41,53.50487804878048
The Anatomy of Hamburg II,27.401666666666667,45,57.077777777777776
Whispering Mumbai IV,27.388333333333332,31,56.99354838709677
Lost Oslo,27.303333333333335,32,54.471875000000004
Bitter Madrid VII,27.278333333333332,38,42.65
Forgotten Oslo II,27.265,37,56.69459459459459
Electric Naples II,27.235,42,48.63333333333333
Bogota River,27.195,41,53.775609756097566
Silent Seoul II,27.123333333333335,38,57.87894736842105
Jakarta Algorithm II,27.065,27,74.24074074074075
Shattered Marseille III,26.990000000000002,46,51.01521739130435
Brilliant Bangkok III,26.941666666666666,40,58.57000000000001
Sydney Expedition,26.928333333333335,38,53.81842105263158
Cairo Circuit III,26.916666666666668,36,45.77222222222222
Sacred Seoul IV,26.898333333333333,45,62.94222222222223
Glass Protocol,26.803333333333335,37,47.23243243243243
The Odyssey of Lagos IV,26.801666666666666,58,45.45344827586207
Paper Protocol II,26.761666666666667,42,50.30476190476191
Sacred Seoul,26.756666666666668,44,52.875
Bangkok Expedition III,26.64666666666667,28,42.292857142857144
Forgotten Jakarta III,26.613333333333333,35,53.67142857142857
Whispering Seoul IV,26.586666666666666,58,46.6051724137931
Jakarta Reckoning II,26.536666666666665,38,57.38157894736842
Mumbai Paradox II,26.485,44,45.143181818181816
The Expedition of Mumbai II,26.439999999999998,48,45.916666666666664
Lisbon Kingdom,26.418333333333333,46,40.06086956521739
The Sanctuary of Berlin II,26.4,40,50.769999999999996
Bangkok Tide V,26.24,43,50.14883720930233
The Paradox of Bangkok,26.218333333333334,38,55.20789473684211
Rising Crown III,26.14,47,37.49574468085106
Quiet Lagos,26.085,44,50.81818181818182
Mumbai Lighthouse III,26.066666666666666,47,50.42340425531915
The Crown of Naples,26.013333333333332,30,50.02333333333333
Rising Syndicate,25.98,47,57.172340425531914
The Pact of Detroit,25.883333333333333,42,61.62857142857143
Lisbon Kingdom II,25.616666666666667,35,60.142857142857146
The Promise of Oslo III,25.573333333333334,37,61.894594594594594
Sacred Paradox,25.568333333333335,49,43.48571428571429
The River of Seoul III,25.483333333333334,44,53.44318181818182
Bitter Anatomy,25.445,44,43.918181818181814
Reckless Shadows V,25.378333333333334,35,63.991428571428564
The Harvest of Jakarta,25.375,35,54.37428571428571
The Cipher of Naples III,25.336666666666666,39,41.03333333333333
Naples Sanctuary II,25.303333333333335,32,40.2
The Syndicate of Madrid,25.169999999999998,40,55.5175
Scarlet Sydney III,25.136666666666667,32,76.025
The Empire of Istanbul,24.973333333333333,48,41.635416666666664
Jakarta Pact,24.868333333333332,38,40.47894736842105
The Paradox of Bogota III,24.79,47,48.67659574468085
Tokyo Lighthouse,24.636666666666667,46,46.5695652173913
The Departure of Istanbul II,24.53,47,36.84893617021277
Broken Istanbul II,24.39666666666667,37,42.089189189189185
Berlin Harvest III,24.365,38,61.06052631578948
Golden Lighthouse II,24.101666666666667,37,44.91891891891892
Berlin Algorithm III,23.993333333333332,27,59.24814814814815
Velvet Istanbul V,23.993333333333332,42,69.97142857142858
Shattered Sanctuary II,23.826666666666668,35,58.35142857142857
The Odyssey of Marseille,23.818333333333335,47,55.28297872340426
The Pact of Seoul V,23.756666666666668,51,53.74901960784313
Bogota Shadows,23.715,48,65.8625
Cairo Affair IV,23.71,46,51.54565217391304
Madrid River,23.616666666666667,40,65.62
The Garden of Lagos IV,23.606666666666666,31,57.83870967741935
Paper Hamburg III,23.561666666666667,46,51.210869565217386
Naples Cipher,23.561666666666667,35,52.440000000000005
Restless Promise,23.561666666666667,49,46.526530612244905
Naples Confession,23.328333333333333,43,57.09069767441861
The Empire of Hamburg III,23.183333333333334,51,60.621568627450976
The Heist of Seoul,23.006666666666668,41,53.44878048780488
Quiet Istanbul,22.981666666666666,37,52.48918918918919
Brilliant Promise II,22.791666666666668,51,47.884313725490195
Marseille Confession II,22.618333333333332,32,52.340625
The Harvest of Bogota III,22.546666666666667,46,60.0195652173913
Crimson Jakarta,22.371666666666666,38,44.15526315789473
Frozen Oslo,22.259999999999998,33,36.13636363636363
Marseille Shadows V,22.168333333333333,45,65.67777777777778
Silent Marseille,22.085,34,49.32647058823529
Lagos Shadows II,22.04,39,54.67948717948718
Frozen Seoul V,22.0,36,57.294444444444444
Berlin Frequency II,21.94,45,46.437777777777775
Naples Echoes II,21.865000000000002,40,45.57
The Protocol of Istanbul,21.738333333333333,48,31.96666666666667
Mumbai Circuit V,21.68,35,50.22571428571428
Phantom Naples II,21.676666666666666,30,56.306666666666665
Iron Jakarta II,21.67,37,66.3108108108108
Scarlet Bangkok V,21.656666666666666,38,63.32631578947369
Forgotten Mumbai,21.62,39,67.88717948717948
Seoul Legacy III,20.858333333333334,49,56.75102040816327
Naples Tide VI,20.7,37,33.88918918918919
Detroit Storm IV,20.655,47,51.71063829787234
Crooked Hamburg III,20.186666666666667,42,60.078571428571436
Bitter Hamburg,19.47,44,59.00909090909091
The Algorithm of Berlin,18.743333333333332,29,38.4
Marseille Reckoning III,18.571666666666665,38,57.5
Scarlet Lagos III,18.511666666666667,36,57.147222222222226
The Inheritance of Tokyo IV,18.111666666666668,38,57.20263157894736
Frozen Mirror,18.1,26,38.67307692307692
Tokyo Cipher V,16.995,46,49.25217391304348
Falling Algorithm,16.913333333333334,33,50.42121212121212
Neon Garden IV,16.813333333333333,40,49.4525
Golden Echoes II,16.8,45,49.76444444444444
Velvet Expedition,16.213333333333335,43,48.127906976744185
Velvet Garden,15.471666666666666,42,49.12380952380952
The Garden of Bangkok II,14.868333333333334,29,41.02068965517241
Cairo Confession III,14.503333333333334,36,42.41111111111111
